{
"click1":{
"sounds":[{"name":"custom/click1","stream":true}],"category":"master"},
"click2":{
"sounds":[{"name":"custom/click2","stream":true}],"category":"master"},
"click3":{
"sounds":[{"name":"custom/click3","stream":true}],"category":"master"},
"bling1":{
"sounds":[{"name":"custom/bling1","stream":true}],"category":"master"},
"bling2":{
"sounds":[{"name":"custom/bling2","stream":true}],"category":"master"},
"absorb":{
"sounds":[{"name":"custom/absorb","stream":true}],"category":"master"},
"jump":{
"sounds":[{"name":"custom/jump","stream":true}],"category":"master"},
"mind":{
"sounds":[{"name":"custom/mind","stream":true}],"category":"master"},
"rocketfire":{
"sounds":[{"name":"custom/rocketfire","stream":true}],"category":"master"},
"fireshoot":{
"sounds":[{"name":"custom/fireshoot","stream":true}],"category":"master"},
"firespawn":{
"sounds":[{"name":"custom/firespawn","stream":true}],"category":"master"},
"invis":{
"sounds":[{"name":"custom/invis","stream":true}],"category":"master"},
"slow_in":{
"sounds":[{"name":"custom/slow_in","stream":true}],"category":"master"},
"slow_out":{
"sounds":[{"name":"custom/slow_out","stream":true}],"category":"master"},
"trap1":{
"sounds":[{"name":"custom/trap1","stream":true}],"category":"master"},
"trap2":{
"sounds":[{"name":"custom/trap2","stream":true}],"category":"master"},
"openportal":{
"sounds":[{"name":"custom/openportal","stream":true}],"category":"master"}
}