{
	"__comment": "Designed by Mcmakistein with Cubik Studio - https://cubik.studio",
	"textures": {
		"particle": "custom/1",
		"texture": "custom/1"
	},
	"elements": [ 	 
		{
			"__comment": "Box1",
			"from": [ 5, 3, 9.5 ],
			"to": [ 12, 6, 14 ],
			"faces": {
				"down": { "uv": [ 4, 0, 4.5, 0.5 ], "texture": "#texture" },
				"up": { "uv": [ 4, 0, 4.5, 0.5 ], "texture": "#texture" },
				"north": { "uv": [ 4, 0, 4.5, 0.5 ], "texture": "#texture" },
				"south": { "uv": [ 4, 0, 4.5, 0.5 ], "texture": "#texture" },
				"west": { "uv": [ 4, 0, 4.5, 0.5 ], "texture": "#texture" },
				"east": { "uv": [ 4, 0, 4.5, 0.5 ], "texture": "#texture" }
			}
		},
		{
			"__comment": "Box1",
			"from": [ 5, 3.125, 6.75 ],
			"to": [ 11, 5.25, 11.875 ],
			"faces": {
				"down": { "uv": [ 7, 0, 7.5, 0.5 ], "texture": "#texture" },
				"up": { "uv": [ 7, 0, 7.5, 0.5 ], "texture": "#texture" },
				"north": { "uv": [ 7, 0, 7.5, 0.5 ], "texture": "#texture" },
				"south": { "uv": [ 7, 0, 7.5, 0.5 ], "texture": "#texture" },
				"west": { "uv": [ 7, 0, 7.5, 0.5 ], "texture": "#texture" },
				"east": { "uv": [ 7, 0, 7.5, 0.5 ], "texture": "#texture" }
			}
		},
		{
			"__comment": "Box1",
			"from": [ 9.5, 3, 6.5 ],
			"to": [ 12, 6, 9.5 ],
			"faces": {
				"down": { "uv": [ 4, 0, 4.5, 0.5 ], "texture": "#texture" },
				"up": { "uv": [ 4, 0, 4.5, 0.5 ], "texture": "#texture" },
				"north": { "uv": [ 4, 0, 4.5, 0.5 ], "texture": "#texture" },
				"south": { "uv": [ 4, 0, 4.5, 0.5 ], "texture": "#texture" },
				"west": { "uv": [ 4, 0, 4.5, 0.5 ], "texture": "#texture" },
				"east": { "uv": [ 4, 0, 4.5, 0.5 ], "texture": "#texture" }
			}
		},
		{
			"__comment": "Box1",
			"from": [ 4.5, 3.5, 6.5 ],
			"to": [ 9.5, 6, 9.5 ],
			"faces": {
				"down": { "uv": [ 4, 0, 4.5, 0.5 ], "texture": "#texture" },
				"up": { "uv": [ 4, 0, 4.5, 0.5 ], "texture": "#texture" },
				"north": { "uv": [ 4, 0, 4.5, 0.5 ], "texture": "#texture" },
				"south": { "uv": [ 4, 0, 4.5, 0.5 ], "texture": "#texture" },
				"west": { "uv": [ 4, 0, 4.5, 0.5 ], "texture": "#texture" },
				"east": { "uv": [ 4, 0, 4.5, 0.5 ], "texture": "#texture" }
			}
		},
		{
			"__comment": "Box1",
			"from": [ 2, 2.5, 5 ],
			"to": [ 5, 6.5, 14.5 ],
			"faces": {
				"down": { "uv": [ 4, 0, 4.5, 0.5 ], "texture": "#texture" },
				"up": { "uv": [ 4, 0, 4.5, 0.5 ], "texture": "#texture" },
				"north": { "uv": [ 4, 0, 4.5, 0.5 ], "texture": "#texture" },
				"south": { "uv": [ 4, 0, 4.5, 0.5 ], "texture": "#texture" },
				"west": { "uv": [ 4, 0, 4.5, 0.5 ], "texture": "#texture" },
				"east": { "uv": [ 4, 0, 4.5, 0.5 ], "texture": "#texture" }
			}
		},
		{
			"__comment": "Box1",
			"from": [ 9.25, 3.625, 3.875 ],
			"to": [ 13, 4.875, 5.625 ],
			"faces": {
				"down": { "uv": [ 4, 0, 4.5, 0.5 ], "texture": "#texture" },
				"up": { "uv": [ 4, 0, 4.5, 0.5 ], "texture": "#texture" },
				"north": { "uv": [ 4, 0, 4.5, 0.5 ], "texture": "#texture" },
				"south": { "uv": [ 4, 0, 4.5, 0.5 ], "texture": "#texture" },
				"west": { "uv": [ 4, 0, 4.5, 0.5 ], "texture": "#texture" },
				"east": { "uv": [ 4, 0, 4.5, 0.5 ], "texture": "#texture" }
			}
		},
		{
			"__comment": "Box1",
			"from": [ 9.5, 3, 6.5 ],
			"to": [ 12, 6, 11 ],
			"rotation": { "origin": [ 9.5, 3, 6.5 ], "axis": "y", "angle": -22.5 },
			"faces": {
				"down": { "uv": [ 4, 0, 4.5, 0.5 ], "texture": "#texture" },
				"up": { "uv": [ 4, 0, 4.5, 0.5 ], "texture": "#texture" },
				"north": { "uv": [ 4, 0, 4.5, 0.5 ], "texture": "#texture" },
				"south": { "uv": [ 4, 0, 4.5, 0.5 ], "texture": "#texture" },
				"west": { "uv": [ 4, 0, 4.5, 0.5 ], "texture": "#texture" },
				"east": { "uv": [ 4, 0, 4.5, 0.5 ], "texture": "#texture" }
			}
		},
		{
			"__comment": "Box1",
			"from": [ 9.5, 3, 7.5 ],
			"to": [ 12, 6, 12 ],
			"rotation": { "origin": [ 9.5, 3, 7.5 ], "axis": "y", "angle": -45 },
			"faces": {
				"down": { "uv": [ 4, 0, 4.5, 0.5 ], "texture": "#texture" },
				"up": { "uv": [ 4, 0, 4.5, 0.5 ], "texture": "#texture" },
				"north": { "uv": [ 4, 0, 4.5, 0.5 ], "texture": "#texture" },
				"south": { "uv": [ 4, 0, 4.5, 0.5 ], "texture": "#texture" },
				"west": { "uv": [ 4, 0, 4.5, 0.5 ], "texture": "#texture" },
				"east": { "uv": [ 4, 0, 4.5, 0.5 ], "texture": "#texture" }
			}
		},
		{
			"__comment": "Box1",
			"from": [ 4.5, 3, 8.5 ],
			"to": [ 9, 6, 11 ],
			"rotation": { "origin": [ 9, 3, 8.5 ], "axis": "y", "angle": 22.5 },
			"faces": {
				"down": { "uv": [ 4, 0, 4.5, 0.5 ], "texture": "#texture", "rotation": 270 },
				"up": { "uv": [ 4, 0, 4.5, 0.5 ], "texture": "#texture", "rotation": 90 },
				"north": { "uv": [ 4, 0, 4.5, 0.5 ], "texture": "#texture" },
				"south": { "uv": [ 4, 0, 4.5, 0.5 ], "texture": "#texture" },
				"west": { "uv": [ 4, 0, 4.5, 0.5 ], "texture": "#texture" },
				"east": { "uv": [ 4, 0, 4.5, 0.5 ], "texture": "#texture" }
			}
		},
		{
			"__comment": "Box1",
			"from": [ 5.5, 3.5, 4 ],
			"to": [ 9.5, 4.75, 5.5 ],
			"rotation": { "origin": [ 9.5, 3.5, 4 ], "axis": "y", "angle": 22.5 },
			"faces": {
				"down": { "uv": [ 7, 0, 7.5, 0.5 ], "texture": "#texture", "rotation": 270 },
				"up": { "uv": [ 7, 0, 7.5, 0.5 ], "texture": "#texture", "rotation": 90 },
				"north": { "uv": [ 7, 0, 7.5, 0.5 ], "texture": "#texture" },
				"south": { "uv": [ 7, 0, 7.5, 0.5 ], "texture": "#texture" },
				"west": { "uv": [ 7, 0, 7.5, 0.5 ], "texture": "#texture" },
				"east": { "uv": [ 7, 0, 7.5, 0.5 ], "texture": "#texture" }
			}
		},
		{
			"__comment": "Box1",
			"from": [ 5, 3.125, 5.5 ],
			"to": [ 7.5, 4.5, 7 ],
			"faces": {
				"down": { "uv": [ 7, 0, 7.5, 0.5 ], "texture": "#texture" },
				"up": { "uv": [ 7, 0, 7.5, 0.5 ], "texture": "#texture" },
				"north": { "uv": [ 7, 0, 7.5, 0.5 ], "texture": "#texture" },
				"south": { "uv": [ 7, 0, 7.5, 0.5 ], "texture": "#texture" },
				"west": { "uv": [ 7, 0, 7.5, 0.5 ], "texture": "#texture" },
				"east": { "uv": [ 7, 0, 7.5, 0.5 ], "texture": "#texture" }
			}
		},
		{
			"__comment": "Box1",
			"from": [ 7.5, 3.125, 5.5 ],
			"to": [ 10.5, 4.5, 7.5 ],
			"rotation": { "origin": [ 7.5, 3.125, 5.5 ], "axis": "y", "angle": -22.5 },
			"faces": {
				"down": { "uv": [ 7, 0, 7.5, 0.5 ], "texture": "#texture" },
				"up": { "uv": [ 7, 0, 7.5, 0.5 ], "texture": "#texture" },
				"north": { "uv": [ 7, 0, 7.5, 0.5 ], "texture": "#texture" },
				"south": { "uv": [ 7, 0, 7.5, 0.5 ], "texture": "#texture" },
				"west": { "uv": [ 7, 0, 7.5, 0.5 ], "texture": "#texture" },
				"east": { "uv": [ 7, 0, 7.5, 0.5 ], "texture": "#texture" }
			}
		},
		{
			"__comment": "Box1",
			"from": [ 9.5, 3.5, 4 ],
			"to": [ 13, 4.75, 5.5 ],
			"faces": {
				"down": { "uv": [ 7, 0, 7.5, 0.5 ], "texture": "#texture", "rotation": 270 },
				"up": { "uv": [ 7, 0, 7.5, 0.5 ], "texture": "#texture", "rotation": 90 },
				"north": { "uv": [ 7, 0, 7.5, 0.5 ], "texture": "#texture" },
				"south": { "uv": [ 7, 0, 7.5, 0.5 ], "texture": "#texture" },
				"west": { "uv": [ 7, 0, 7.5, 0.5 ], "texture": "#texture" },
				"east": { "uv": [ 7, 0, 7.5, 0.5 ], "texture": "#texture" }
			}
		},
		{
			"__comment": "Box1",
			"from": [ 9.5, 3.5, 4 ],
			"to": [ 11, 4.75, 8 ],
			"rotation": { "origin": [ 9.5, 3.5, 4 ], "axis": "y", "angle": -22.5 },
			"faces": {
				"down": { "uv": [ 7, 0, 7.5, 0.5 ], "texture": "#texture" },
				"up": { "uv": [ 7, 0, 7.5, 0.5 ], "texture": "#texture" },
				"north": { "uv": [ 7, 0, 7.5, 0.5 ], "texture": "#texture" },
				"south": { "uv": [ 7, 0, 7.5, 0.5 ], "texture": "#texture" },
				"west": { "uv": [ 7, 0, 7.5, 0.5 ], "texture": "#texture" },
				"east": { "uv": [ 7, 0, 7.5, 0.5 ], "texture": "#texture" }
			}
		},
		{
			"__comment": "Box1",
			"from": [ 13, 3.375, 3.875 ],
			"to": [ 14.5, 4.875, 5.625 ],
			"faces": {
				"down": { "uv": [ 4, 0, 4.5, 0.5 ], "texture": "#texture" },
				"up": { "uv": [ 4, 0, 4.5, 0.5 ], "texture": "#texture" },
				"north": { "uv": [ 4, 0, 4.5, 0.5 ], "texture": "#texture" },
				"south": { "uv": [ 4, 0, 4.5, 0.5 ], "texture": "#texture" },
				"west": { "uv": [ 4, 0, 4.5, 0.5 ], "texture": "#texture" },
				"east": { "uv": [ 4, 0, 4.5, 0.5 ], "texture": "#texture" }
			}
		},
		{
			"__comment": "Box1",
			"from": [ 4.375, 3.625, 3.875 ],
			"to": [ 9.25, 4.875, 5.75 ],
			"rotation": { "origin": [ 9.25, 3.625, 3.875 ], "axis": "y", "angle": 22.5 },
			"faces": {
				"down": { "uv": [ 4, 0, 4.5, 0.5 ], "texture": "#texture", "rotation": 270 },
				"up": { "uv": [ 4, 0, 4.5, 0.5 ], "texture": "#texture", "rotation": 90 },
				"north": { "uv": [ 4, 0, 4.5, 0.5 ], "texture": "#texture" },
				"south": { "uv": [ 4, 0, 4.5, 0.5 ], "texture": "#texture" },
				"west": { "uv": [ 4, 0, 4.5, 0.5 ], "texture": "#texture" },
				"east": { "uv": [ 4, 0, 4.5, 0.5 ], "texture": "#texture" }
			}
		},
		{
			"__comment": "Box1",
			"from": [ 7.5, 3.625, 4.5 ],
			"to": [ 9.5, 4.875, 8 ],
			"rotation": { "origin": [ 7.5, 3.625, 8 ], "axis": "y", "angle": -22.5 },
			"faces": {
				"down": { "uv": [ 4, 0, 4.5, 0.5 ], "texture": "#texture", "rotation": 90 },
				"up": { "uv": [ 4, 0, 4.5, 0.5 ], "texture": "#texture", "rotation": 270 },
				"north": { "uv": [ 4, 0, 4.5, 0.5 ], "texture": "#texture" },
				"south": { "uv": [ 4, 0, 4.5, 0.5 ], "texture": "#texture" },
				"west": { "uv": [ 4, 0, 4.5, 0.5 ], "texture": "#texture" },
				"east": { "uv": [ 4, 0, 4.5, 0.5 ], "texture": "#texture" }
			}
		},
		{
			"__comment": "Box1",
			"from": [ 4.5, 4.25, 4.9999 ],
			"to": [ 10.625, 6, 6.6249 ],
			"faces": {
				"down": { "uv": [ 4, 0, 4.5, 0.5 ], "texture": "#texture" },
				"up": { "uv": [ 4, 0, 4.5, 0.5 ], "texture": "#texture" },
				"north": { "uv": [ 4.5, 0.5, 4, 0 ], "texture": "#texture" },
				"south": { "uv": [ 4.5, 0.5, 4, 0 ], "texture": "#texture" },
				"west": { "uv": [ 4, 0, 4.5, 0.5 ], "texture": "#texture", "rotation": 180 },
				"east": { "uv": [ 4, 0, 4.5, 0.5 ], "texture": "#texture", "rotation": 180 }
			}
		},
		{
			"__comment": "Box1",
			"from": [ 4.5, 3.625, 5.375 ],
			"to": [ 8, 6, 13.875 ],
			"faces": {
				"down": { "uv": [ 4, 0, 4.5, 0.5 ], "texture": "#texture" },
				"up": { "uv": [ 4, 0, 4.5, 0.5 ], "texture": "#texture" },
				"north": { "uv": [ 4, 0, 4.5, 0.5 ], "texture": "#texture" },
				"south": { "uv": [ 4, 0, 4.5, 0.5 ], "texture": "#texture" },
				"west": { "uv": [ 4, 0, 4.5, 0.5 ], "texture": "#texture" },
				"east": { "uv": [ 4, 0, 4.5, 0.5 ], "texture": "#texture" }
			}
		},
		{
			"__comment": "Box1",
			"from": [ -7.75, 2, 4.5 ],
			"to": [ 2.25, 7, 15 ],
			"faces": {
				"down": { "uv": [ 4, 0, 4.5, 0.5 ], "texture": "#texture" },
				"up": { "uv": [ 4, 0, 4.5, 0.5 ], "texture": "#texture" },
				"north": { "uv": [ 4, 0, 4.5, 0.5 ], "texture": "#texture" },
				"south": { "uv": [ 4, 0, 4.5, 0.5 ], "texture": "#texture" },
				"west": { "uv": [ 4, 0, 4.5, 0.5 ], "texture": "#texture" },
				"east": { "uv": [ 4, 0, 4.5, 0.5 ], "texture": "#texture" }
			}
		},
		{
			"__comment": "Box1",
			"from": [ 11, 3, 6.5 ],
			"to": [ 12, 5.5, 8 ],
			"rotation": { "origin": [ 12, 3, 6.5 ], "axis": "z", "angle": -22.5 },
			"faces": {
				"down": { "uv": [ 4.5, 0.5, 4, 0 ], "texture": "#texture", "rotation": 90 },
				"up": { "uv": [ 4, 0, 4.5, 0.5 ], "texture": "#texture", "rotation": 270 },
				"north": { "uv": [ 4.5, 0.5, 4, 0 ], "texture": "#texture", "rotation": 270 },
				"south": { "uv": [ 4.5, 0.5, 4, 0 ], "texture": "#texture", "rotation": 90 },
				"west": { "uv": [ 4.5, 0.5, 4, 0 ], "texture": "#texture", "rotation": 90 },
				"east": { "uv": [ 4, 0, 4.5, 0.5 ], "texture": "#texture", "rotation": 270 }
			}
		},
		{
			"__comment": "Box1",
			"from": [ 2, 2, 5.5 ],
			"to": [ 4.5, 7, 14 ],
			"faces": {
				"down": { "uv": [ 4, 0, 4.5, 0.5 ], "texture": "#texture" },
				"up": { "uv": [ 4, 0, 4.5, 0.5 ], "texture": "#texture" },
				"north": { "uv": [ 4, 0, 4.5, 0.5 ], "texture": "#texture" },
				"south": { "uv": [ 4, 0, 4.5, 0.5 ], "texture": "#texture" },
				"west": { "uv": [ 4, 0, 4.5, 0.5 ], "texture": "#texture" },
				"east": { "uv": [ 4, 0, 4.5, 0.5 ], "texture": "#texture" }
			}
		},
		{
			"__comment": "Box1",
			"from": [ 5, 5.5, 6.5 ],
			"to": [ 5.5, 6.5, 9 ],
			"faces": {
				"down": { "uv": [ 4, 0, 4.5, 0.5 ], "texture": "#texture" },
				"up": { "uv": [ 4, 0, 4.5, 0.5 ], "texture": "#texture" },
				"north": { "uv": [ 4, 0, 4.5, 0.5 ], "texture": "#texture" },
				"south": { "uv": [ 4, 0, 4.5, 0.5 ], "texture": "#texture" },
				"west": { "uv": [ 4, 0, 4.5, 0.5 ], "texture": "#texture" },
				"east": { "uv": [ 4, 0, 4.5, 0.5 ], "texture": "#texture" }
			}
		},
		{
			"__comment": "Box1",
			"from": [ -7.75, 1.5, 5 ],
			"to": [ 2.25, 7, 14.5 ],
			"faces": {
				"down": { "uv": [ 4, 0, 4.5, 0.5 ], "texture": "#texture" },
				"up": { "uv": [ 4, 0, 4.5, 0.5 ], "texture": "#texture" },
				"north": { "uv": [ 4, 0, 4.5, 0.5 ], "texture": "#texture" },
				"south": { "uv": [ 4, 0, 4.5, 0.5 ], "texture": "#texture" },
				"west": { "uv": [ 4, 0, 4.5, 0.5 ], "texture": "#texture" },
				"east": { "uv": [ 4, 0, 4.5, 0.5 ], "texture": "#texture" }
			}
		},
		{
			"__comment": "Box1",
			"from": [ 9.75, 6, 8.5 ],
			"to": [ 11.75, 6.125, 10 ],
			"faces": {
				"down": { "uv": [ 5, 0, 5.5, 0.5 ], "texture": "#texture" },
				"up": { "uv": [ 5, 0, 5.5, 0.5 ], "texture": "#texture" },
				"north": { "uv": [ 5, 0, 5.5, 0.5 ], "texture": "#texture" },
				"south": { "uv": [ 5, 0, 5.5, 0.5 ], "texture": "#texture" },
				"west": { "uv": [ 5, 0, 5.5, 0.5 ], "texture": "#texture" },
				"east": { "uv": [ 5, 0, 5.5, 0.5 ], "texture": "#texture" }
			}
		},
		{
			"__comment": "Box1",
			"from": [ 9.75, 6, 6.5 ],
			"to": [ 11.75, 6.125, 8 ],
			"faces": {
				"down": { "uv": [ 5, 0, 5.5, 0.5 ], "texture": "#texture" },
				"up": { "uv": [ 5, 0, 5.5, 0.5 ], "texture": "#texture" },
				"north": { "uv": [ 5, 0, 5.5, 0.5 ], "texture": "#texture" },
				"south": { "uv": [ 5, 0, 5.5, 0.5 ], "texture": "#texture" },
				"west": { "uv": [ 5, 0, 5.5, 0.5 ], "texture": "#texture" },
				"east": { "uv": [ 5, 0, 5.5, 0.5 ], "texture": "#texture" }
			}
		},
		{
			"__comment": "Box1",
			"from": [ 5, 6, 9 ],
			"to": [ 8.5, 6.5, 11.5 ],
			"faces": {
				"down": { "uv": [ 5, 0, 5.5, 0.5 ], "texture": "#texture" },
				"up": { "uv": [ 5, 0, 5.5, 0.5 ], "texture": "#texture" },
				"north": { "uv": [ 5, 0, 5.5, 0.5 ], "texture": "#texture" },
				"south": { "uv": [ 5, 0, 5.5, 0.5 ], "texture": "#texture" },
				"west": { "uv": [ 5, 0, 5.5, 0.5 ], "texture": "#texture" },
				"east": { "uv": [ 5, 0, 5.5, 0.5 ], "texture": "#texture" }
			}
		},
		{
			"__comment": "Box1",
			"from": [ 9.75, 6, 12.5 ],
			"to": [ 11.75, 6.125, 14 ],
			"faces": {
				"down": { "uv": [ 5, 0, 5.5, 0.5 ], "texture": "#texture" },
				"up": { "uv": [ 5, 0, 5.5, 0.5 ], "texture": "#texture" },
				"north": { "uv": [ 5, 0, 5.5, 0.5 ], "texture": "#texture" },
				"south": { "uv": [ 5, 0, 5.5, 0.5 ], "texture": "#texture" },
				"west": { "uv": [ 5, 0, 5.5, 0.5 ], "texture": "#texture" },
				"east": { "uv": [ 5, 0, 5.5, 0.5 ], "texture": "#texture" }
			}
		},
		{
			"__comment": "Box1",
			"from": [ 9.75, 6, 10.5 ],
			"to": [ 11.75, 6.125, 12 ],
			"faces": {
				"down": { "uv": [ 5, 0, 5.5, 0.5 ], "texture": "#texture" },
				"up": { "uv": [ 5, 0, 5.5, 0.5 ], "texture": "#texture" },
				"north": { "uv": [ 5, 0, 5.5, 0.5 ], "texture": "#texture" },
				"south": { "uv": [ 5, 0, 5.5, 0.5 ], "texture": "#texture" },
				"west": { "uv": [ 5, 0, 5.5, 0.5 ], "texture": "#texture" },
				"east": { "uv": [ 5, 0, 5.5, 0.5 ], "texture": "#texture" }
			}
		},
		{
			"__comment": "Box1",
			"from": [ 5, 5.5, 11.5 ],
			"to": [ 5.5, 6.5, 13 ],
			"faces": {
				"down": { "uv": [ 4, 0, 4.5, 0.5 ], "texture": "#texture" },
				"up": { "uv": [ 4, 0, 4.5, 0.5 ], "texture": "#texture" },
				"north": { "uv": [ 4, 0, 4.5, 0.5 ], "texture": "#texture" },
				"south": { "uv": [ 4, 0, 4.5, 0.5 ], "texture": "#texture" },
				"west": { "uv": [ 4, 0, 4.5, 0.5 ], "texture": "#texture" },
				"east": { "uv": [ 4, 0, 4.5, 0.5 ], "texture": "#texture" }
			}
		},
		{
			"__comment": "Box1",
			"from": [ 10.125, 5.875, 8.875 ],
			"to": [ 11.375, 6.375, 9.625 ],
			"faces": {
				"down": { "uv": [ 12, 0, 12.5, 0.5 ], "texture": "#texture" },
				"up": { "uv": [ 12, 0, 12.5, 0.5 ], "texture": "#texture" },
				"north": { "uv": [ 12, 0, 12.5, 0.5 ], "texture": "#texture" },
				"south": { "uv": [ 12, 0, 12.5, 0.5 ], "texture": "#texture" },
				"west": { "uv": [ 12, 0, 12.5, 0.5 ], "texture": "#texture" },
				"east": { "uv": [ 12, 0, 12.5, 0.5 ], "texture": "#texture" }
			}
		},
		{
			"__comment": "Box1",
			"from": [ 10.125, 5.875, 6.875 ],
			"to": [ 11.375, 6.375, 7.625 ],
			"faces": {
				"down": { "uv": [ 9, 0, 9.5, 0.5 ], "texture": "#texture" },
				"up": { "uv": [ 9, 0, 9.5, 0.5 ], "texture": "#texture" },
				"north": { "uv": [ 9, 0, 9.5, 0.5 ], "texture": "#texture" },
				"south": { "uv": [ 9, 0, 9.5, 0.5 ], "texture": "#texture" },
				"west": { "uv": [ 9, 0, 9.5, 0.5 ], "texture": "#texture" },
				"east": { "uv": [ 9, 0, 9.5, 0.5 ], "texture": "#texture" }
			}
		},
		{
			"__comment": "Box1",
			"from": [ 10.125, 5.875, 10.875 ],
			"to": [ 11.375, 6.375, 11.625 ],
			"faces": {
				"down": { "uv": [ 10, 0, 10.5, 0.5 ], "texture": "#texture" },
				"up": { "uv": [ 10, 0, 10.5, 0.5 ], "texture": "#texture" },
				"north": { "uv": [ 10, 0, 10.5, 0.5 ], "texture": "#texture" },
				"south": { "uv": [ 10, 0, 10.5, 0.5 ], "texture": "#texture" },
				"west": { "uv": [ 10, 0, 10.5, 0.5 ], "texture": "#texture" },
				"east": { "uv": [ 10, 0, 10.5, 0.5 ], "texture": "#texture" }
			}
		},
		{
			"__comment": "Box1",
			"from": [ 10.125, 5.875, 12.875 ],
			"to": [ 11.375, 6.375, 13.625 ],
			"faces": {
				"down": { "uv": [ 11, 0, 11.5, 0.5 ], "texture": "#texture" },
				"up": { "uv": [ 11, 0, 11.5, 0.5 ], "texture": "#texture" },
				"north": { "uv": [ 11, 0, 11.5, 0.5 ], "texture": "#texture" },
				"south": { "uv": [ 11, 0, 11.5, 0.5 ], "texture": "#texture" },
				"west": { "uv": [ 11, 0, 11.5, 0.5 ], "texture": "#texture" },
				"east": { "uv": [ 11, 0, 11.5, 0.5 ], "texture": "#texture" }
			}
		},
		{
			"__comment": "Box1",
			"from": [ 5.625, 6.25, 9.625 ],
			"to": [ 7.875, 6.75, 10.875 ],
			"faces": {
				"down": { "uv": [ 8, 0, 8.5, 0.5 ], "texture": "#texture" },
				"up": { "uv": [ 8, 0, 8.5, 0.5 ], "texture": "#texture" },
				"north": { "uv": [ 8, 0, 8.5, 0.5 ], "texture": "#texture" },
				"south": { "uv": [ 8, 0, 8.5, 0.5 ], "texture": "#texture" },
				"west": { "uv": [ 8, 0, 8.5, 0.5 ], "texture": "#texture" },
				"east": { "uv": [ 8, 0, 8.5, 0.5 ], "texture": "#texture" }
			}
		},
		{
			"__comment": "Box1",
			"from": [ 5.5, 5.75, 11.5 ],
			"to": [ 8, 6.25, 11.75 ],
			"faces": {
				"down": { "uv": [ 5, 0, 5.5, 0.5 ], "texture": "#texture" },
				"up": { "uv": [ 5, 0, 5.5, 0.5 ], "texture": "#texture" },
				"north": { "uv": [ 5, 0, 5.5, 0.5 ], "texture": "#texture" },
				"south": { "uv": [ 5, 0, 5.5, 0.5 ], "texture": "#texture" },
				"west": { "uv": [ 5, 0, 5.5, 0.5 ], "texture": "#texture" },
				"east": { "uv": [ 5, 0, 5.5, 0.5 ], "texture": "#texture" }
			}
		},
		{
			"__comment": "Box1",
			"from": [ 5.5, 5.75, 8.75 ],
			"to": [ 8, 6.25, 9 ],
			"faces": {
				"down": { "uv": [ 5, 0, 5.5, 0.5 ], "texture": "#texture" },
				"up": { "uv": [ 5, 0, 5.5, 0.5 ], "texture": "#texture" },
				"north": { "uv": [ 5, 0, 5.5, 0.5 ], "texture": "#texture" },
				"south": { "uv": [ 5, 0, 5.5, 0.5 ], "texture": "#texture" },
				"west": { "uv": [ 5, 0, 5.5, 0.5 ], "texture": "#texture" },
				"east": { "uv": [ 5, 0, 5.5, 0.5 ], "texture": "#texture" }
			}
		},
		{
			"__comment": "Box1",
			"from": [ 8.5, 5.75, 9.5 ],
			"to": [ 8.75, 6.25, 11 ],
			"faces": {
				"down": { "uv": [ 5, 0, 5.5, 0.5 ], "texture": "#texture" },
				"up": { "uv": [ 5, 0, 5.5, 0.5 ], "texture": "#texture" },
				"north": { "uv": [ 5, 0, 5.5, 0.5 ], "texture": "#texture" },
				"south": { "uv": [ 5, 0, 5.5, 0.5 ], "texture": "#texture" },
				"west": { "uv": [ 5, 0, 5.5, 0.5 ], "texture": "#texture" },
				"east": { "uv": [ 5, 0, 5.5, 0.5 ], "texture": "#texture" }
			}
		},
		{
			"__comment": "Box1",
			"from": [ 5.5, 5.5, 11.75 ],
			"to": [ 6, 6.5, 13 ],
			"faces": {
				"down": { "uv": [ 4, 0, 4.5, 0.5 ], "texture": "#texture" },
				"up": { "uv": [ 4, 0, 4.5, 0.5 ], "texture": "#texture" },
				"north": { "uv": [ 4, 0, 4.5, 0.5 ], "texture": "#texture" },
				"south": { "uv": [ 4, 0, 4.5, 0.5 ], "texture": "#texture" },
				"west": { "uv": [ 4, 0, 4.5, 0.5 ], "texture": "#texture" },
				"east": { "uv": [ 4, 0, 4.5, 0.5 ], "texture": "#texture" }
			}
		},
		{
			"__comment": "Box1",
			"from": [ 5.5, 5.5, 6.5 ],
			"to": [ 6, 6.5, 8.75 ],
			"faces": {
				"down": { "uv": [ 4, 0, 4.5, 0.5 ], "texture": "#texture" },
				"up": { "uv": [ 4, 0, 4.5, 0.5 ], "texture": "#texture" },
				"north": { "uv": [ 4, 0, 4.5, 0.5 ], "texture": "#texture" },
				"south": { "uv": [ 4, 0, 4.5, 0.5 ], "texture": "#texture" },
				"west": { "uv": [ 4, 0, 4.5, 0.5 ], "texture": "#texture" },
				"east": { "uv": [ 4, 0, 4.5, 0.5 ], "texture": "#texture" }
			}
		},
		{
			"__comment": "Box1",
			"from": [ 6.8805, 3.625, 4.7523 ],
			"to": [ 8.6305, 4.875, 4.8773 ],
			"rotation": { "origin": [ 6.875, 3.625, 4.875 ], "axis": "y", "angle": 22.5 },
			"faces": {
				"down": { "uv": [ 5.5, 0.5, 5, 0 ], "texture": "#texture" },
				"up": { "uv": [ 5, 0, 5.5, 0.5 ], "texture": "#texture" },
				"north": { "uv": [ 5.5, 0.5, 5, 0 ], "texture": "#texture" },
				"south": { "uv": [ 5, 0, 5.5, 0.5 ], "texture": "#texture" },
				"west": { "uv": [ 5, 0, 5.5, 0.5 ], "texture": "#texture", "rotation": 270 },
				"east": { "uv": [ 5, 0, 5.5, 0.5 ], "texture": "#texture", "rotation": 90 }
			}
		},
		{
			"__comment": "Box1",
			"from": [ 7.125, 3.875, 4.5 ],
			"to": [ 8.25, 4.625, 5 ],
			"rotation": { "origin": [ 7.125, 3.875, 4.5 ], "axis": "y", "angle": 22.5 },
			"faces": {
				"down": { "uv": [ 13, 0, 13.5, 0.5 ], "texture": "#texture" },
				"up": { "uv": [ 13, 0, 13.5, 0.5 ], "texture": "#texture" },
				"north": { "uv": [ 13, 0, 13.5, 0.5 ], "texture": "#texture" },
				"south": { "uv": [ 13, 0, 13.5, 0.5 ], "texture": "#texture" },
				"west": { "uv": [ 13, 0, 13.5, 0.5 ], "texture": "#texture" },
				"east": { "uv": [ 13, 0, 13.5, 0.5 ], "texture": "#texture" }
			}
		},
		{
			"__comment": "Box1",
			"from": [ 12, 4.875, 6.5 ],
			"to": [ 16.5, 5.875, 8 ],
			"faces": {
				"down": { "uv": [ 4, 0, 4.5, 0.5 ], "texture": "#texture" },
				"up": { "uv": [ 4, 0, 4.5, 0.5 ], "texture": "#texture" },
				"north": { "uv": [ 4, 0, 4.5, 0.5 ], "texture": "#texture" },
				"south": { "uv": [ 4, 0, 4.5, 0.5 ], "texture": "#texture" },
				"west": { "uv": [ 4, 0, 4.5, 0.5 ], "texture": "#texture" },
				"east": { "uv": [ 4, 0, 4.5, 0.5 ], "texture": "#texture" }
			}
		},
		{
			"__comment": "Box1",
			"from": [ 11.875, 4.125, 6.625 ],
			"to": [ 16.375, 5.125, 7.875 ],
			"faces": {
				"down": { "uv": [ 14, 0, 14.5, 0.5 ], "texture": "#texture" },
				"up": { "uv": [ 14, 0, 14.5, 0.5 ], "texture": "#texture" },
				"north": { "uv": [ 14, 0, 14.5, 0.5 ], "texture": "#texture" },
				"south": { "uv": [ 14, 0, 14.5, 0.5 ], "texture": "#texture" },
				"west": { "uv": [ 14, 0, 14.5, 0.5 ], "texture": "#texture" },
				"east": { "uv": [ 14, 0, 14.5, 0.5 ], "texture": "#texture" }
			}
		},
		{
			"__comment": "Box1",
			"from": [ 11, 3, 8.5 ],
			"to": [ 12, 5.5, 10 ],
			"rotation": { "origin": [ 12, 3, 8.5 ], "axis": "z", "angle": -22.5 },
			"faces": {
				"down": { "uv": [ 4.5, 0.5, 4, 0 ], "texture": "#texture", "rotation": 90 },
				"up": { "uv": [ 4, 0, 4.5, 0.5 ], "texture": "#texture", "rotation": 270 },
				"north": { "uv": [ 4.5, 0.5, 4, 0 ], "texture": "#texture", "rotation": 270 },
				"south": { "uv": [ 4.5, 0.5, 4, 0 ], "texture": "#texture", "rotation": 90 },
				"west": { "uv": [ 4.5, 0.5, 4, 0 ], "texture": "#texture", "rotation": 90 },
				"east": { "uv": [ 4, 0, 4.5, 0.5 ], "texture": "#texture", "rotation": 270 }
			}
		},
		{
			"__comment": "Box1",
			"from": [ 11, 3, 10.5 ],
			"to": [ 12, 5.5, 12 ],
			"rotation": { "origin": [ 12, 3, 10.5 ], "axis": "z", "angle": -22.5 },
			"faces": {
				"down": { "uv": [ 4.5, 0.5, 4, 0 ], "texture": "#texture", "rotation": 90 },
				"up": { "uv": [ 4, 0, 4.5, 0.5 ], "texture": "#texture", "rotation": 270 },
				"north": { "uv": [ 4.5, 0.5, 4, 0 ], "texture": "#texture", "rotation": 270 },
				"south": { "uv": [ 4.5, 0.5, 4, 0 ], "texture": "#texture", "rotation": 90 },
				"west": { "uv": [ 4.5, 0.5, 4, 0 ], "texture": "#texture", "rotation": 90 },
				"east": { "uv": [ 4, 0, 4.5, 0.5 ], "texture": "#texture", "rotation": 270 }
			}
		},
		{
			"__comment": "Box1",
			"from": [ 11, 3, 12.5 ],
			"to": [ 12, 5.5, 14 ],
			"rotation": { "origin": [ 12, 3, 12.5 ], "axis": "z", "angle": -22.5 },
			"faces": {
				"down": { "uv": [ 4.5, 0.5, 4, 0 ], "texture": "#texture", "rotation": 90 },
				"up": { "uv": [ 4, 0, 4.5, 0.5 ], "texture": "#texture", "rotation": 270 },
				"north": { "uv": [ 4.5, 0.5, 4, 0 ], "texture": "#texture", "rotation": 270 },
				"south": { "uv": [ 4.5, 0.5, 4, 0 ], "texture": "#texture", "rotation": 90 },
				"west": { "uv": [ 4.5, 0.5, 4, 0 ], "texture": "#texture", "rotation": 90 },
				"east": { "uv": [ 4, 0, 4.5, 0.5 ], "texture": "#texture", "rotation": 270 }
			}
		},
		{
			"__comment": "Box1",
			"from": [ 12, 4.875, 8.5 ],
			"to": [ 16.5, 5.875, 10 ],
			"faces": {
				"down": { "uv": [ 4, 0, 4.5, 0.5 ], "texture": "#texture" },
				"up": { "uv": [ 4, 0, 4.5, 0.5 ], "texture": "#texture" },
				"north": { "uv": [ 4, 0, 4.5, 0.5 ], "texture": "#texture" },
				"south": { "uv": [ 4, 0, 4.5, 0.5 ], "texture": "#texture" },
				"west": { "uv": [ 4, 0, 4.5, 0.5 ], "texture": "#texture" },
				"east": { "uv": [ 4, 0, 4.5, 0.5 ], "texture": "#texture" }
			}
		},
		{
			"__comment": "Box1",
			"from": [ 12, 4.875, 10.5 ],
			"to": [ 16.5, 5.875, 12 ],
			"faces": {
				"down": { "uv": [ 4, 0, 4.5, 0.5 ], "texture": "#texture" },
				"up": { "uv": [ 4, 0, 4.5, 0.5 ], "texture": "#texture" },
				"north": { "uv": [ 4, 0, 4.5, 0.5 ], "texture": "#texture" },
				"south": { "uv": [ 4, 0, 4.5, 0.5 ], "texture": "#texture" },
				"west": { "uv": [ 4, 0, 4.5, 0.5 ], "texture": "#texture" },
				"east": { "uv": [ 4, 0, 4.5, 0.5 ], "texture": "#texture" }
			}
		},
		{
			"__comment": "Box1",
			"from": [ 12, 4.875, 12.5 ],
			"to": [ 16.5, 5.875, 14 ],
			"faces": {
				"down": { "uv": [ 4, 0, 4.5, 0.5 ], "texture": "#texture" },
				"up": { "uv": [ 4, 0, 4.5, 0.5 ], "texture": "#texture" },
				"north": { "uv": [ 4, 0, 4.5, 0.5 ], "texture": "#texture" },
				"south": { "uv": [ 4, 0, 4.5, 0.5 ], "texture": "#texture" },
				"west": { "uv": [ 4, 0, 4.5, 0.5 ], "texture": "#texture" },
				"east": { "uv": [ 4, 0, 4.5, 0.5 ], "texture": "#texture" }
			}
		},
		{
			"__comment": "Box1",
			"from": [ 11.875, 4.125, 8.625 ],
			"to": [ 16.375, 5.125, 9.875 ],
			"faces": {
				"down": { "uv": [ 14, 0, 14.5, 0.5 ], "texture": "#texture" },
				"up": { "uv": [ 14, 0, 14.5, 0.5 ], "texture": "#texture" },
				"north": { "uv": [ 14, 0, 14.5, 0.5 ], "texture": "#texture" },
				"south": { "uv": [ 14, 0, 14.5, 0.5 ], "texture": "#texture" },
				"west": { "uv": [ 14, 0, 14.5, 0.5 ], "texture": "#texture" },
				"east": { "uv": [ 14, 0, 14.5, 0.5 ], "texture": "#texture" }
			}
		},
		{
			"__comment": "Box1",
			"from": [ 11.875, 4.125, 10.625 ],
			"to": [ 16.375, 5.125, 11.875 ],
			"faces": {
				"down": { "uv": [ 14, 0, 14.5, 0.5 ], "texture": "#texture" },
				"up": { "uv": [ 14, 0, 14.5, 0.5 ], "texture": "#texture" },
				"north": { "uv": [ 14, 0, 14.5, 0.5 ], "texture": "#texture" },
				"south": { "uv": [ 14, 0, 14.5, 0.5 ], "texture": "#texture" },
				"west": { "uv": [ 14, 0, 14.5, 0.5 ], "texture": "#texture" },
				"east": { "uv": [ 14, 0, 14.5, 0.5 ], "texture": "#texture" }
			}
		},
		{
			"__comment": "Box1",
			"from": [ 11.875, 4.125, 12.625 ],
			"to": [ 16.375, 5.125, 13.875 ],
			"faces": {
				"down": { "uv": [ 14, 0, 14.5, 0.5 ], "texture": "#texture" },
				"up": { "uv": [ 14, 0, 14.5, 0.5 ], "texture": "#texture" },
				"north": { "uv": [ 14, 0, 14.5, 0.5 ], "texture": "#texture" },
				"south": { "uv": [ 14, 0, 14.5, 0.5 ], "texture": "#texture" },
				"west": { "uv": [ 14, 0, 14.5, 0.5 ], "texture": "#texture" },
				"east": { "uv": [ 14, 0, 14.5, 0.5 ], "texture": "#texture" }
			}
		},
		{
			"__comment": "Box1",
			"from": [ 4.75, 5.625, 7.75 ],
			"to": [ 7.75, 6.125, 8 ],
			"faces": {
				"down": { "uv": [ 6, 0, 6.5, 0.5 ], "texture": "#texture" },
				"up": { "uv": [ 6, 0, 6.5, 0.5 ], "texture": "#texture" },
				"north": { "uv": [ 6, 0, 6.5, 0.5 ], "texture": "#texture" },
				"south": { "uv": [ 6, 0, 6.5, 0.5 ], "texture": "#texture" },
				"west": { "uv": [ 6, 0, 6.5, 0.5 ], "texture": "#texture" },
				"east": { "uv": [ 6, 0, 6.5, 0.5 ], "texture": "#texture" }
			}
		},
		{
			"__comment": "Box1",
			"from": [ 7.75, 5.625, 7.75 ],
			"to": [ 9, 6.125, 8 ],
			"rotation": { "origin": [ 7.75, 5.625, 7.75 ], "axis": "y", "angle": -22.5 },
			"faces": {
				"down": { "uv": [ 6, 0, 6.5, 0.5 ], "texture": "#texture" },
				"up": { "uv": [ 6, 0, 6.5, 0.5 ], "texture": "#texture" },
				"north": { "uv": [ 6, 0, 6.5, 0.5 ], "texture": "#texture" },
				"south": { "uv": [ 6, 0, 6.5, 0.5 ], "texture": "#texture" },
				"west": { "uv": [ 6, 0, 6.5, 0.5 ], "texture": "#texture" },
				"east": { "uv": [ 6, 0, 6.5, 0.5 ], "texture": "#texture" }
			}
		},
		{
			"__comment": "Box1",
			"from": [ 4.75, 5.625, 12.5 ],
			"to": [ 7.75, 6.125, 12.75 ],
			"faces": {
				"down": { "uv": [ 6, 0, 6.5, 0.5 ], "texture": "#texture" },
				"up": { "uv": [ 6, 0, 6.5, 0.5 ], "texture": "#texture" },
				"north": { "uv": [ 6, 0, 6.5, 0.5 ], "texture": "#texture" },
				"south": { "uv": [ 6, 0, 6.5, 0.5 ], "texture": "#texture" },
				"west": { "uv": [ 6, 0, 6.5, 0.5 ], "texture": "#texture" },
				"east": { "uv": [ 6, 0, 6.5, 0.5 ], "texture": "#texture" }
			}
		},
		{
			"__comment": "Box1",
			"from": [ 7.75, 5.625, 12.5 ],
			"to": [ 9, 6.125, 12.75 ],
			"rotation": { "origin": [ 7.75, 5.625, 12.75 ], "axis": "y", "angle": 22.5 },
			"faces": {
				"down": { "uv": [ 6, 0, 6.5, 0.5 ], "texture": "#texture", "rotation": 90 },
				"up": { "uv": [ 6, 0, 6.5, 0.5 ], "texture": "#texture", "rotation": 270 },
				"north": { "uv": [ 6, 0, 6.5, 0.5 ], "texture": "#texture" },
				"south": { "uv": [ 6, 0, 6.5, 0.5 ], "texture": "#texture" },
				"west": { "uv": [ 6, 0, 6.5, 0.5 ], "texture": "#texture" },
				"east": { "uv": [ 6, 0, 6.5, 0.5 ], "texture": "#texture" }
			}
		},
		{
			"__comment": "Box1",
			"from": [ -7.75, 2, 5 ],
			"to": [ 2.25, 7.5, 9 ],
			"faces": {
				"down": { "uv": [ 4, 0, 4.5, 0.5 ], "texture": "#texture" },
				"up": { "uv": [ 4, 0, 4.5, 0.5 ], "texture": "#texture" },
				"north": { "uv": [ 4, 0, 4.5, 0.5 ], "texture": "#texture" },
				"south": { "uv": [ 4, 0, 4.5, 0.5 ], "texture": "#texture" },
				"west": { "uv": [ 4, 0, 4.5, 0.5 ], "texture": "#texture" },
				"east": { "uv": [ 4, 0, 4.5, 0.5 ], "texture": "#texture" }
			}
		},
		{
			"__comment": "Box1",
			"from": [ -7.75, 2, 10.5 ],
			"to": [ 2.25, 7.5, 14.5 ],
			"faces": {
				"down": { "uv": [ 4, 0, 4.5, 0.5 ], "texture": "#texture" },
				"up": { "uv": [ 4, 0, 4.5, 0.5 ], "texture": "#texture" },
				"north": { "uv": [ 4, 0, 4.5, 0.5 ], "texture": "#texture" },
				"south": { "uv": [ 4, 0, 4.5, 0.5 ], "texture": "#texture" },
				"west": { "uv": [ 4, 0, 4.5, 0.5 ], "texture": "#texture" },
				"east": { "uv": [ 4, 0, 4.5, 0.5 ], "texture": "#texture" }
			}
		},
		{
			"__comment": "Box1",
			"from": [ -7.75, 2, 9 ],
			"to": [ -6.75, 7.5, 10.5 ],
			"faces": {
				"down": { "uv": [ 4, 0, 4.5, 0.5 ], "texture": "#texture" },
				"up": { "uv": [ 4, 0, 4.5, 0.5 ], "texture": "#texture" },
				"north": { "uv": [ 4, 0, 4.5, 0.5 ], "texture": "#texture" },
				"south": { "uv": [ 4, 0, 4.5, 0.5 ], "texture": "#texture" },
				"west": { "uv": [ 4, 0, 4.5, 0.5 ], "texture": "#texture" },
				"east": { "uv": [ 4, 0, 4.5, 0.5 ], "texture": "#texture" }
			}
		},
		{
			"__comment": "Box1",
			"from": [ -6.75, 6.25, 9 ],
			"to": [ 2.25, 7.25, 10.5 ],
			"faces": {
				"down": { "uv": [ 4, 0, 4.5, 0.5 ], "texture": "#texture" },
				"up": { "uv": [ 6.5, 0, 7, 0.5 ], "texture": "#texture" },
				"north": { "uv": [ 4, 0, 4.5, 0.5 ], "texture": "#texture" },
				"south": { "uv": [ 4, 0, 4.5, 0.5 ], "texture": "#texture" },
				"west": { "uv": [ 4, 0, 4.5, 0.5 ], "texture": "#texture" },
				"east": { "uv": [ 4, 0, 4.5, 0.5 ], "texture": "#texture" }
			}
		},
		{
			"__comment": "Box1",
			"from": [ 1.5, 6.5, 9.625 ],
			"to": [ 3.25, 7.5, 9.876 ],
			"faces": {
				"down": { "uv": [ 4, 0, 4.5, 0.5 ], "texture": "#texture" },
				"up": { "uv": [ 4, 0, 4.5, 0.5 ], "texture": "#texture" },
				"north": { "uv": [ 4, 0, 4.5, 0.5 ], "texture": "#texture" },
				"south": { "uv": [ 4, 0, 4.5, 0.5 ], "texture": "#texture" },
				"west": { "uv": [ 4, 0, 4.5, 0.5 ], "texture": "#texture" },
				"east": { "uv": [ 4, 0, 4.5, 0.5 ], "texture": "#texture" }
			}
		},
		{
			"__comment": "Box1",
			"from": [ 2, 6.5, 8 ],
			"to": [ 4, 7.5, 9 ],
			"rotation": { "origin": [ 2, 6.5, 8 ], "axis": "y", "angle": -45 },
			"faces": {
				"down": { "uv": [ 4, 0, 4.5, 0.5 ], "texture": "#texture" },
				"up": { "uv": [ 4, 0, 4.5, 0.5 ], "texture": "#texture" },
				"north": { "uv": [ 4, 0, 4.5, 0.5 ], "texture": "#texture" },
				"south": { "uv": [ 4, 0, 4.5, 0.5 ], "texture": "#texture" },
				"west": { "uv": [ 4, 0, 4.5, 0.5 ], "texture": "#texture" },
				"east": { "uv": [ 4, 0, 4.5, 0.5 ], "texture": "#texture" }
			}
		},
		{
			"__comment": "Box1",
			"from": [ 2, 6.5, 10.5 ],
			"to": [ 4, 7.5, 11.5 ],
			"rotation": { "origin": [ 2, 6.5, 11.5 ], "axis": "y", "angle": 45 },
			"faces": {
				"down": { "uv": [ 4, 0, 4.5, 0.5 ], "texture": "#texture", "rotation": 90 },
				"up": { "uv": [ 4, 0, 4.5, 0.5 ], "texture": "#texture", "rotation": 270 },
				"north": { "uv": [ 4, 0, 4.5, 0.5 ], "texture": "#texture" },
				"south": { "uv": [ 4, 0, 4.5, 0.5 ], "texture": "#texture" },
				"west": { "uv": [ 4, 0, 4.5, 0.5 ], "texture": "#texture" },
				"east": { "uv": [ 4, 0, 4.5, 0.5 ], "texture": "#texture" }
			}
		},
		{
			"__comment": "Box1",
			"from": [ 2.5, 6.5, 9.375 ],
			"to": [ 3.375, 7.5, 10.125 ],
			"faces": {
				"down": { "uv": [ 4, 0, 4.5, 0.5 ], "texture": "#texture" },
				"up": { "uv": [ 4, 0, 4.5, 0.5 ], "texture": "#texture" },
				"north": { "uv": [ 4, 0, 4.5, 0.5 ], "texture": "#texture" },
				"south": { "uv": [ 4, 0, 4.5, 0.5 ], "texture": "#texture" },
				"west": { "uv": [ 4, 0, 4.5, 0.5 ], "texture": "#texture" },
				"east": { "uv": [ 4, 0, 4.5, 0.5 ], "texture": "#texture" }
			}
		},
		{
			"__comment": "Box1",
			"from": [ 3.375, 6.625, 9.375 ],
			"to": [ 4.375, 7.5, 10.125 ],
			"rotation": { "origin": [ 3.375, 7.5, 9.375 ], "axis": "z", "angle": -45 },
			"faces": {
				"down": { "uv": [ 4, 0, 4.5, 0.5 ], "texture": "#texture", "rotation": 90 },
				"up": { "uv": [ 4.5, 0.5, 4, 0 ], "texture": "#texture", "rotation": 270 },
				"north": { "uv": [ 4.5, 0.5, 4, 0 ], "texture": "#texture", "rotation": 90 },
				"south": { "uv": [ 4.5, 0.5, 4, 0 ], "texture": "#texture", "rotation": 270 },
				"west": { "uv": [ 4.5, 0.5, 4, 0 ], "texture": "#texture", "rotation": 270 },
				"east": { "uv": [ 4, 0, 4.5, 0.5 ], "texture": "#texture", "rotation": 90 }
			}
		},
		{
			"__comment": "Box1",
			"from": [ 1.875, 6.5, 9.625 ],
			"to": [ 2.375, 7.5, 9.876 ],
			"rotation": { "origin": [ 1.875, 6.5, 9.625 ], "axis": "y", "angle": 22.5 },
			"faces": {
				"down": { "uv": [ 4, 0, 4.5, 0.5 ], "texture": "#texture" },
				"up": { "uv": [ 4, 0, 4.5, 0.5 ], "texture": "#texture" },
				"north": { "uv": [ 4, 0, 4.5, 0.5 ], "texture": "#texture" },
				"south": { "uv": [ 4, 0, 4.5, 0.5 ], "texture": "#texture" },
				"west": { "uv": [ 4, 0, 4.5, 0.5 ], "texture": "#texture" },
				"east": { "uv": [ 4, 0, 4.5, 0.5 ], "texture": "#texture" }
			}
		},
		{
			"__comment": "Box1",
			"from": [ 1.875, 6.5, 9.625 ],
			"to": [ 2.375, 7.5, 9.875 ],
			"rotation": { "origin": [ 1.875, 6.5, 9.875 ], "axis": "y", "angle": -22.5 },
			"faces": {
				"down": { "uv": [ 4, 0, 4.5, 0.5 ], "texture": "#texture", "rotation": 180 },
				"up": { "uv": [ 4, 0, 4.5, 0.5 ], "texture": "#texture", "rotation": 180 },
				"north": { "uv": [ 4, 0, 4.5, 0.5 ], "texture": "#texture" },
				"south": { "uv": [ 4, 0, 4.5, 0.5 ], "texture": "#texture" },
				"west": { "uv": [ 4, 0, 4.5, 0.5 ], "texture": "#texture" },
				"east": { "uv": [ 4, 0, 4.5, 0.5 ], "texture": "#texture" }
			}
		},
		{
			"__comment": "Box1",
			"from": [ -7, 6.875, 9.625 ],
			"to": [ 0.875, 7.375, 9.875 ],
			"faces": {
				"down": { "uv": [ 9, 0, 9.5, 0.5 ], "texture": "#texture" },
				"up": { "uv": [ 9, 0, 9.5, 0.5 ], "texture": "#texture" },
				"north": { "uv": [ 9, 0, 9.5, 0.5 ], "texture": "#texture" },
				"south": { "uv": [ 9, 0, 9.5, 0.5 ], "texture": "#texture" },
				"west": { "uv": [ 9, 0, 9.5, 0.5 ], "texture": "#texture" },
				"east": { "uv": [ 9, 0, 9.5, 0.5 ], "texture": "#texture" }
			}
		},
		{
			"__comment": "Box1",
			"from": [ 0.875, 6.875, 9.625 ],
			"to": [ 2.375, 7.375, 9.875 ],
			"rotation": { "origin": [ 0.875, 6.875, 9.625 ], "axis": "y", "angle": -45 },
			"faces": {
				"down": { "uv": [ 9, 0, 9.5, 0.5 ], "texture": "#texture" },
				"up": { "uv": [ 9, 0, 9.5, 0.5 ], "texture": "#texture" },
				"north": { "uv": [ 9, 0, 9.5, 0.5 ], "texture": "#texture" },
				"south": { "uv": [ 9, 0, 9.5, 0.5 ], "texture": "#texture" },
				"west": { "uv": [ 9, 0, 9.5, 0.5 ], "texture": "#texture" },
				"east": { "uv": [ 9, 0, 9.5, 0.5 ], "texture": "#texture" }
			}
		},
		{
			"__comment": "Box1",
			"from": [ 0.875, 6.875, 9.625 ],
			"to": [ 2.376, 7.375, 9.875 ],
			"rotation": { "origin": [ 0.875, 6.875, 9.875 ], "axis": "y", "angle": 45 },
			"faces": {
				"down": { "uv": [ 9, 0, 9.5, 0.5 ], "texture": "#texture", "rotation": 180 },
				"up": { "uv": [ 9, 0, 9.5, 0.5 ], "texture": "#texture", "rotation": 180 },
				"north": { "uv": [ 9, 0, 9.5, 0.5 ], "texture": "#texture" },
				"south": { "uv": [ 9, 0, 9.5, 0.5 ], "texture": "#texture" },
				"west": { "uv": [ 9, 0, 9.5, 0.5 ], "texture": "#texture" },
				"east": { "uv": [ 9, 0, 9.5, 0.5 ], "texture": "#texture" }
			}
		},
		{
			"__comment": "Box1",
			"from": [ 0.375, 6.875, 8.374 ],
			"to": [ 0.625, 7.375, 9.875 ],
			"rotation": { "origin": [ 0.625, 6.875, 9.875 ], "axis": "y", "angle": -22.5 },
			"faces": {
				"down": { "uv": [ 9, 0, 9.5, 0.5 ], "texture": "#texture", "rotation": 270 },
				"up": { "uv": [ 9, 0, 9.5, 0.5 ], "texture": "#texture", "rotation": 90 },
				"north": { "uv": [ 9, 0, 9.5, 0.5 ], "texture": "#texture" },
				"south": { "uv": [ 9, 0, 9.5, 0.5 ], "texture": "#texture" },
				"west": { "uv": [ 9, 0, 9.5, 0.5 ], "texture": "#texture" },
				"east": { "uv": [ 9, 0, 9.5, 0.5 ], "texture": "#texture" }
			}
		},
		{
			"__comment": "Box1",
			"from": [ 0.375, 6.875, 9.625 ],
			"to": [ 0.625, 7.375, 11.125 ],
			"rotation": { "origin": [ 0.625, 6.875, 9.625 ], "axis": "y", "angle": 22.5 },
			"faces": {
				"down": { "uv": [ 9, 0, 9.5, 0.5 ], "texture": "#texture", "rotation": 270 },
				"up": { "uv": [ 9, 0, 9.5, 0.5 ], "texture": "#texture", "rotation": 90 },
				"north": { "uv": [ 9, 0, 9.5, 0.5 ], "texture": "#texture" },
				"south": { "uv": [ 9, 0, 9.5, 0.5 ], "texture": "#texture" },
				"west": { "uv": [ 9, 0, 9.5, 0.5 ], "texture": "#texture" },
				"east": { "uv": [ 9, 0, 9.5, 0.5 ], "texture": "#texture" }
			}
		},
		{
			"__comment": "Box1",
			"from": [ 0.25, 6.875, 9 ],
			"to": [ 0.5, 7.375, 11.125 ],
			"rotation": { "origin": [ 0.5, 6.875, 9 ], "axis": "y", "angle": -22.5 },
			"faces": {
				"down": { "uv": [ 9, 0, 9.5, 0.5 ], "texture": "#texture", "rotation": 270 },
				"up": { "uv": [ 9, 0, 9.5, 0.5 ], "texture": "#texture", "rotation": 90 },
				"north": { "uv": [ 9, 0, 9.5, 0.5 ], "texture": "#texture" },
				"south": { "uv": [ 9, 0, 9.5, 0.5 ], "texture": "#texture" },
				"west": { "uv": [ 9, 0, 9.5, 0.5 ], "texture": "#texture" },
				"east": { "uv": [ 9, 0, 9.5, 0.5 ], "texture": "#texture" }
			}
		},
		{
			"__comment": "Box1",
			"from": [ 0.25, 6.875, 8.374 ],
			"to": [ 0.5, 7.375, 10.5 ],
			"rotation": { "origin": [ 0.5, 6.875, 10.5 ], "axis": "y", "angle": 22.5 },
			"faces": {
				"down": { "uv": [ 9, 0, 9.5, 0.5 ], "texture": "#texture", "rotation": 270 },
				"up": { "uv": [ 9, 0, 9.5, 0.5 ], "texture": "#texture", "rotation": 90 },
				"north": { "uv": [ 9, 0, 9.5, 0.5 ], "texture": "#texture" },
				"south": { "uv": [ 9, 0, 9.5, 0.5 ], "texture": "#texture" },
				"west": { "uv": [ 9, 0, 9.5, 0.5 ], "texture": "#texture" },
				"east": { "uv": [ 9, 0, 9.5, 0.5 ], "texture": "#texture" }
			}
		},
		{
			"__comment": "Box1",
			"from": [ -0.75, 6.875, 9 ],
			"to": [ -0.5, 7.375, 11.125 ],
			"rotation": { "origin": [ -0.5, 6.875, 9 ], "axis": "y", "angle": -22.5 },
			"faces": {
				"down": { "uv": [ 9, 0, 9.5, 0.5 ], "texture": "#texture", "rotation": 270 },
				"up": { "uv": [ 9, 0, 9.5, 0.5 ], "texture": "#texture", "rotation": 90 },
				"north": { "uv": [ 9, 0, 9.5, 0.5 ], "texture": "#texture" },
				"south": { "uv": [ 9, 0, 9.5, 0.5 ], "texture": "#texture" },
				"west": { "uv": [ 9, 0, 9.5, 0.5 ], "texture": "#texture" },
				"east": { "uv": [ 9, 0, 9.5, 0.5 ], "texture": "#texture" }
			}
		},
		{
			"__comment": "Box1",
			"from": [ -0.75, 6.875, 8.374 ],
			"to": [ -0.5, 7.375, 10.5 ],
			"rotation": { "origin": [ -0.5, 6.875, 10.5 ], "axis": "y", "angle": 22.5 },
			"faces": {
				"down": { "uv": [ 9, 0, 9.5, 0.5 ], "texture": "#texture", "rotation": 270 },
				"up": { "uv": [ 9, 0, 9.5, 0.5 ], "texture": "#texture", "rotation": 90 },
				"north": { "uv": [ 9, 0, 9.5, 0.5 ], "texture": "#texture" },
				"south": { "uv": [ 9, 0, 9.5, 0.5 ], "texture": "#texture" },
				"west": { "uv": [ 9, 0, 9.5, 0.5 ], "texture": "#texture" },
				"east": { "uv": [ 9, 0, 9.5, 0.5 ], "texture": "#texture" }
			}
		},
		{
			"__comment": "Box1",
			"from": [ -1.75, 6.875, 9 ],
			"to": [ -1.5, 7.375, 11.125 ],
			"rotation": { "origin": [ -1.5, 6.875, 9 ], "axis": "y", "angle": -22.5 },
			"faces": {
				"down": { "uv": [ 9, 0, 9.5, 0.5 ], "texture": "#texture", "rotation": 270 },
				"up": { "uv": [ 9, 0, 9.5, 0.5 ], "texture": "#texture", "rotation": 90 },
				"north": { "uv": [ 9, 0, 9.5, 0.5 ], "texture": "#texture" },
				"south": { "uv": [ 9, 0, 9.5, 0.5 ], "texture": "#texture" },
				"west": { "uv": [ 9, 0, 9.5, 0.5 ], "texture": "#texture" },
				"east": { "uv": [ 9, 0, 9.5, 0.5 ], "texture": "#texture" }
			}
		},
		{
			"__comment": "Box1",
			"from": [ -1.75, 6.875, 8.374 ],
			"to": [ -1.5, 7.375, 10.5 ],
			"rotation": { "origin": [ -1.5, 6.875, 10.5 ], "axis": "y", "angle": 22.5 },
			"faces": {
				"down": { "uv": [ 9, 0, 9.5, 0.5 ], "texture": "#texture", "rotation": 270 },
				"up": { "uv": [ 9, 0, 9.5, 0.5 ], "texture": "#texture", "rotation": 90 },
				"north": { "uv": [ 9, 0, 9.5, 0.5 ], "texture": "#texture" },
				"south": { "uv": [ 9, 0, 9.5, 0.5 ], "texture": "#texture" },
				"west": { "uv": [ 9, 0, 9.5, 0.5 ], "texture": "#texture" },
				"east": { "uv": [ 9, 0, 9.5, 0.5 ], "texture": "#texture" }
			}
		},
		{
			"__comment": "Box1",
			"from": [ -2.75, 6.875, 9 ],
			"to": [ -2.5, 7.375, 11.125 ],
			"rotation": { "origin": [ -2.5, 6.875, 9 ], "axis": "y", "angle": -22.5 },
			"faces": {
				"down": { "uv": [ 9, 0, 9.5, 0.5 ], "texture": "#texture", "rotation": 270 },
				"up": { "uv": [ 9, 0, 9.5, 0.5 ], "texture": "#texture", "rotation": 90 },
				"north": { "uv": [ 9, 0, 9.5, 0.5 ], "texture": "#texture" },
				"south": { "uv": [ 9, 0, 9.5, 0.5 ], "texture": "#texture" },
				"west": { "uv": [ 9, 0, 9.5, 0.5 ], "texture": "#texture" },
				"east": { "uv": [ 9, 0, 9.5, 0.5 ], "texture": "#texture" }
			}
		},
		{
			"__comment": "Box1",
			"from": [ -2.75, 6.875, 8.374 ],
			"to": [ -2.5, 7.375, 10.5 ],
			"rotation": { "origin": [ -2.5, 6.875, 10.5 ], "axis": "y", "angle": 22.5 },
			"faces": {
				"down": { "uv": [ 9, 0, 9.5, 0.5 ], "texture": "#texture", "rotation": 270 },
				"up": { "uv": [ 9, 0, 9.5, 0.5 ], "texture": "#texture", "rotation": 90 },
				"north": { "uv": [ 9, 0, 9.5, 0.5 ], "texture": "#texture" },
				"south": { "uv": [ 9, 0, 9.5, 0.5 ], "texture": "#texture" },
				"west": { "uv": [ 9, 0, 9.5, 0.5 ], "texture": "#texture" },
				"east": { "uv": [ 9, 0, 9.5, 0.5 ], "texture": "#texture" }
			}
		},
		{
			"__comment": "Box1",
			"from": [ -3.75, 6.875, 9 ],
			"to": [ -3.5, 7.375, 11.125 ],
			"rotation": { "origin": [ -3.5, 6.875, 9 ], "axis": "y", "angle": -22.5 },
			"faces": {
				"down": { "uv": [ 9, 0, 9.5, 0.5 ], "texture": "#texture", "rotation": 270 },
				"up": { "uv": [ 9, 0, 9.5, 0.5 ], "texture": "#texture", "rotation": 90 },
				"north": { "uv": [ 9, 0, 9.5, 0.5 ], "texture": "#texture" },
				"south": { "uv": [ 9, 0, 9.5, 0.5 ], "texture": "#texture" },
				"west": { "uv": [ 9, 0, 9.5, 0.5 ], "texture": "#texture" },
				"east": { "uv": [ 9, 0, 9.5, 0.5 ], "texture": "#texture" }
			}
		},
		{
			"__comment": "Box1",
			"from": [ -3.75, 6.875, 8.374 ],
			"to": [ -3.5, 7.375, 10.5 ],
			"rotation": { "origin": [ -3.5, 6.875, 10.5 ], "axis": "y", "angle": 22.5 },
			"faces": {
				"down": { "uv": [ 9, 0, 9.5, 0.5 ], "texture": "#texture", "rotation": 270 },
				"up": { "uv": [ 9, 0, 9.5, 0.5 ], "texture": "#texture", "rotation": 90 },
				"north": { "uv": [ 9, 0, 9.5, 0.5 ], "texture": "#texture" },
				"south": { "uv": [ 9, 0, 9.5, 0.5 ], "texture": "#texture" },
				"west": { "uv": [ 9, 0, 9.5, 0.5 ], "texture": "#texture" },
				"east": { "uv": [ 9, 0, 9.5, 0.5 ], "texture": "#texture" }
			}
		},
		{
			"__comment": "Box1",
			"from": [ -7, 6.875, 9.5 ],
			"to": [ -1.875, 7.375, 10 ],
			"faces": {
				"down": { "uv": [ 9, 0, 9.5, 0.5 ], "texture": "#texture" },
				"up": { "uv": [ 9, 0, 9.5, 0.5 ], "texture": "#texture" },
				"north": { "uv": [ 9, 0, 9.5, 0.5 ], "texture": "#texture" },
				"south": { "uv": [ 9, 0, 9.5, 0.5 ], "texture": "#texture" },
				"west": { "uv": [ 9, 0, 9.5, 0.5 ], "texture": "#texture" },
				"east": { "uv": [ 9, 0, 9.5, 0.5 ], "texture": "#texture" }
			}
		},
		{
			"__comment": "Box1",
			"from": [ -6.75, 6.875, 8.499 ],
			"to": [ -6.5, 7.375, 10 ],
			"rotation": { "origin": [ -6.5, 6.875, 10 ], "axis": "y", "angle": -22.5 },
			"faces": {
				"down": { "uv": [ 9, 0, 9.5, 0.5 ], "texture": "#texture", "rotation": 270 },
				"up": { "uv": [ 9, 0, 9.5, 0.5 ], "texture": "#texture", "rotation": 90 },
				"north": { "uv": [ 9, 0, 9.5, 0.5 ], "texture": "#texture" },
				"south": { "uv": [ 9, 0, 9.5, 0.5 ], "texture": "#texture" },
				"west": { "uv": [ 9, 0, 9.5, 0.5 ], "texture": "#texture" },
				"east": { "uv": [ 9, 0, 9.5, 0.5 ], "texture": "#texture" }
			}
		},
		{
			"__comment": "Box1",
			"from": [ -6.75, 6.875, 9.5 ],
			"to": [ -6.5, 7.375, 11 ],
			"rotation": { "origin": [ -6.5, 6.875, 9.5 ], "axis": "y", "angle": 22.5 },
			"faces": {
				"down": { "uv": [ 9, 0, 9.5, 0.5 ], "texture": "#texture", "rotation": 270 },
				"up": { "uv": [ 9, 0, 9.5, 0.5 ], "texture": "#texture", "rotation": 90 },
				"north": { "uv": [ 9, 0, 9.5, 0.5 ], "texture": "#texture" },
				"south": { "uv": [ 9, 0, 9.5, 0.5 ], "texture": "#texture" },
				"west": { "uv": [ 9, 0, 9.5, 0.5 ], "texture": "#texture" },
				"east": { "uv": [ 9, 0, 9.5, 0.5 ], "texture": "#texture" }
			}
		},
		{
			"__comment": "Box1",
			"from": [ -6.25, 6.875, 9.5 ],
			"to": [ -6, 7.375, 11 ],
			"rotation": { "origin": [ -6, 6.875, 9.5 ], "axis": "y", "angle": 22.5 },
			"faces": {
				"down": { "uv": [ 9, 0, 9.5, 0.5 ], "texture": "#texture", "rotation": 270 },
				"up": { "uv": [ 9, 0, 9.5, 0.5 ], "texture": "#texture", "rotation": 90 },
				"north": { "uv": [ 9, 0, 9.5, 0.5 ], "texture": "#texture" },
				"south": { "uv": [ 9, 0, 9.5, 0.5 ], "texture": "#texture" },
				"west": { "uv": [ 9, 0, 9.5, 0.5 ], "texture": "#texture" },
				"east": { "uv": [ 9, 0, 9.5, 0.5 ], "texture": "#texture" }
			}
		},
		{
			"__comment": "Box1",
			"from": [ -6.25, 6.875, 8.499 ],
			"to": [ -6, 7.375, 10 ],
			"rotation": { "origin": [ -6, 6.875, 10 ], "axis": "y", "angle": -22.5 },
			"faces": {
				"down": { "uv": [ 9, 0, 9.5, 0.5 ], "texture": "#texture", "rotation": 270 },
				"up": { "uv": [ 9, 0, 9.5, 0.5 ], "texture": "#texture", "rotation": 90 },
				"north": { "uv": [ 9, 0, 9.5, 0.5 ], "texture": "#texture" },
				"south": { "uv": [ 9, 0, 9.5, 0.5 ], "texture": "#texture" },
				"west": { "uv": [ 9, 0, 9.5, 0.5 ], "texture": "#texture" },
				"east": { "uv": [ 9, 0, 9.5, 0.5 ], "texture": "#texture" }
			}
		},
		{
			"__comment": "Box1",
			"from": [ -5.75, 6.875, 8.499 ],
			"to": [ -5.5, 7.375, 10 ],
			"rotation": { "origin": [ -5.5, 6.875, 10 ], "axis": "y", "angle": -45 },
			"faces": {
				"down": { "uv": [ 9, 0, 9.5, 0.5 ], "texture": "#texture", "rotation": 270 },
				"up": { "uv": [ 9, 0, 9.5, 0.5 ], "texture": "#texture", "rotation": 90 },
				"north": { "uv": [ 9, 0, 9.5, 0.5 ], "texture": "#texture" },
				"south": { "uv": [ 9, 0, 9.5, 0.5 ], "texture": "#texture" },
				"west": { "uv": [ 9, 0, 9.5, 0.5 ], "texture": "#texture" },
				"east": { "uv": [ 9, 0, 9.5, 0.5 ], "texture": "#texture" }
			}
		},
		{
			"__comment": "Box1",
			"from": [ -5.75, 6.875, 9.5 ],
			"to": [ -5.5, 7.375, 11 ],
			"rotation": { "origin": [ -5.5, 6.875, 9.5 ], "axis": "y", "angle": 45 },
			"faces": {
				"down": { "uv": [ 9, 0, 9.5, 0.5 ], "texture": "#texture", "rotation": 270 },
				"up": { "uv": [ 9, 0, 9.5, 0.5 ], "texture": "#texture", "rotation": 90 },
				"north": { "uv": [ 9, 0, 9.5, 0.5 ], "texture": "#texture" },
				"south": { "uv": [ 9, 0, 9.5, 0.5 ], "texture": "#texture" },
				"west": { "uv": [ 9, 0, 9.5, 0.5 ], "texture": "#texture" },
				"east": { "uv": [ 9, 0, 9.5, 0.5 ], "texture": "#texture" }
			}
		},
		{
			"__comment": "Box1",
			"from": [ -4.125, 7, 8.75 ],
			"to": [ -3.75, 7.375, 10.625 ],
			"faces": {
				"down": { "uv": [ 9, 0, 9.5, 0.5 ], "texture": "#texture" },
				"up": { "uv": [ 9, 0, 9.5, 0.5 ], "texture": "#texture" },
				"north": { "uv": [ 9, 0, 9.5, 0.5 ], "texture": "#texture" },
				"south": { "uv": [ 9, 0, 9.5, 0.5 ], "texture": "#texture" },
				"west": { "uv": [ 9, 0, 9.5, 0.5 ], "texture": "#texture" },
				"east": { "uv": [ 9, 0, 9.5, 0.5 ], "texture": "#texture" }
			}
		},
		{
			"__comment": "Box1",
			"from": [ -2.125, 7, 9 ],
			"to": [ -1.75, 7.375, 10.875 ],
			"faces": {
				"down": { "uv": [ 9, 0, 9.5, 0.5 ], "texture": "#texture" },
				"up": { "uv": [ 9, 0, 9.5, 0.5 ], "texture": "#texture" },
				"north": { "uv": [ 9, 0, 9.5, 0.5 ], "texture": "#texture" },
				"south": { "uv": [ 9, 0, 9.5, 0.5 ], "texture": "#texture" },
				"west": { "uv": [ 9, 0, 9.5, 0.5 ], "texture": "#texture" },
				"east": { "uv": [ 9, 0, 9.5, 0.5 ], "texture": "#texture" }
			}
		},
		{
			"__comment": "Box1",
			"from": [ 6.75, 5.625, 12.5 ],
			"to": [ 8, 6.125, 12.75 ],
			"rotation": { "origin": [ 6.75, 5.625, 12.75 ], "axis": "y", "angle": -22.5 },
			"faces": {
				"down": { "uv": [ 6, 0, 6.5, 0.5 ], "texture": "#texture", "rotation": 90 },
				"up": { "uv": [ 6, 0, 6.5, 0.5 ], "texture": "#texture", "rotation": 270 },
				"north": { "uv": [ 6, 0, 6.5, 0.5 ], "texture": "#texture" },
				"south": { "uv": [ 6, 0, 6.5, 0.5 ], "texture": "#texture" },
				"west": { "uv": [ 6, 0, 6.5, 0.5 ], "texture": "#texture" },
				"east": { "uv": [ 6, 0, 6.5, 0.5 ], "texture": "#texture" }
			}
		},
		{
			"__comment": "Box1",
			"from": [ 6.75, 5.625, 7.75 ],
			"to": [ 8, 6.125, 8 ],
			"rotation": { "origin": [ 6.75, 5.625, 7.75 ], "axis": "y", "angle": 22.5 },
			"faces": {
				"down": { "uv": [ 6, 0, 6.5, 0.5 ], "texture": "#texture" },
				"up": { "uv": [ 6, 0, 6.5, 0.5 ], "texture": "#texture" },
				"north": { "uv": [ 6, 0, 6.5, 0.5 ], "texture": "#texture" },
				"south": { "uv": [ 6, 0, 6.5, 0.5 ], "texture": "#texture" },
				"west": { "uv": [ 6, 0, 6.5, 0.5 ], "texture": "#texture" },
				"east": { "uv": [ 6, 0, 6.5, 0.5 ], "texture": "#texture" }
			}
		}
	],
	"display": {
		"thirdperson_righthand": {
			"rotation":  [ 90, 0, -90 ],
			"translation":  [ 2.6, -1, -3.5 ],
			"scale":  [ 0.55, 0.75, 0.55 ]
		},
		"thirdperson_lefthand": {
			"rotation":  [ 90, 0, -90 ],
			"translation":  [ 2.6, -1, -3.5 ],
			"scale":  [ -0.55, 0.75, 0.55 ]
		},
		"firstperson_righthand": {
			"rotation":  [ -78, 97, 111 ],
			"translation":  [ 9.0423, 4.1748, -12.51 ]
		},
		"firstperson_lefthand": {
			"scale":  [ 0.0001, 0.0001, 0.0001 ]
		},
		"gui": {
			"rotation":  [ 59, 135, -14 ],
			"translation":  [ -3.478, 2.0869, 16 ],
			"scale":  [ 0.7, 0.7, 0.7 ]
		},
		"head": {
			"rotation":  [ -90, -90, 0 ],
			"translation":  [ 1.3913, -6.956, -6.26 ],
			"scale":  [ 2, 2, 2 ]
		},
		"ground": {
			"rotation":  [ 20, 25, 0 ],
			"translation":  [ 4.8695, 3.4782, -2.086 ],
			"scale":  [ 0.5, 0.5, 0.5 ]
		}
	}
}