{
	"parent": "item/handheld",
	"textures": {
		"layer0": "item/diamond_sword"
	},
	"overrides": [
		{ "predicate": {"damaged": 0, "damage": 0}, "model": "item/select0"},
		{ "predicate": {"damaged": 0, "damage": 0.0006402048655569782}, "model": "item/select1"},
		{ "predicate": {"damaged": 0, "damage": 0.0012804097311139564}, "model": "item/select2"},
		{ "predicate": {"damaged": 0, "damage": 0.0019206145966709346}, "model": "item/select3"},
		{ "predicate": {"damaged": 0, "damage": 0.002560819462227913}, "model": "item/select4"},
		{ "predicate": {"damaged": 0, "damage": 0.003201024327784891}, "model": "item/select5"},
		{ "predicate": {"damaged": 0, "damage": 0.0038412291933418692}, "model": "item/select6"},
		{ "predicate": {"damaged": 0, "damage": 0.004481434058898847}, "model": "item/select7"},
		{ "predicate": {"damaged": 0, "damage": 0.005121638924455826}, "model": "item/select8"},
		{ "predicate": {"damaged": 0, "damage": 0.005761843790012804}, "model": "item/stone1"},
		{ "predicate": {"damaged": 0, "damage": 0.006402048655569782}, "model": "item/stone2"},
		{ "predicate": {"damaged": 0, "damage": 0.00704225352112676}, "model": "item/stone3"},
		{ "predicate": {"damaged": 0, "damage": 0.0076824583866837385}, "model": "item/stone4"},
		{ "predicate": {"damaged": 0, "damage": 0.008322663252240717}, "model": "item/stone5"},
		{ "predicate": {"damaged": 0, "damage": 0.008962868117797694}, "model": "item/stone6"}
	]
}