{
	"__comment": "Designed by Mcmakistein with Cubik Studio - https://cubik.studio",
	"textures": {
		"particle": "custom/select2",
		"texture": "custom/select8"
	},
	"elements": [ 	 
		{
			"__comment": "PlaneY1",
			"from": [ -15.5, 0, -15.5 ],
			"to": [ 31.5, 0.001, 31.5 ],
			"faces": {
				"down": { "uv": [ 0, 0, 16, 16 ], "texture": "#texture" },
				"up": { "uv": [ 0, 0, 0.5, 0.5 ], "texture": "#texture" }
			}
		}
	],
	"display": {
		"thirdperson_righthand": {
			"scale":  [ 0.0001, 0.0001, 0.0001 ]
		},
		"thirdperson_lefthand": {
			"scale":  [ 0.0001, 0.0001, 0.0001 ]
		},
		"firstperson_righthand": {
			"rotation":  [ -90, 0, 0 ],
			"translation":  [ -4.869, 12.521, -36.17 ],
			"scale":  [ 0.0001, 0.1044, 0.0001 ]
		},
		"firstperson_lefthand": {
			"rotation":  [ -90, 0, 0 ],
			"translation":  [ -4.869, 12.521, -36.17 ],
			"scale":  [ 0.0001, 0.1044, 0.0001 ]
		},
		"gui": {
			"rotation":  [ -90, 0, 0 ],
			"translation":  [ 80, 80, 0 ],
			"scale":  [ 0.0001, 0.0001, 0.0001 ]
		},
		"head": {
			"rotation":  [ 90, -180, 180 ],
			"translation":  [ 0, -4, 0 ],
			"scale":  [ 1, 0.0001, 1 ]
		},
		"ground": {
			"scale":  [ 0.0001, 0.0001, 0.0001 ]
		},
		"fixed": {
			"scale":  [ 0.0001, 0.0001, 0.0001 ]
		}
	}
}