{
	"__comment": "Designed by Mcmakistein with Cubik Studio - https://cubik.studio",
	"textures": {
		"particle": "custom/1",
		"texture": "custom/1"
	},
	"elements": [ 	 
		{
			"__comment": "Box1",
			"from": [ 3, 7.5, 5 ],
			"to": [ 13, 10, 11 ],
			"faces": {
				"down": { "uv": [ 14, 0, 14.5, 0.5 ], "texture": "#texture" },
				"up": { "uv": [ 14, 0, 14.5, 0.5 ], "texture": "#texture" },
				"north": { "uv": [ 14, 0, 14.5, 0.5 ], "texture": "#texture" },
				"south": { "uv": [ 14, 0, 14.5, 0.5 ], "texture": "#texture" },
				"west": { "uv": [ 14, 0, 14.5, 0.5 ], "texture": "#texture" },
				"east": { "uv": [ 14, 0, 14.5, 0.5 ], "texture": "#texture" }
			}
		},
		{
			"__comment": "Box1",
			"from": [ 13, 7.5, 5.5 ],
			"to": [ 13.5, 10, 10.5 ],
			"faces": {
				"down": { "uv": [ 14, 0, 14.5, 0.5 ], "texture": "#texture" },
				"up": { "uv": [ 14, 0, 14.5, 0.5 ], "texture": "#texture" },
				"north": { "uv": [ 14, 0, 14.5, 0.5 ], "texture": "#texture" },
				"south": { "uv": [ 14, 0, 14.5, 0.5 ], "texture": "#texture" },
				"west": { "uv": [ 14, 0, 14.5, 0.5 ], "texture": "#texture" },
				"east": { "uv": [ 14, 0, 14.5, 0.5 ], "texture": "#texture" }
			}
		},
		{
			"__comment": "Box1",
			"from": [ 2.5, 7.5, 5.5 ],
			"to": [ 3, 10, 10.5 ],
			"faces": {
				"down": { "uv": [ 14, 0, 14.5, 0.5 ], "texture": "#texture" },
				"up": { "uv": [ 14, 0, 14.5, 0.5 ], "texture": "#texture" },
				"north": { "uv": [ 14, 0, 14.5, 0.5 ], "texture": "#texture" },
				"south": { "uv": [ 14, 0, 14.5, 0.5 ], "texture": "#texture" },
				"west": { "uv": [ 14, 0, 14.5, 0.5 ], "texture": "#texture" },
				"east": { "uv": [ 14, 0, 14.5, 0.5 ], "texture": "#texture" }
			}
		},
		{
			"__comment": "Box1",
			"from": [ 3.5, 7.5, 4.5 ],
			"to": [ 12.5, 10, 5 ],
			"faces": {
				"down": { "uv": [ 14, 0, 14.5, 0.5 ], "texture": "#texture" },
				"up": { "uv": [ 14, 0, 14.5, 0.5 ], "texture": "#texture" },
				"north": { "uv": [ 14, 0, 14.5, 0.5 ], "texture": "#texture" },
				"south": { "uv": [ 14, 0, 14.5, 0.5 ], "texture": "#texture" },
				"west": { "uv": [ 14, 0, 14.5, 0.5 ], "texture": "#texture" },
				"east": { "uv": [ 14, 0, 14.5, 0.5 ], "texture": "#texture" }
			}
		},
		{
			"__comment": "Box1",
			"from": [ 3.5, 7.5, 11 ],
			"to": [ 12.5, 10, 11.5 ],
			"faces": {
				"down": { "uv": [ 14, 0, 14.5, 0.5 ], "texture": "#texture" },
				"up": { "uv": [ 14, 0, 14.5, 0.5 ], "texture": "#texture" },
				"north": { "uv": [ 14, 0, 14.5, 0.5 ], "texture": "#texture" },
				"south": { "uv": [ 14, 0, 14.5, 0.5 ], "texture": "#texture" },
				"west": { "uv": [ 14, 0, 14.5, 0.5 ], "texture": "#texture" },
				"east": { "uv": [ 14, 0, 14.5, 0.5 ], "texture": "#texture" }
			}
		},
		{
			"__comment": "Box1",
			"from": [ 2.5, 8, 5 ],
			"to": [ 13.5, 9.5, 11 ],
			"faces": {
				"down": { "uv": [ 14, 0, 14.5, 0.5 ], "texture": "#texture" },
				"up": { "uv": [ 14, 0, 14.5, 0.5 ], "texture": "#texture" },
				"north": { "uv": [ 14, 0, 14.5, 0.5 ], "texture": "#texture" },
				"south": { "uv": [ 14, 0, 14.5, 0.5 ], "texture": "#texture" },
				"west": { "uv": [ 14, 0, 14.5, 0.5 ], "texture": "#texture" },
				"east": { "uv": [ 14, 0, 14.5, 0.5 ], "texture": "#texture" }
			}
		},
		{
			"__comment": "Box1",
			"from": [ 3, 8, 4.5 ],
			"to": [ 13, 9.5, 11.5 ],
			"faces": {
				"down": { "uv": [ 14, 0, 14.5, 0.5 ], "texture": "#texture" },
				"up": { "uv": [ 14, 0, 14.5, 0.5 ], "texture": "#texture" },
				"north": { "uv": [ 14, 0, 14.5, 0.5 ], "texture": "#texture" },
				"south": { "uv": [ 14, 0, 14.5, 0.5 ], "texture": "#texture" },
				"west": { "uv": [ 14, 0, 14.5, 0.5 ], "texture": "#texture" },
				"east": { "uv": [ 14, 0, 14.5, 0.5 ], "texture": "#texture" }
			}
		},
		{
			"__comment": "Box1",
			"from": [ 3.5, 8, 4 ],
			"to": [ 12.5, 9.5, 12 ],
			"faces": {
				"down": { "uv": [ 14, 0, 14.5, 0.5 ], "texture": "#texture" },
				"up": { "uv": [ 14, 0, 14.5, 0.5 ], "texture": "#texture" },
				"north": { "uv": [ 14, 0, 14.5, 0.5 ], "texture": "#texture" },
				"south": { "uv": [ 14, 0, 14.5, 0.5 ], "texture": "#texture" },
				"west": { "uv": [ 14, 0, 14.5, 0.5 ], "texture": "#texture" },
				"east": { "uv": [ 14, 0, 14.5, 0.5 ], "texture": "#texture" }
			}
		},
		{
			"__comment": "Box1",
			"from": [ 2, 8, 5.5 ],
			"to": [ 14, 9.5, 10.5 ],
			"faces": {
				"down": { "uv": [ 14, 0, 14.5, 0.5 ], "texture": "#texture" },
				"up": { "uv": [ 14, 0, 14.5, 0.5 ], "texture": "#texture" },
				"north": { "uv": [ 14, 0, 14.5, 0.5 ], "texture": "#texture" },
				"south": { "uv": [ 14, 0, 14.5, 0.5 ], "texture": "#texture" },
				"west": { "uv": [ 14, 0, 14.5, 0.5 ], "texture": "#texture" },
				"east": { "uv": [ 14, 0, 14.5, 0.5 ], "texture": "#texture" }
			}
		}
	],
	"display": {
		"thirdperson_righthand": {
			"rotation":  [ 128, 14, -77 ],
			"translation":  [ 1.2086, -0.304, 0 ],
			"scale":  [ 0.2, 0.2, 0.2 ]
		},
		"thirdperson_lefthand": {
			"rotation":  [ 128, 14, -77 ],
			"translation":  [ 1.2086, -0.304, 0 ],
			"scale":  [ 0.2, 0.2, 0.2 ]
		},
		"firstperson_righthand": {
			"rotation":  [ -42, 78, 109 ],
			"translation":  [ 23.65, -17.38, -34.06 ]
		},
		"firstperson_lefthand": {
			"rotation":  [ -42, 78, 109 ],
			"translation":  [ 23.65, -17.38, -34.06 ]
		},
		"gui": {
			"rotation":  [ 59, 135, -14 ],
			"translation":  [ 0.0002, -0.695, 16 ],
			"scale":  [ 0.8, 0.8, 0.8 ]
		},
		"head": {
			"rotation":  [ -90, -90, 0 ],
			"translation":  [ 1.3913, -6.956, -6.26 ],
			"scale":  [ 2, 2, 2 ]
		},
		"ground": {
			"rotation":  [ 20, 25, 0 ],
			"translation":  [ -0.695, 1.3912, -0.694 ],
			"scale":  [ 0.2, 0.2, 0.2 ]
		}
	}
}