{
	"__comment": "Designed by Theredengineer with Cubik Studio",
	"ambientocclusion": false,
	"textures": {
		"particle": "items/e_particle",
		"texture": "items/diamond_hoe",
		"diamond_sword_long": "items/diamond_hoe"
	},
	"elements": [ 	 
		{
			"__comment": "Box1",
			"from": [ 0, 8, 14.5 ],
			"to": [ 2, 9, 15 ],
			"faces": {
				"down": { "uv": [ 0, 1, 2, 1.5 ], "texture": "#diamond_sword_long" },
				"up": { "uv": [ 0, 14.5, 2, 15 ], "texture": "#diamond_sword_long" },
				"north": { "uv": [ 14, 7, 16, 8 ], "texture": "#diamond_sword_long" },
				"south": { "uv": [ 0, 7, 2, 8 ], "texture": "#diamond_sword_long" },
				"west": { "uv": [ 14.5, 7, 15, 8 ], "texture": "#diamond_sword_long" },
				"east": { "uv": [ 1, 7, 1.5, 8 ], "texture": "#diamond_sword_long" }
			}
		},
		{
			"__comment": "Box2",
			"from": [ 0, 8, 15 ],
			"to": [ 1.5, 9, 16 ],
			"faces": {
				"down": { "uv": [ 0, 16, 1.5, 15 ], "texture": "#diamond_sword_long" },
				"up": { "uv": [ 0, 15, 1.5, 16 ], "texture": "#diamond_sword_long" },
				"south": { "uv": [ 0, 15.5, 1.5, 16 ], "texture": "#diamond_sword_long" },
				"west": { "uv": [ 0, 15, 0.5, 16 ], "texture": "#diamond_sword_long", "rotation": 270 },
				"east": { "uv": [ 1.5, 16, 1, 15 ], "texture": "#diamond_sword_long", "rotation": 270 }
			}
		},
		{
			"__comment": "Box3",
			"from": [ 1, 8, 11 ],
			"to": [ 2, 9, 12 ],
			"faces": {
				"down": { "uv": [ 1, 12, 2, 11 ], "texture": "#diamond_sword_long" },
				"up": { "uv": [ 1, 11, 2, 12 ], "texture": "#diamond_sword_long" },
				"north": { "uv": [ 2, 11, 1, 11.5 ], "texture": "#diamond_sword_long" },
				"south": { "uv": [ 1, 11.5, 2, 12 ], "texture": "#diamond_sword_long" },
				"west": { "uv": [ 1, 11, 1.5, 12 ], "texture": "#diamond_sword_long", "rotation": 270 },
				"east": { "uv": [ 2, 12, 1.5, 11 ], "texture": "#diamond_sword_long", "rotation": 270 }
			}
		},
		{
			"__comment": "Box4",
			"from": [ 1, 8, 14 ],
			"to": [ 2.5, 9, 14.5 ],
			"faces": {
				"down": { "uv": [ 1, 14.5, 2.5, 14 ], "texture": "#diamond_sword_long" },
				"up": { "uv": [ 1, 14, 2.5, 14.5 ], "texture": "#diamond_sword_long" },
				"north": { "uv": [ 2.5, 14, 1, 14.5 ], "texture": "#diamond_sword_long" },
				"south": { "uv": [ 1, 14, 2.5, 14.5 ], "texture": "#diamond_sword_long" },
				"west": { "uv": [ 1, 14, 1.5, 14.5 ], "texture": "#diamond_sword_long", "rotation": 270 },
				"east": { "uv": [ 2.5, 14.5, 2, 14 ], "texture": "#diamond_sword_long", "rotation": 270 }
			}
		},
		{
			"__comment": "Box5",
			"from": [ 1.5, 8, 12 ],
			"to": [ 5, 9, 12.5 ],
			"faces": {
				"down": { "uv": [ 1.5, 12.5, 5, 12 ], "texture": "#diamond_sword_long" },
				"up": { "uv": [ 1.5, 12, 5, 12.5 ], "texture": "#diamond_sword_long" },
				"north": { "uv": [ 5, 12, 1.5, 12.5 ], "texture": "#diamond_sword_long" },
				"south": { "uv": [ 1.5, 12, 5, 12.5 ], "texture": "#diamond_sword_long" },
				"west": { "uv": [ 1.5, 12, 2, 12.5 ], "texture": "#diamond_sword_long", "rotation": 270 },
				"east": { "uv": [ 5, 12.5, 4.5, 12 ], "texture": "#diamond_sword_long", "rotation": 270 }
			}
		},
		{
			"__comment": "Box6",
			"from": [ 1.5, 8, 12.5 ],
			"to": [ 4.5, 9, 13 ],
			"faces": {
				"down": { "uv": [ 1.5, 13, 4.5, 12.5 ], "texture": "#diamond_sword_long" },
				"up": { "uv": [ 1.5, 12.5, 4.5, 13 ], "texture": "#diamond_sword_long" },
				"south": { "uv": [ 1.5, 12.5, 4.5, 13 ], "texture": "#diamond_sword_long" },
				"west": { "uv": [ 1.5, 12.5, 2, 13 ], "texture": "#diamond_sword_long", "rotation": 270 },
				"east": { "uv": [ 4.5, 13, 4, 12.5 ], "texture": "#diamond_sword_long", "rotation": 270 }
			}
		},
		{
			"__comment": "Box7",
			"from": [ 1.5, 8, 13.5 ],
			"to": [ 4.5, 9, 14 ],
			"faces": {
				"down": { "uv": [ 1.5, 14, 4.5, 13.5 ], "texture": "#diamond_sword_long" },
				"up": { "uv": [ 1.5, 13.5, 4.5, 14 ], "texture": "#diamond_sword_long" },
				"north": { "uv": [ 4.5, 13.5, 1.5, 14 ], "texture": "#diamond_sword_long" },
				"south": { "uv": [ 1.5, 13.5, 4.5, 14 ], "texture": "#diamond_sword_long" },
				"west": { "uv": [ 1.5, 13.5, 2, 14 ], "texture": "#diamond_sword_long", "rotation": 270 },
				"east": { "uv": [ 4.5, 14, 4, 13.5 ], "texture": "#diamond_sword_long", "rotation": 270 }
			}
		},
		{
			"__comment": "Box8",
			"from": [ 2, 8, 11.5 ],
			"to": [ 2.5, 9, 13.5 ],
			"faces": {
				"down": { "uv": [ 2, 13.5, 2.5, 11.5 ], "texture": "#diamond_sword_long" },
				"up": { "uv": [ 2, 11.5, 2.5, 13.5 ], "texture": "#diamond_sword_long" },
				"north": { "uv": [ 2.5, 11.5, 2, 12 ], "texture": "#diamond_sword_long" },
				"west": { "uv": [ 2, 11.5, 2.5, 13.5 ], "texture": "#diamond_sword_long", "rotation": 270 },
				"east": { "uv": [ 2.5, 13.5, 2, 11.5 ], "texture": "#diamond_sword_long", "rotation": 270 }
			}
		},
		{
			"__comment": "Box9",
			"from": [ 2.5, 8, 13 ],
			"to": [ 4, 9, 13.5 ],
			"faces": {
				"down": { "uv": [ 2.5, 13.5, 4, 13 ], "texture": "#diamond_sword_long" },
				"up": { "uv": [ 2.5, 13, 4, 13.5 ], "texture": "#diamond_sword_long" },
				"east": { "uv": [ 4, 13.5, 3.5, 13 ], "texture": "#diamond_sword_long", "rotation": 270 }
			}
		},
		{
			"__comment": "Box10",
			"from": [ 3, 8, 11.5 ],
			"to": [ 5.5, 9, 12 ],
			"faces": {
				"down": { "uv": [ 3, 12, 5.5, 11.5 ], "texture": "#diamond_sword_long" },
				"up": { "uv": [ 3, 11.5, 5.5, 12 ], "texture": "#diamond_sword_long" },
				"north": { "uv": [ 5.5, 11.5, 3, 12 ], "texture": "#diamond_sword_long" },
				"south": { "uv": [ 3, 11.5, 5.5, 12 ], "texture": "#diamond_sword_long" },
				"west": { "uv": [ 3, 11.5, 3.5, 12 ], "texture": "#diamond_sword_long", "rotation": 270 },
				"east": { "uv": [ 5.5, 12, 5, 11.5 ], "texture": "#diamond_sword_long", "rotation": 270 }
			}
		},
		{
			"__comment": "Box11",
			"from": [ 3, 8, 14 ],
			"to": [ 5, 9, 14.5 ],
			"faces": {
				"down": { "uv": [ 3, 14.5, 5, 14 ], "texture": "#diamond_sword_long" },
				"up": { "uv": [ 3, 14, 5, 14.5 ], "texture": "#diamond_sword_long" },
				"north": { "uv": [ 5, 14, 3, 14.5 ], "texture": "#diamond_sword_long" },
				"south": { "uv": [ 3, 14, 5, 14.5 ], "texture": "#diamond_sword_long" },
				"west": { "uv": [ 3, 14, 3.5, 14.5 ], "texture": "#diamond_sword_long", "rotation": 270 },
				"east": { "uv": [ 5, 14.5, 4.5, 14 ], "texture": "#diamond_sword_long", "rotation": 270 }
			}
		},
		{
			"__comment": "Box12",
			"from": [ 3.5, 8, 11 ],
			"to": [ 6, 9, 11.5 ],
			"faces": {
				"down": { "uv": [ 3.5, 11.5, 6, 11 ], "texture": "#diamond_sword_long" },
				"up": { "uv": [ 3.5, 11, 6, 11.5 ], "texture": "#diamond_sword_long" },
				"north": { "uv": [ 6, 11, 3.5, 11.5 ], "texture": "#diamond_sword_long" },
				"south": { "uv": [ 3.5, 11, 6, 11.5 ], "texture": "#diamond_sword_long" },
				"west": { "uv": [ 3.5, 11, 4, 11.5 ], "texture": "#diamond_sword_long", "rotation": 270 },
				"east": { "uv": [ 6, 11.5, 5.5, 11 ], "texture": "#diamond_sword_long", "rotation": 270 }
			}
		},
		{
			"__comment": "Box13",
			"from": [ 4, 8, 10.5 ],
			"to": [ 6.5, 9, 11 ],
			"faces": {
				"down": { "uv": [ 4, 11, 6.5, 10.5 ], "texture": "#diamond_sword_long" },
				"up": { "uv": [ 4, 10.5, 6.5, 11 ], "texture": "#diamond_sword_long" },
				"north": { "uv": [ 6.5, 10.5, 4, 11 ], "texture": "#diamond_sword_long" },
				"south": { "uv": [ 4, 10.5, 6.5, 11 ], "texture": "#diamond_sword_long" },
				"west": { "uv": [ 4, 10.5, 4.5, 11 ], "texture": "#diamond_sword_long", "rotation": 270 },
				"east": { "uv": [ 6.5, 11, 6, 10.5 ], "texture": "#diamond_sword_long", "rotation": 270 }
			}
		},
		{
			"__comment": "Box14",
			"from": [ 4, 8, 14.5 ],
			"to": [ 5, 9, 15 ],
			"faces": {
				"down": { "uv": [ 4, 15, 5, 14.5 ], "texture": "#diamond_sword_long" },
				"up": { "uv": [ 4, 14.5, 5, 15 ], "texture": "#diamond_sword_long" },
				"south": { "uv": [ 4, 14.5, 5, 15 ], "texture": "#diamond_sword_long" },
				"west": { "uv": [ 4, 14.5, 4.5, 15 ], "texture": "#diamond_sword_long", "rotation": 270 },
				"east": { "uv": [ 5, 15, 4.5, 14.5 ], "texture": "#diamond_sword_long", "rotation": 270 }
			}
		},
		{
			"__comment": "Box15",
			"from": [ 4.5, 8, 10 ],
			"to": [ 7, 9, 10.5 ],
			"faces": {
				"down": { "uv": [ 4.5, 10.5, 7, 10 ], "texture": "#diamond_sword_long" },
				"up": { "uv": [ 4.5, 10, 7, 10.5 ], "texture": "#diamond_sword_long" },
				"north": { "uv": [ 7, 10, 4.5, 10.5 ], "texture": "#diamond_sword_long" },
				"south": { "uv": [ 4.5, 10, 7, 10.5 ], "texture": "#diamond_sword_long" },
				"west": { "uv": [ 4.5, 10, 5, 10.5 ], "texture": "#diamond_sword_long", "rotation": 270 },
				"east": { "uv": [ 7, 10.5, 6.5, 10 ], "texture": "#diamond_sword_long", "rotation": 270 }
			}
		},
		{
			"__comment": "Box16",
			"from": [ 5, 8, 9.5 ],
			"to": [ 7.5, 9, 10 ],
			"faces": {
				"down": { "uv": [ 5, 10, 7.5, 9.5 ], "texture": "#diamond_sword_long" },
				"up": { "uv": [ 5, 9.5, 7.5, 10 ], "texture": "#diamond_sword_long" },
				"north": { "uv": [ 7.5, 9.5, 5, 10 ], "texture": "#diamond_sword_long" },
				"south": { "uv": [ 5, 9.5, 7.5, 10 ], "texture": "#diamond_sword_long" },
				"west": { "uv": [ 5, 9.5, 5.5, 10 ], "texture": "#diamond_sword_long", "rotation": 270 },
				"east": { "uv": [ 7.5, 10, 7, 9.5 ], "texture": "#diamond_sword_long", "rotation": 270 }
			}
		},
		{
			"__comment": "Box17",
			"from": [ 5.5, 8, 9 ],
			"to": [ 8, 9, 9.5 ],
			"faces": {
				"down": { "uv": [ 5.5, 9.5, 8, 9 ], "texture": "#diamond_sword_long" },
				"up": { "uv": [ 5.5, 9, 8, 9.5 ], "texture": "#diamond_sword_long" },
				"north": { "uv": [ 8, 9, 5.5, 9.5 ], "texture": "#diamond_sword_long" },
				"south": { "uv": [ 5.5, 9, 8, 9.5 ], "texture": "#diamond_sword_long" },
				"west": { "uv": [ 5.5, 9, 6, 9.5 ], "texture": "#diamond_sword_long", "rotation": 270 },
				"east": { "uv": [ 8, 9.5, 7.5, 9 ], "texture": "#diamond_sword_long", "rotation": 270 }
			}
		},
		{
			"__comment": "Box18",
			"from": [ 6, 8, 8.5 ],
			"to": [ 8.5, 9, 9 ],
			"faces": {
				"down": { "uv": [ 6, 9, 8.5, 8.5 ], "texture": "#diamond_sword_long" },
				"up": { "uv": [ 6, 8.5, 8.5, 9 ], "texture": "#diamond_sword_long" },
				"north": { "uv": [ 8.5, 8.5, 6, 9 ], "texture": "#diamond_sword_long" },
				"south": { "uv": [ 6, 8.5, 8.5, 9 ], "texture": "#diamond_sword_long" },
				"west": { "uv": [ 6, 8.5, 6.5, 9 ], "texture": "#diamond_sword_long", "rotation": 270 },
				"east": { "uv": [ 8.5, 9, 8, 8.5 ], "texture": "#diamond_sword_long", "rotation": 270 }
			}
		},
		{
			"__comment": "Box19",
			"from": [ 6.5, 8, 8 ],
			"to": [ 9, 9, 8.5 ],
			"faces": {
				"down": { "uv": [ 6.5, 8.5, 9, 8 ], "texture": "#diamond_sword_long" },
				"up": { "uv": [ 6.5, 8, 9, 8.5 ], "texture": "#diamond_sword_long" },
				"north": { "uv": [ 9, 8, 6.5, 8.5 ], "texture": "#diamond_sword_long" },
				"south": { "uv": [ 6.5, 8, 9, 8.5 ], "texture": "#diamond_sword_long" },
				"west": { "uv": [ 6.5, 8, 7, 8.5 ], "texture": "#diamond_sword_long", "rotation": 270 },
				"east": { "uv": [ 9, 8.5, 8.5, 8 ], "texture": "#diamond_sword_long", "rotation": 270 }
			}
		},
		{
			"__comment": "Box20",
			"from": [ 7, 8, 7.5 ],
			"to": [ 9.5, 9, 8 ],
			"faces": {
				"down": { "uv": [ 7, 8, 9.5, 7.5 ], "texture": "#diamond_sword_long" },
				"up": { "uv": [ 7, 7.5, 9.5, 8 ], "texture": "#diamond_sword_long" },
				"north": { "uv": [ 9.5, 7.5, 7, 8 ], "texture": "#diamond_sword_long" },
				"south": { "uv": [ 7, 7.5, 9.5, 8 ], "texture": "#diamond_sword_long" },
				"west": { "uv": [ 7, 7.5, 7.5, 8 ], "texture": "#diamond_sword_long", "rotation": 270 },
				"east": { "uv": [ 9.5, 8, 9, 7.5 ], "texture": "#diamond_sword_long", "rotation": 270 }
			}
		},
		{
			"__comment": "Box21",
			"from": [ 7.5, 8, 7 ],
			"to": [ 10, 9, 7.5 ],
			"faces": {
				"down": { "uv": [ 7.5, 7.5, 10, 7 ], "texture": "#diamond_sword_long" },
				"up": { "uv": [ 7.5, 7, 10, 7.5 ], "texture": "#diamond_sword_long" },
				"north": { "uv": [ 10, 7, 7.5, 7.5 ], "texture": "#diamond_sword_long" },
				"south": { "uv": [ 7.5, 7, 10, 7.5 ], "texture": "#diamond_sword_long" },
				"west": { "uv": [ 7.5, 7, 8, 7.5 ], "texture": "#diamond_sword_long", "rotation": 270 },
				"east": { "uv": [ 10, 7.5, 9.5, 7 ], "texture": "#diamond_sword_long", "rotation": 270 }
			}
		},
		{
			"__comment": "Box22",
			"from": [ 8, 8, 6.5 ],
			"to": [ 10.5, 9, 7 ],
			"faces": {
				"down": { "uv": [ 8, 7, 10.5, 6.5 ], "texture": "#diamond_sword_long" },
				"up": { "uv": [ 8, 6.5, 10.5, 7 ], "texture": "#diamond_sword_long" },
				"north": { "uv": [ 10.5, 6.5, 8, 7 ], "texture": "#diamond_sword_long" },
				"south": { "uv": [ 8, 6.5, 10.5, 7 ], "texture": "#diamond_sword_long" },
				"west": { "uv": [ 8, 6.5, 8.5, 7 ], "texture": "#diamond_sword_long", "rotation": 270 },
				"east": { "uv": [ 10.5, 7, 10, 6.5 ], "texture": "#diamond_sword_long", "rotation": 270 }
			}
		},
		{
			"__comment": "Box23",
			"from": [ 8.5, 8, 6 ],
			"to": [ 11, 9, 6.5 ],
			"faces": {
				"down": { "uv": [ 8.5, 6.5, 11, 6 ], "texture": "#diamond_sword_long" },
				"up": { "uv": [ 8.5, 6, 11, 6.5 ], "texture": "#diamond_sword_long" },
				"north": { "uv": [ 11, 6, 8.5, 6.5 ], "texture": "#diamond_sword_long" },
				"south": { "uv": [ 8.5, 6, 11, 6.5 ], "texture": "#diamond_sword_long" },
				"west": { "uv": [ 8.5, 6, 9, 6.5 ], "texture": "#diamond_sword_long", "rotation": 270 },
				"east": { "uv": [ 11, 6.5, 10.5, 6 ], "texture": "#diamond_sword_long", "rotation": 270 }
			}
		},
		{
			"__comment": "Box24",
			"from": [ 9, 8, 5.5 ],
			"to": [ 11.5, 9, 6 ],
			"faces": {
				"down": { "uv": [ 9, 6, 11.5, 5.5 ], "texture": "#diamond_sword_long" },
				"up": { "uv": [ 9, 5.5, 11.5, 6 ], "texture": "#diamond_sword_long" },
				"north": { "uv": [ 11.5, 5.5, 9, 6 ], "texture": "#diamond_sword_long" },
				"south": { "uv": [ 9, 5.5, 11.5, 6 ], "texture": "#diamond_sword_long" },
				"west": { "uv": [ 9, 5.5, 9.5, 6 ], "texture": "#diamond_sword_long", "rotation": 270 },
				"east": { "uv": [ 11.5, 6, 11, 5.5 ], "texture": "#diamond_sword_long", "rotation": 270 }
			}
		},
		{
			"__comment": "Box25",
			"from": [ 9.5, 8, 5 ],
			"to": [ 12, 9, 5.5 ],
			"faces": {
				"down": { "uv": [ 9.5, 5.5, 12, 5 ], "texture": "#diamond_sword_long" },
				"up": { "uv": [ 9.5, 5, 12, 5.5 ], "texture": "#diamond_sword_long" },
				"north": { "uv": [ 12, 5, 9.5, 5.5 ], "texture": "#diamond_sword_long" },
				"south": { "uv": [ 9.5, 5, 12, 5.5 ], "texture": "#diamond_sword_long" },
				"west": { "uv": [ 9.5, 5, 10, 5.5 ], "texture": "#diamond_sword_long", "rotation": 270 },
				"east": { "uv": [ 12, 5.5, 11.5, 5 ], "texture": "#diamond_sword_long", "rotation": 270 }
			}
		},
		{
			"__comment": "Box26",
			"from": [ 10, 8, 4.5 ],
			"to": [ 12.5, 9, 5 ],
			"faces": {
				"down": { "uv": [ 10, 5, 12.5, 4.5 ], "texture": "#diamond_sword_long" },
				"up": { "uv": [ 10, 4.5, 12.5, 5 ], "texture": "#diamond_sword_long" },
				"north": { "uv": [ 12.5, 4.5, 10, 5 ], "texture": "#diamond_sword_long" },
				"south": { "uv": [ 10, 4.5, 12.5, 5 ], "texture": "#diamond_sword_long" },
				"west": { "uv": [ 10, 4.5, 10.5, 5 ], "texture": "#diamond_sword_long", "rotation": 270 },
				"east": { "uv": [ 12.5, 5, 12, 4.5 ], "texture": "#diamond_sword_long", "rotation": 270 }
			}
		},
		{
			"__comment": "Box27",
			"from": [ 10.5, 8, 4 ],
			"to": [ 13, 9, 4.5 ],
			"faces": {
				"down": { "uv": [ 10.5, 4.5, 13, 4 ], "texture": "#diamond_sword_long" },
				"up": { "uv": [ 10.5, 4, 13, 4.5 ], "texture": "#diamond_sword_long" },
				"north": { "uv": [ 13, 4, 10.5, 4.5 ], "texture": "#diamond_sword_long" },
				"south": { "uv": [ 10.5, 4, 13, 4.5 ], "texture": "#diamond_sword_long" },
				"west": { "uv": [ 10.5, 4, 11, 4.5 ], "texture": "#diamond_sword_long", "rotation": 270 },
				"east": { "uv": [ 13, 4.5, 12.5, 4 ], "texture": "#diamond_sword_long", "rotation": 270 }
			}
		},
		{
			"__comment": "Box28",
			"from": [ 11, 8, 3.5 ],
			"to": [ 13.5, 9, 4 ],
			"faces": {
				"down": { "uv": [ 11, 4, 13.5, 3.5 ], "texture": "#diamond_sword_long" },
				"up": { "uv": [ 11, 3.5, 13.5, 4 ], "texture": "#diamond_sword_long" },
				"north": { "uv": [ 13.5, 3.5, 11, 4 ], "texture": "#diamond_sword_long" },
				"south": { "uv": [ 11, 3.5, 13.5, 4 ], "texture": "#diamond_sword_long" },
				"west": { "uv": [ 11, 3.5, 11.5, 4 ], "texture": "#diamond_sword_long", "rotation": 270 },
				"east": { "uv": [ 13.5, 4, 13, 3.5 ], "texture": "#diamond_sword_long", "rotation": 270 }
			}
		},
		{
			"__comment": "Box29",
			"from": [ 11.5, 8, 3 ],
			"to": [ 14, 9, 3.5 ],
			"faces": {
				"down": { "uv": [ 11.5, 3.5, 14, 3 ], "texture": "#diamond_sword_long" },
				"up": { "uv": [ 11.5, 3, 14, 3.5 ], "texture": "#diamond_sword_long" },
				"north": { "uv": [ 14, 3, 11.5, 3.5 ], "texture": "#diamond_sword_long" },
				"south": { "uv": [ 11.5, 3, 14, 3.5 ], "texture": "#diamond_sword_long" },
				"west": { "uv": [ 11.5, 3, 12, 3.5 ], "texture": "#diamond_sword_long", "rotation": 270 },
				"east": { "uv": [ 14, 3.5, 13.5, 3 ], "texture": "#diamond_sword_long", "rotation": 270 }
			}
		},
		{
			"__comment": "Box30",
			"from": [ 12, 8, 2.5 ],
			"to": [ 14.5, 9, 3 ],
			"faces": {
				"down": { "uv": [ 12, 3, 14.5, 2.5 ], "texture": "#diamond_sword_long" },
				"up": { "uv": [ 12, 2.5, 14.5, 3 ], "texture": "#diamond_sword_long" },
				"north": { "uv": [ 14.5, 2.5, 12, 3 ], "texture": "#diamond_sword_long" },
				"south": { "uv": [ 12, 2.5, 14.5, 3 ], "texture": "#diamond_sword_long" },
				"west": { "uv": [ 12, 2.5, 12.5, 3 ], "texture": "#diamond_sword_long", "rotation": 270 },
				"east": { "uv": [ 14.5, 3, 14, 2.5 ], "texture": "#diamond_sword_long", "rotation": 270 }
			}
		},
		{
			"__comment": "Box31",
			"from": [ 12.5, 8, 2 ],
			"to": [ 15, 9, 2.5 ],
			"faces": {
				"down": { "uv": [ 12.5, 2.5, 15, 2 ], "texture": "#diamond_sword_long" },
				"up": { "uv": [ 12.5, 2, 15, 2.5 ], "texture": "#diamond_sword_long" },
				"north": { "uv": [ 15, 2, 12.5, 2.5 ], "texture": "#diamond_sword_long" },
				"south": { "uv": [ 12.5, 2, 15, 2.5 ], "texture": "#diamond_sword_long" },
				"west": { "uv": [ 12.5, 2, 13, 2.5 ], "texture": "#diamond_sword_long", "rotation": 270 },
				"east": { "uv": [ 15, 2.5, 14.5, 2 ], "texture": "#diamond_sword_long", "rotation": 270 }
			}
		},
		{
			"__comment": "Box32",
			"from": [ 13, 8, 1.5 ],
			"to": [ 15.5, 9, 2 ],
			"faces": {
				"down": { "uv": [ 13, 2, 15.5, 1.5 ], "texture": "#diamond_sword_long" },
				"up": { "uv": [ 13, 1.5, 15.5, 2 ], "texture": "#diamond_sword_long" },
				"north": { "uv": [ 15.5, 1.5, 13, 2 ], "texture": "#diamond_sword_long" },
				"south": { "uv": [ 13, 1.5, 15.5, 2 ], "texture": "#diamond_sword_long" },
				"west": { "uv": [ 13, 1.5, 13.5, 2 ], "texture": "#diamond_sword_long", "rotation": 270 },
				"east": { "uv": [ 15.5, 2, 15, 1.5 ], "texture": "#diamond_sword_long", "rotation": 270 }
			}
		},
		{
			"__comment": "Box33",
			"from": [ 13.5, 8, 1 ],
			"to": [ 16, 9, 1.5 ],
			"faces": {
				"down": { "uv": [ 13.5, 1.5, 16, 1 ], "texture": "#diamond_sword_long" },
				"up": { "uv": [ 13.5, 1, 16, 1.5 ], "texture": "#diamond_sword_long" },
				"north": { "uv": [ 16, 1, 13.5, 1.5 ], "texture": "#diamond_sword_long" },
				"south": { "uv": [ 13.5, 1, 16, 1.5 ], "texture": "#diamond_sword_long" },
				"west": { "uv": [ 13.5, 1, 14, 1.5 ], "texture": "#diamond_sword_long", "rotation": 270 },
				"east": { "uv": [ 16, 1.5, 15.5, 1 ], "texture": "#diamond_sword_long", "rotation": 270 }
			}
		},
		{
			"__comment": "Box34",
			"from": [ 14, 8, 0.5 ],
			"to": [ 16, 9, 1 ],
			"faces": {
				"down": { "uv": [ 14, 1, 16, 0.5 ], "texture": "#diamond_sword_long" },
				"up": { "uv": [ 14, 0.5, 16, 1 ], "texture": "#diamond_sword_long" },
				"north": { "uv": [ 16, 0.5, 14, 1 ], "texture": "#diamond_sword_long" },
				"west": { "uv": [ 14, 0.5, 14.5, 1 ], "texture": "#diamond_sword_long", "rotation": 270 },
				"east": { "uv": [ 16, 1, 15.5, 0.5 ], "texture": "#diamond_sword_long", "rotation": 270 }
			}
		},
		{
			"__comment": "Box35",
			"from": [ 14.5, 8, 0 ],
			"to": [ 16, 9, 0.5 ],
			"faces": {
				"down": { "uv": [ 14.5, 0.5, 16, 0 ], "texture": "#diamond_sword_long" },
				"up": { "uv": [ 14.5, 0, 16, 0.5 ], "texture": "#diamond_sword_long" },
				"north": { "uv": [ 16, 0, 14.5, 0.5 ], "texture": "#diamond_sword_long" },
				"west": { "uv": [ 14.5, 0, 15, 0.5 ], "texture": "#diamond_sword_long", "rotation": 270 },
				"east": { "uv": [ 16, 0.5, 15.5, 0 ], "texture": "#diamond_sword_long", "rotation": 270 }
			}
		}
	],
	"display": {
		"thirdperson_righthand": {
			"rotation":  [ 56, -8, 97 ],
			"translation":  [ 2.0844, 34.78, 7.6482 ],
			"scale":  [ 4, 4, 4 ]
		},
		"thirdperson_lefthand": {
			"rotation":  [ 147, -8, 83 ],
			"translation":  [ 2.0844, 34.78, 7.6482 ],
			"scale":  [ 4, 4, 4 ]
		},
		"firstperson_righthand": {
			"rotation":  [ 36, -6, 83 ],
			"translation":  [ 22.259, 22.957, -22.24 ],
			"scale":  [ 4, 4, 4 ]
		},
		"firstperson_lefthand": {
			"rotation":  [ 131, -6, 83 ],
			"translation":  [ 22.259, 22.957, -22.24 ],
			"scale":  [ 4, 4, 4 ]
		},
		"gui": {
			"rotation":  [ 59, 11, 0 ]
		},
		"head": {
			"rotation":  [ -80, -16, 15 ],
			"translation":  [ -11.82, 9.0434, 6.9551 ],
			"scale":  [ 3, 3, 3 ]
		},
		"ground": {
			"scale":  [ 4, 4, 4 ]
		},
		"fixed": {
			"rotation":  [ 180, -45, 180 ],
			"translation":  [ 0, 0, -21.55 ],
			"scale":  [ 3, 3, 3 ]
		}
	},
	"overrides": [
	]
}