{
"misc1":{
"sounds":[{"name":"custom/misc1","stream":true}],"category":"master"},
"misc2":{
"sounds":[{"name":"custom/misc2","stream":true}],"category":"master"},
"misc3":{
"sounds":[{"name":"custom/misc3","stream":true}],"category":"master"},
"misc4":{
"sounds":[{"name":"custom/misc4","stream":true}],"category":"master"},
"misc5":{
"sounds":[{"name":"custom/misc5","stream":true}],"category":"master"},
"misc6":{
"sounds":[{"name":"custom/misc6","stream":true}],"category":"master"},
"misc7":{
"sounds":[{"name":"custom/misc7","stream":true}],"category":"master"},
"misc8":{
"sounds":[{"name":"custom/misc8","stream":true}],"category":"master"},
"misc9":{
"sounds":[{"name":"custom/misc9","stream":true}],"category":"master"},
"misc10":{
"sounds":[{"name":"custom/misc10","stream":true}],"category":"master"},
"misc11":{
"sounds":[{"name":"custom/misc11","stream":true}],"category":"master"},
"cap1":{
"sounds":[{"name":"custom/cap1","stream":true}],"category":"master"},
"cap2":{
"sounds":[{"name":"custom/cap2","stream":true}],"category":"master"},
"dan1":{
"sounds":[{"name":"custom/dan1","stream":true}],"category":"master"},
"dan2":{
"sounds":[{"name":"custom/dan2","stream":true}],"category":"master"},
"dan3":{
"sounds":[{"name":"custom/dan3","stream":true}],"category":"master"},
"preston1":{
"sounds":[{"name":"custom/preston1","stream":true}],"category":"master"},
"preston2":{
"sounds":[{"name":"custom/preston2","stream":true}],"category":"master"},
"preston3":{
"sounds":[{"name":"custom/preston3","stream":true}],"category":"master"},
"preston4":{
"sounds":[{"name":"custom/preston4","stream":true}],"category":"master"},
"preston5":{
"sounds":[{"name":"custom/preston5","stream":true}],"category":"master"},
"preston6":{
"sounds":[{"name":"custom/preston6","stream":true}],"category":"master"},
"spark1":{
"sounds":[{"name":"custom/spark1","stream":true}],"category":"master"},
"spark2":{
"sounds":[{"name":"custom/spark2","stream":true}],"category":"master"},
"spark3":{
"sounds":[{"name":"custom/spark3","stream":true}],"category":"master"},
"spark4":{
"sounds":[{"name":"custom/spark4","stream":true}],"category":"master"},
"tyler1":{
"sounds":[{"name":"custom/tyler1","stream":true}],"category":"master"},
"tyler2":{
"sounds":[{"name":"custom/tyler2","stream":true}],"category":"master"},
"tyler3":{
"sounds":[{"name":"custom/tyler3","stream":true}],"category":"master"},
"tyler4":{
"sounds":[{"name":"custom/tyler4","stream":true}],"category":"master"},
"tyler5":{
"sounds":[{"name":"custom/tyler5","stream":true}],"category":"master"}
}