{
	"__comment": "Designed by Mcmakistein with Cubik Studio - https://cubik.studio",
	"textures": {
		"particle": "custom/grass_side",
		"texture": "custom/bookshelf",
		"texture1": "custom/planks_oak",
		"texture2": "custom/planks_oak",
		"texture3": "custom/blank"
	},
	"elements": [ 	 
		{
			"__comment": "Box1",
			"from": [ 8, 5, 5.5 ],
			"to": [ 10, 11, 11 ],
			"rotation": { "origin": [ 8, 5, 11 ], "axis": "x", "angle": 0 },
			"faces": {
				"down": { "uv": [ 6, 6, 8, 7 ], "texture": "#texture" },
				"up": { "uv": [ 6, 1, 8, 3.5 ], "texture": "#texture" },
				"north": { "uv": [ 6, 1, 8, 7 ], "texture": "#texture" },
				"south": { "uv": [ 1, 3, 2, 4 ], "texture": "#texture" },
				"west": { "uv": [ 6, 1, 7, 7 ], "texture": "#texture" },
				"east": { "uv": [ 7, 1, 8, 7 ], "texture": "#texture" }
			}
		}
	],
	"display": {
		"thirdperson_righthand": {
			"rotation":  [ 0, -164, -22 ],
			"scale":  [ 0.8, 0.8, 0.8 ]
		},
		"thirdperson_lefthand": {
			"rotation":  [ 0, -164, -22 ],
			"translation":  [ -0.695, 0, 0 ],
			"scale":  [ 0.8, 0.8, 0.8 ]
		},
		"firstperson_righthand": {
			"rotation":  [ 0, -160, 0 ]
		},
		"firstperson_lefthand": {
			"rotation":  [ 0, -160, 0 ]
		},
		"gui": {
			"rotation":  [ 6, -142, -2 ],
			"translation":  [ 2.0869, 0.3, 4.8688 ],
			"scale":  [ 1.8, 1.8, 1.8 ]
		},
		"head": {
			"rotation":  [ 0, -90, 0 ],
			"translation":  [ 0, -4.83, 0 ],
			"scale":  [ 1.6, 1.6, 1.6 ]
		},
		"ground": {
			"rotation":  [ 3, 3, -78 ],
			"translation":  [ 0, -0.695, 0 ],
			"scale":  [ 0.7, 0.7, 0.7 ]
		}
	}
}