{
	"__comment": "Designed by Mcmakistein with Cubik Studio - https://cubik.studio",
	"textures": {
		"particle": "custom/grass_side",
		"texture": "custom/bookshelf",
		"texture1": "custom/planks_oak",
		"texture2": "custom/planks_oak",
		"texture3": "custom/blank"
	},
	"elements": [ 	 
		{
			"__comment": "Box1",
			"from": [ 0, -16, 0 ],
			"to": [ 16, 0, 16 ],
			"faces": {
				"down": { "uv": [ 0, 0, 16, 16 ], "texture": "#texture2" },
				"up": { "uv": [ 0, 0, 16, 16 ], "texture": "#texture1" },
				"north": { "uv": [ 0, 0, 16, 16 ], "texture": "#texture" },
				"south": { "uv": [ 0, 0, 16, 16 ], "texture": "#texture" },
				"west": { "uv": [ 0, 0, 16, 16 ], "texture": "#texture" },
				"east": { "uv": [ 0, 0, 16, 16 ], "texture": "#texture" }
			}
		},
		{
			"__comment": "Box1",
			"from": [ 0, 15.5, 0 ],
			"to": [ 16, 16, 16 ],
			"faces": {
				"down": { "uv": [ 0, 0, 16, 16 ], "texture": "#texture3" },
				"up": { "uv": [ 0, 0, 16, 16 ], "texture": "#texture1" },
				"north": { "uv": [ 0, 0, 16, 3 ], "texture": "#texture3" },
				"south": { "uv": [ 0, 0, 16, 3 ], "texture": "#texture3" },
				"west": { "uv": [ 0, 0, 16, 3 ], "texture": "#texture3" },
				"east": { "uv": [ 0, 0, 16, 3 ], "texture": "#texture3" }
			}
		},
		{
			"__comment": "Box1",
			"from": [ 0, 0, 0 ],
			"to": [ 16, 0.5, 16 ],
			"faces": {
				"down": { "uv": [ 0, 0, 16, 16 ], "texture": "#texture1" },
				"up": { "uv": [ 0, 0, 16, 16 ], "texture": "#texture3" },
				"north": { "uv": [ 0, 0, 16, 3 ], "texture": "#texture3" },
				"south": { "uv": [ 0, 0, 16, 3 ], "texture": "#texture3" },
				"west": { "uv": [ 0, 0, 16, 3 ], "texture": "#texture3" },
				"east": { "uv": [ 0, 0, 16, 3 ], "texture": "#texture3" }
			}
		},
		{
			"__comment": "Box1",
			"from": [ 0, 0, 0 ],
			"to": [ 0.5, 16, 16 ],
			"faces": {
				"down": { "uv": [ 0, 0, 16, 16 ], "texture": "#texture3", "rotation": 270 },
				"up": { "uv": [ 0, 0, 16, 16 ], "texture": "#texture3", "rotation": 90 },
				"north": { "uv": [ 0, 0, 16, 3 ], "texture": "#texture3" },
				"south": { "uv": [ 0, 0, 16, 3 ], "texture": "#texture3" },
				"west": { "uv": [ 0, 0, 16, 16 ], "texture": "#texture" },
				"east": { "uv": [ 0, 0, 16, 3 ], "texture": "#texture3" }
			}
		},
		{
			"__comment": "Box1",
			"from": [ 15.5, 0, 0 ],
			"to": [ 16, 16, 16 ],
			"faces": {
				"down": { "uv": [ 0, 0, 16, 16 ], "texture": "#texture3", "rotation": 90 },
				"up": { "uv": [ 0, 0, 16, 16 ], "texture": "#texture3", "rotation": 270 },
				"north": { "uv": [ 0, 0, 16, 3 ], "texture": "#texture3" },
				"south": { "uv": [ 0, 0, 16, 3 ], "texture": "#texture3" },
				"west": { "uv": [ 0, 0, 16, 3 ], "texture": "#texture3" },
				"east": { "uv": [ 0, 0, 16, 16 ], "texture": "#texture" }
			}
		},
		{
			"__comment": "Box1",
			"from": [ 0, 0, 15.5 ],
			"to": [ 6, 16, 16 ],
			"faces": {
				"down": { "uv": [ 0, 0, 16, 16 ], "texture": "#texture3" },
				"up": { "uv": [ 0, 0, 16, 16 ], "texture": "#texture3" },
				"north": { "uv": [ 0, 0, 16, 3 ], "texture": "#texture3" },
				"south": { "uv": [ 0, 0, 6, 16 ], "texture": "#texture" },
				"west": { "uv": [ 0, 0, 16, 3 ], "texture": "#texture3" },
				"east": { "uv": [ 0, 0, 16, 3 ], "texture": "#texture3" }
			}
		},
		{
			"__comment": "Box1",
			"from": [ 8, 0, 15.5 ],
			"to": [ 16, 16, 16 ],
			"faces": {
				"down": { "uv": [ 0, 0, 16, 16 ], "texture": "#texture3" },
				"up": { "uv": [ 0, 0, 16, 16 ], "texture": "#texture3" },
				"north": { "uv": [ 0, 0, 16, 3 ], "texture": "#texture3" },
				"south": { "uv": [ 8, 0, 16, 16 ], "texture": "#texture" },
				"west": { "uv": [ 0, 0, 16, 3 ], "texture": "#texture3" },
				"east": { "uv": [ 0, 0, 16, 3 ], "texture": "#texture3" }
			}
		},
		{
			"__comment": "Box1",
			"from": [ 6, 0, 15.5 ],
			"to": [ 8, 9, 16 ],
			"faces": {
				"down": { "uv": [ 0, 0, 16, 16 ], "texture": "#texture3" },
				"up": { "uv": [ 0, 0, 16, 16 ], "texture": "#texture3" },
				"north": { "uv": [ 0, 0, 16, 3 ], "texture": "#texture3" },
				"south": { "uv": [ 6, 7, 8, 16 ], "texture": "#texture" },
				"west": { "uv": [ 0, 0, 16, 3 ], "texture": "#texture3" },
				"east": { "uv": [ 0, 0, 16, 3 ], "texture": "#texture3" }
			}
		},
		{
			"__comment": "Box1",
			"from": [ 6, 15, 15.5 ],
			"to": [ 8, 16, 16 ],
			"faces": {
				"down": { "uv": [ 0, 0, 16, 16 ], "texture": "#texture3" },
				"up": { "uv": [ 0, 0, 16, 16 ], "texture": "#texture3" },
				"north": { "uv": [ 0, 0, 16, 3 ], "texture": "#texture3" },
				"south": { "uv": [ 6, 0, 8, 1 ], "texture": "#texture" },
				"west": { "uv": [ 0, 0, 16, 3 ], "texture": "#texture3" },
				"east": { "uv": [ 0, 0, 16, 3 ], "texture": "#texture3" }
			}
		},
		{
			"__comment": "Box1",
			"from": [ 4, 9, 10.5 ],
			"to": [ 6, 15, 16 ],
			"faces": {
				"down": { "uv": [ 5, 0, 6, 1 ], "texture": "#texture" },
				"up": { "uv": [ 4.5, 0, 5.5, 1 ], "texture": "#texture" },
				"north": { "uv": [ 5, 0, 6, 1 ], "texture": "#texture3" },
				"south": { "uv": [ 5, 0, 6, 1 ], "texture": "#texture3" },
				"west": { "uv": [ 8, 0, 9, 1 ], "texture": "#texture" },
				"east": { "uv": [ 5, 1, 6, 7 ], "texture": "#texture" }
			}
		},
		{
			"__comment": "Box1",
			"from": [ 8, 9, 10.5 ],
			"to": [ 10, 15, 16 ],
			"faces": {
				"down": { "uv": [ 5, 0, 6, 1 ], "texture": "#texture" },
				"up": { "uv": [ 5, 0, 6, 1 ], "texture": "#texture" },
				"north": { "uv": [ 5, 0, 6, 1 ], "texture": "#texture3" },
				"south": { "uv": [ 5, 0, 6, 1 ], "texture": "#texture3" },
				"west": { "uv": [ 8, 1, 9, 7 ], "texture": "#texture" },
				"east": { "uv": [ 5, 0, 6, 1 ], "texture": "#texture" }
			}
		},
		{
			"__comment": "Box1",
			"from": [ 6, 15, 10.5 ],
			"to": [ 8, 15.5, 16 ],
			"faces": {
				"down": { "uv": [ 6, 0, 8, 1 ], "texture": "#texture" },
				"up": { "uv": [ 5, 0, 6, 1 ], "texture": "#texture" },
				"north": { "uv": [ 5, 0, 6, 1 ], "texture": "#texture3" },
				"south": { "uv": [ 5, 0, 6, 1 ], "texture": "#texture3" },
				"west": { "uv": [ 5, 0, 6, 1 ], "texture": "#texture" },
				"east": { "uv": [ 5, 0, 6, 1 ], "texture": "#texture" }
			}
		},
		{
			"__comment": "Box1",
			"from": [ 6, 8.5, 10.5 ],
			"to": [ 8, 9, 16 ],
			"faces": {
				"down": { "uv": [ 5, 0, 6, 1 ], "texture": "#texture" },
				"up": { "uv": [ 6, 7, 8, 8 ], "texture": "#texture" },
				"north": { "uv": [ 5, 0, 6, 1 ], "texture": "#texture3" },
				"south": { "uv": [ 5, 0, 6, 1 ], "texture": "#texture3" },
				"west": { "uv": [ 5, 0, 6, 1 ], "texture": "#texture" },
				"east": { "uv": [ 5, 0, 6, 1 ], "texture": "#texture" }
			}
		},
		{
			"__comment": "Box1",
			"from": [ 10, 0, 0 ],
			"to": [ 16, 16, 0.5 ],
			"faces": {
				"down": { "uv": [ 0, 0, 16, 16 ], "texture": "#texture3", "rotation": 180 },
				"up": { "uv": [ 0, 0, 16, 16 ], "texture": "#texture3", "rotation": 180 },
				"north": { "uv": [ 0, 0, 6, 16 ], "texture": "#texture" },
				"south": { "uv": [ 0, 0, 16, 3 ], "texture": "#texture3" },
				"west": { "uv": [ 0, 0, 16, 3 ], "texture": "#texture3" },
				"east": { "uv": [ 0, 0, 16, 3 ], "texture": "#texture3" }
			}
		},
		{
			"__comment": "Box1",
			"from": [ 0, 0, 0 ],
			"to": [ 8, 16, 0.5 ],
			"faces": {
				"down": { "uv": [ 0, 0, 16, 16 ], "texture": "#texture3", "rotation": 180 },
				"up": { "uv": [ 0, 0, 16, 16 ], "texture": "#texture3", "rotation": 180 },
				"north": { "uv": [ 8, 0, 16, 16 ], "texture": "#texture" },
				"south": { "uv": [ 0, 0, 16, 3 ], "texture": "#texture3" },
				"west": { "uv": [ 0, 0, 16, 3 ], "texture": "#texture3" },
				"east": { "uv": [ 0, 0, 16, 3 ], "texture": "#texture3" }
			}
		},
		{
			"__comment": "Box1",
			"from": [ 8, 0, 0 ],
			"to": [ 10, 9, 0.5 ],
			"faces": {
				"down": { "uv": [ 0, 0, 16, 16 ], "texture": "#texture3", "rotation": 180 },
				"up": { "uv": [ 0, 0, 16, 16 ], "texture": "#texture3", "rotation": 180 },
				"north": { "uv": [ 6, 7, 8, 16 ], "texture": "#texture" },
				"south": { "uv": [ 0, 0, 16, 3 ], "texture": "#texture3" },
				"west": { "uv": [ 0, 0, 16, 3 ], "texture": "#texture3" },
				"east": { "uv": [ 0, 0, 16, 3 ], "texture": "#texture3" }
			}
		},
		{
			"__comment": "Box1",
			"from": [ 8, 15, 0 ],
			"to": [ 10, 16, 0.5 ],
			"faces": {
				"down": { "uv": [ 0, 0, 16, 16 ], "texture": "#texture3", "rotation": 180 },
				"up": { "uv": [ 0, 0, 16, 16 ], "texture": "#texture3", "rotation": 180 },
				"north": { "uv": [ 6, 0, 8, 1 ], "texture": "#texture" },
				"south": { "uv": [ 0, 0, 16, 3 ], "texture": "#texture3" },
				"west": { "uv": [ 0, 0, 16, 3 ], "texture": "#texture3" },
				"east": { "uv": [ 0, 0, 16, 3 ], "texture": "#texture3" }
			}
		},
		{
			"__comment": "Box1",
			"from": [ 10, 9, 0 ],
			"to": [ 12, 15, 5.5 ],
			"faces": {
				"down": { "uv": [ 5, 0, 6, 1 ], "texture": "#texture", "rotation": 180 },
				"up": { "uv": [ 4.5, 0, 5.5, 1 ], "texture": "#texture", "rotation": 180 },
				"north": { "uv": [ 5, 0, 6, 1 ], "texture": "#texture3" },
				"south": { "uv": [ 5, 0, 6, 1 ], "texture": "#texture3" },
				"west": { "uv": [ 5, 1, 6, 7 ], "texture": "#texture" },
				"east": { "uv": [ 8, 0, 9, 1 ], "texture": "#texture" }
			}
		},
		{
			"__comment": "Box1",
			"from": [ 6, 9, 0 ],
			"to": [ 8, 15, 5.5 ],
			"faces": {
				"down": { "uv": [ 5, 0, 6, 1 ], "texture": "#texture", "rotation": 180 },
				"up": { "uv": [ 5, 0, 6, 1 ], "texture": "#texture", "rotation": 180 },
				"north": { "uv": [ 5, 0, 6, 1 ], "texture": "#texture3" },
				"south": { "uv": [ 5, 0, 6, 1 ], "texture": "#texture3" },
				"west": { "uv": [ 5, 0, 6, 1 ], "texture": "#texture" },
				"east": { "uv": [ 8, 1, 9, 7 ], "texture": "#texture" }
			}
		},
		{
			"__comment": "Box1",
			"from": [ 8, 15, 0 ],
			"to": [ 10, 15.5, 5.5 ],
			"faces": {
				"down": { "uv": [ 6, 0, 8, 1 ], "texture": "#texture", "rotation": 180 },
				"up": { "uv": [ 5, 0, 6, 1 ], "texture": "#texture", "rotation": 180 },
				"north": { "uv": [ 5, 0, 6, 1 ], "texture": "#texture3" },
				"south": { "uv": [ 5, 0, 6, 1 ], "texture": "#texture3" },
				"west": { "uv": [ 5, 0, 6, 1 ], "texture": "#texture" },
				"east": { "uv": [ 5, 0, 6, 1 ], "texture": "#texture" }
			}
		},
		{
			"__comment": "Box1",
			"from": [ 8, 9, 5.5 ],
			"to": [ 10, 15, 6 ],
			"faces": {
				"down": { "uv": [ 5, 0, 6, 1 ], "texture": "#texture", "rotation": 180 },
				"up": { "uv": [ 5, 0, 6, 1 ], "texture": "#texture", "rotation": 180 },
				"north": { "uv": [ 10, 0, 11, 1 ], "texture": "#texture" },
				"south": { "uv": [ 9, 0, 10, 1 ], "texture": "#texture" },
				"west": { "uv": [ 6, 0, 7, 1 ], "texture": "#texture" },
				"east": { "uv": [ 7, 0, 8, 1 ], "texture": "#texture" }
			}
		},
		{
			"__comment": "Box1",
			"from": [ 8, 8.5, 0 ],
			"to": [ 10, 9, 5.5 ],
			"faces": {
				"down": { "uv": [ 5, 0, 6, 1 ], "texture": "#texture", "rotation": 180 },
				"up": { "uv": [ 6, 7, 8, 8 ], "texture": "#texture", "rotation": 180 },
				"north": { "uv": [ 5, 0, 6, 1 ], "texture": "#texture3" },
				"south": { "uv": [ 5, 0, 6, 1 ], "texture": "#texture3" },
				"west": { "uv": [ 5, 0, 6, 1 ], "texture": "#texture" },
				"east": { "uv": [ 5, 0, 6, 1 ], "texture": "#texture" }
			}
		},
		{
			"__comment": "Box1",
			"from": [ 6, 9, 10 ],
			"to": [ 8, 15, 10.5 ],
			"faces": {
				"down": { "uv": [ 5, 0, 6, 1 ], "texture": "#texture", "rotation": 180 },
				"up": { "uv": [ 5, 0, 6, 1 ], "texture": "#texture", "rotation": 180 },
				"north": { "uv": [ 10, 0, 11, 1 ], "texture": "#texture" },
				"south": { "uv": [ 10, 0, 11, 1 ], "texture": "#texture" },
				"west": { "uv": [ 6, 0, 7, 1 ], "texture": "#texture" },
				"east": { "uv": [ 7, 0, 8, 1 ], "texture": "#texture" }
			}
		}
	],
	"display": {
		"head": {
			"rotation":  [ 0, -90, 0 ],
			"translation":  [ 0, -4.83, 0 ],
			"scale":  [ 1.6, 1.6, 1.6 ]
		}
	}
}