{
	"__comment": "Designed by Mcmakistein with Cubik Studio - https://cubik.studio",
	"textures": {
		"particle": "custom/grass_side",
		"texture": "custom/bookshelf",
		"texture1": "custom/planks_oak",
		"texture2": "custom/planks_oak",
		"texture3": "custom/blank"
	},
	"elements": [ 	 
		{
			"__comment": "Box1",
			"from": [ 0, -16, 6 ],
			"to": [ 16, 0, 10 ],
			"faces": {
				"down": { "uv": [ 0, 5, 16, 9 ], "texture": "#texture2" },
				"up": { "uv": [ 0, 5, 16, 9 ], "texture": "#texture1" },
				"north": { "uv": [ 0, 0, 16, 16 ], "texture": "#texture" },
				"south": { "uv": [ 0, 0, 16, 16 ], "texture": "#texture" },
				"west": { "uv": [ 6, 0, 10, 16 ], "texture": "#texture" },
				"east": { "uv": [ 11, 0, 15, 16 ], "texture": "#texture" }
			}
		},
		{
			"__comment": "Box1",
			"from": [ 0, 0, 6 ],
			"to": [ 16, 16, 10 ],
			"faces": {
				"down": { "uv": [ 0, 5, 16, 9 ], "texture": "#texture2" },
				"up": { "uv": [ 0, 5, 16, 9 ], "texture": "#texture1" },
				"north": { "uv": [ 0, 0, 16, 16 ], "texture": "#texture" },
				"south": { "uv": [ 0, 0, 16, 16 ], "texture": "#texture" },
				"west": { "uv": [ 6, 0, 10, 16 ], "texture": "#texture" },
				"east": { "uv": [ 11, 0, 15, 16 ], "texture": "#texture" }
			}
		}
	],
	"display": {
		"head": {
			"rotation":  [ 0, -90, 0 ],
			"translation":  [ 0, -4.83, 0 ],
			"scale":  [ 1.6, 1.59, 1.6 ]
		}
	}
}