{
	"__comment": "Designed by Mcmakistein with Cubik Studio - https://cubik.studio",
	"textures": {
		"particle": "custom/blank",
		"texture": "custom/hardened_clay_stained_gray",
		"texture1": "custom/hardened_clay_stained_cyan",
		"texture2": "custom/hardened_clay_stained_black"
	},
	"elements": [ 	 
		{
			"__comment": "Box1",
			"from": [ 6, 4, 0 ],
			"to": [ 10, 12, 2 ],
			"faces": {
				"down": { "uv": [ 6, 14, 10, 16 ], "texture": "#texture" },
				"up": { "uv": [ 6, 0, 10, 2 ], "texture": "#texture" },
				"north": { "uv": [ 6, 4, 10, 12 ], "texture": "#texture" },
				"south": { "uv": [ 6, 4, 10, 12 ], "texture": "#texture" },
				"west": { "uv": [ 0, 4, 2, 12 ], "texture": "#texture" },
				"east": { "uv": [ 14, 4, 16, 12 ], "texture": "#texture" }
			}
		},
		{
			"__comment": "Box1",
			"from": [ 6, 0, 4 ],
			"to": [ 10, 2, 12 ],
			"faces": {
				"down": { "uv": [ 6, 4, 10, 12 ], "texture": "#texture" },
				"up": { "uv": [ 6, 4, 10, 12 ], "texture": "#texture" },
				"north": { "uv": [ 6, 14, 10, 16 ], "texture": "#texture" },
				"south": { "uv": [ 6, 14, 10, 16 ], "texture": "#texture" },
				"west": { "uv": [ 4, 14, 12, 16 ], "texture": "#texture" },
				"east": { "uv": [ 4, 14, 12, 16 ], "texture": "#texture" }
			}
		},
		{
			"__comment": "Box1",
			"from": [ 6, 2, 2 ],
			"to": [ 10, 4, 4 ],
			"faces": {
				"down": { "uv": [ 6, 12, 10, 14 ], "texture": "#texture" },
				"up": { "uv": [ 6, 2, 10, 4 ], "texture": "#texture" },
				"north": { "uv": [ 6, 12, 10, 14 ], "texture": "#texture" },
				"south": { "uv": [ 6, 12, 10, 14 ], "texture": "#texture" },
				"west": { "uv": [ 2, 12, 4, 14 ], "texture": "#texture" },
				"east": { "uv": [ 12, 12, 14, 14 ], "texture": "#texture" }
			}
		},
		{
			"__comment": "Box1",
			"from": [ 6, 4, 2 ],
			"to": [ 10, 6, 3 ],
			"faces": {
				"down": { "uv": [ 6, 13, 10, 14 ], "texture": "#texture" },
				"up": { "uv": [ 6, 2, 10, 3 ], "texture": "#texture" },
				"north": { "uv": [ 6, 10, 10, 12 ], "texture": "#texture" },
				"south": { "uv": [ 6, 10, 10, 12 ], "texture": "#texture" },
				"west": { "uv": [ 2, 10, 3, 12 ], "texture": "#texture" },
				"east": { "uv": [ 13, 10, 14, 12 ], "texture": "#texture" }
			}
		},
		{
			"__comment": "Box1",
			"from": [ 6, 2, 4 ],
			"to": [ 10, 3, 6 ],
			"faces": {
				"down": { "uv": [ 6, 10, 10, 12 ], "texture": "#texture" },
				"up": { "uv": [ 6, 4, 10, 6 ], "texture": "#texture" },
				"north": { "uv": [ 6, 13, 10, 14 ], "texture": "#texture" },
				"south": { "uv": [ 6, 13, 10, 14 ], "texture": "#texture" },
				"west": { "uv": [ 4, 13, 6, 14 ], "texture": "#texture" },
				"east": { "uv": [ 10, 13, 12, 14 ], "texture": "#texture" }
			}
		},
		{
			"__comment": "Box1",
			"from": [ 6, 1, 3 ],
			"to": [ 10, 2, 4 ],
			"faces": {
				"down": { "uv": [ 6, 12, 10, 13 ], "texture": "#texture" },
				"up": { "uv": [ 6, 3, 10, 4 ], "texture": "#texture" },
				"north": { "uv": [ 6, 14, 10, 15 ], "texture": "#texture" },
				"south": { "uv": [ 6, 14, 10, 15 ], "texture": "#texture" },
				"west": { "uv": [ 3, 14, 4, 15 ], "texture": "#texture" },
				"east": { "uv": [ 12, 14, 13, 15 ], "texture": "#texture" }
			}
		},
		{
			"__comment": "Box1",
			"from": [ 6, 3, 1 ],
			"to": [ 10, 4, 2 ],
			"faces": {
				"down": { "uv": [ 6, 14, 10, 15 ], "texture": "#texture" },
				"up": { "uv": [ 6, 1, 10, 2 ], "texture": "#texture" },
				"north": { "uv": [ 6, 12, 10, 13 ], "texture": "#texture" },
				"south": { "uv": [ 6, 12, 10, 13 ], "texture": "#texture" },
				"west": { "uv": [ 1, 12, 2, 13 ], "texture": "#texture" },
				"east": { "uv": [ 14, 12, 15, 13 ], "texture": "#texture" }
			}
		},
		{
			"__comment": "Box1",
			"from": [ 6, 14, 4 ],
			"to": [ 10, 16, 12 ],
			"faces": {
				"down": { "uv": [ 6, 4, 10, 12 ], "texture": "#texture" },
				"up": { "uv": [ 6, 4, 10, 12 ], "texture": "#texture" },
				"north": { "uv": [ 6, 0, 10, 2 ], "texture": "#texture" },
				"south": { "uv": [ 6, 0, 10, 2 ], "texture": "#texture" },
				"west": { "uv": [ 4, 0, 12, 2 ], "texture": "#texture" },
				"east": { "uv": [ 4, 0, 12, 2 ], "texture": "#texture" }
			}
		},
		{
			"__comment": "Box1",
			"from": [ 6, 4, 14 ],
			"to": [ 10, 12, 16 ],
			"faces": {
				"down": { "uv": [ 6, 0, 10, 2 ], "texture": "#texture" },
				"up": { "uv": [ 6, 14, 10, 16 ], "texture": "#texture" },
				"north": { "uv": [ 6, 4, 10, 12 ], "texture": "#texture" },
				"south": { "uv": [ 6, 4, 10, 12 ], "texture": "#texture" },
				"west": { "uv": [ 14, 4, 16, 12 ], "texture": "#texture" },
				"east": { "uv": [ 0, 4, 2, 12 ], "texture": "#texture" }
			}
		},
		{
			"__comment": "Box1",
			"from": [ 6, 12, 2 ],
			"to": [ 10, 14, 4 ],
			"faces": {
				"down": { "uv": [ 6, 12, 10, 14 ], "texture": "#texture" },
				"up": { "uv": [ 6, 2, 10, 4 ], "texture": "#texture" },
				"north": { "uv": [ 6, 2, 10, 4 ], "texture": "#texture" },
				"south": { "uv": [ 6, 2, 10, 4 ], "texture": "#texture" },
				"west": { "uv": [ 2, 2, 4, 4 ], "texture": "#texture" },
				"east": { "uv": [ 12, 2, 14, 4 ], "texture": "#texture" }
			}
		},
		{
			"__comment": "Box1",
			"from": [ 6, 12, 12 ],
			"to": [ 10, 14, 14 ],
			"faces": {
				"down": { "uv": [ 6, 2, 10, 4 ], "texture": "#texture" },
				"up": { "uv": [ 6, 12, 10, 14 ], "texture": "#texture" },
				"north": { "uv": [ 6, 2, 10, 4 ], "texture": "#texture" },
				"south": { "uv": [ 6, 2, 10, 4 ], "texture": "#texture" },
				"west": { "uv": [ 12, 2, 14, 4 ], "texture": "#texture" },
				"east": { "uv": [ 2, 2, 4, 4 ], "texture": "#texture" }
			}
		},
		{
			"__comment": "Box1",
			"from": [ 6, 2, 12 ],
			"to": [ 10, 4, 14 ],
			"faces": {
				"down": { "uv": [ 6, 2, 10, 4 ], "texture": "#texture" },
				"up": { "uv": [ 6, 12, 10, 14 ], "texture": "#texture" },
				"north": { "uv": [ 6, 12, 10, 14 ], "texture": "#texture" },
				"south": { "uv": [ 6, 12, 10, 14 ], "texture": "#texture" },
				"west": { "uv": [ 12, 12, 14, 14 ], "texture": "#texture" },
				"east": { "uv": [ 2, 12, 4, 14 ], "texture": "#texture" }
			}
		},
		{
			"__comment": "Box13",
			"from": [ 7.5, 2, 2 ],
			"to": [ 8.5, 14, 14 ],
			"faces": {
				"down": { "uv": [ 7.5, 2, 8.5, 14 ], "texture": "#texture1" },
				"up": { "uv": [ 7.5, 2, 8.5, 14 ], "texture": "#texture1" },
				"north": { "uv": [ 7.5, 2, 8.5, 14 ], "texture": "#texture1" },
				"south": { "uv": [ 7.5, 2, 8.5, 14 ], "texture": "#texture1" },
				"west": { "uv": [ 2, 2, 14, 14 ], "texture": "#texture1" },
				"east": { "uv": [ 2, 2, 14, 14 ], "texture": "#texture1" }
			}
		},
		{
			"__comment": "Box1",
			"from": [ 6, 1, 12 ],
			"to": [ 10, 2, 13 ],
			"faces": {
				"down": { "uv": [ 6, 3, 10, 4 ], "texture": "#texture" },
				"up": { "uv": [ 6, 12, 10, 13 ], "texture": "#texture" },
				"north": { "uv": [ 6, 14, 10, 15 ], "texture": "#texture" },
				"south": { "uv": [ 6, 14, 10, 15 ], "texture": "#texture" },
				"west": { "uv": [ 12, 14, 13, 15 ], "texture": "#texture" },
				"east": { "uv": [ 3, 14, 4, 15 ], "texture": "#texture" }
			}
		},
		{
			"__comment": "Box1",
			"from": [ 6, 3, 14 ],
			"to": [ 10, 4, 15 ],
			"faces": {
				"down": { "uv": [ 6, 1, 10, 2 ], "texture": "#texture" },
				"up": { "uv": [ 6, 14, 10, 15 ], "texture": "#texture" },
				"north": { "uv": [ 6, 12, 10, 13 ], "texture": "#texture" },
				"south": { "uv": [ 6, 12, 10, 13 ], "texture": "#texture" },
				"west": { "uv": [ 14, 12, 15, 13 ], "texture": "#texture" },
				"east": { "uv": [ 1, 12, 2, 13 ], "texture": "#texture" }
			}
		},
		{
			"__comment": "Box1",
			"from": [ 6, 2, 10 ],
			"to": [ 10, 3, 12 ],
			"faces": {
				"down": { "uv": [ 6, 4, 10, 6 ], "texture": "#texture" },
				"up": { "uv": [ 6, 10, 10, 12 ], "texture": "#texture" },
				"north": { "uv": [ 6, 13, 10, 14 ], "texture": "#texture" },
				"south": { "uv": [ 6, 13, 10, 14 ], "texture": "#texture" },
				"west": { "uv": [ 10, 13, 12, 14 ], "texture": "#texture" },
				"east": { "uv": [ 4, 13, 6, 14 ], "texture": "#texture" }
			}
		},
		{
			"__comment": "Box1",
			"from": [ 6, 4, 13 ],
			"to": [ 10, 6, 14 ],
			"faces": {
				"down": { "uv": [ 6, 2, 10, 3 ], "texture": "#texture" },
				"up": { "uv": [ 6, 13, 10, 14 ], "texture": "#texture" },
				"north": { "uv": [ 6, 10, 10, 12 ], "texture": "#texture" },
				"south": { "uv": [ 6, 10, 10, 12 ], "texture": "#texture" },
				"west": { "uv": [ 13, 10, 14, 12 ], "texture": "#texture" },
				"east": { "uv": [ 2, 10, 3, 12 ], "texture": "#texture" }
			}
		},
		{
			"__comment": "Box1",
			"from": [ 6, 10, 13 ],
			"to": [ 10, 12, 14 ],
			"faces": {
				"down": { "uv": [ 6, 2, 10, 3 ], "texture": "#texture" },
				"up": { "uv": [ 6, 13, 10, 14 ], "texture": "#texture" },
				"north": { "uv": [ 6, 4, 10, 6 ], "texture": "#texture" },
				"south": { "uv": [ 6, 4, 10, 6 ], "texture": "#texture" },
				"west": { "uv": [ 13, 4, 14, 6 ], "texture": "#texture" },
				"east": { "uv": [ 2, 4, 3, 6 ], "texture": "#texture" }
			}
		},
		{
			"__comment": "Box1",
			"from": [ 6, 10, 2 ],
			"to": [ 10, 12, 3 ],
			"faces": {
				"down": { "uv": [ 6, 13, 10, 14 ], "texture": "#texture" },
				"up": { "uv": [ 6, 2, 10, 3 ], "texture": "#texture" },
				"north": { "uv": [ 6, 4, 10, 6 ], "texture": "#texture" },
				"south": { "uv": [ 6, 4, 10, 6 ], "texture": "#texture" },
				"west": { "uv": [ 2, 4, 3, 6 ], "texture": "#texture" },
				"east": { "uv": [ 13, 4, 14, 6 ], "texture": "#texture" }
			}
		},
		{
			"__comment": "Box1",
			"from": [ 6, 13, 4 ],
			"to": [ 10, 14, 6 ],
			"faces": {
				"down": { "uv": [ 6, 10, 10, 12 ], "texture": "#texture" },
				"up": { "uv": [ 6, 4, 10, 6 ], "texture": "#texture" },
				"north": { "uv": [ 6, 2, 10, 3 ], "texture": "#texture" },
				"south": { "uv": [ 6, 2, 10, 3 ], "texture": "#texture" },
				"west": { "uv": [ 4, 2, 6, 3 ], "texture": "#texture" },
				"east": { "uv": [ 10, 2, 12, 3 ], "texture": "#texture" }
			}
		},
		{
			"__comment": "Box1",
			"from": [ 6, 13, 10 ],
			"to": [ 10, 14, 12 ],
			"faces": {
				"down": { "uv": [ 6, 4, 10, 6 ], "texture": "#texture" },
				"up": { "uv": [ 6, 10, 10, 12 ], "texture": "#texture" },
				"north": { "uv": [ 6, 2, 10, 3 ], "texture": "#texture" },
				"south": { "uv": [ 6, 2, 10, 3 ], "texture": "#texture" },
				"west": { "uv": [ 10, 2, 12, 3 ], "texture": "#texture" },
				"east": { "uv": [ 4, 2, 6, 3 ], "texture": "#texture" }
			}
		},
		{
			"__comment": "Box1",
			"from": [ 6, 12, 14 ],
			"to": [ 10, 13, 15 ],
			"faces": {
				"down": { "uv": [ 6, 1, 10, 2 ], "texture": "#texture" },
				"up": { "uv": [ 6, 14, 10, 15 ], "texture": "#texture" },
				"north": { "uv": [ 6, 3, 10, 4 ], "texture": "#texture" },
				"south": { "uv": [ 6, 3, 10, 4 ], "texture": "#texture" },
				"west": { "uv": [ 14, 3, 15, 4 ], "texture": "#texture" },
				"east": { "uv": [ 1, 3, 2, 4 ], "texture": "#texture" }
			}
		},
		{
			"__comment": "Box1",
			"from": [ 6, 14, 12 ],
			"to": [ 10, 15, 13 ],
			"faces": {
				"down": { "uv": [ 6, 3, 10, 4 ], "texture": "#texture" },
				"up": { "uv": [ 6, 12, 10, 13 ], "texture": "#texture" },
				"north": { "uv": [ 6, 1, 10, 2 ], "texture": "#texture" },
				"south": { "uv": [ 6, 1, 10, 2 ], "texture": "#texture" },
				"west": { "uv": [ 12, 1, 13, 2 ], "texture": "#texture" },
				"east": { "uv": [ 3, 1, 4, 2 ], "texture": "#texture" }
			}
		},
		{
			"__comment": "Box1",
			"from": [ 6, 14, 3 ],
			"to": [ 10, 15, 4 ],
			"faces": {
				"down": { "uv": [ 6, 12, 10, 13 ], "texture": "#texture" },
				"up": { "uv": [ 6, 3, 10, 4 ], "texture": "#texture" },
				"north": { "uv": [ 6, 1, 10, 2 ], "texture": "#texture" },
				"south": { "uv": [ 6, 1, 10, 2 ], "texture": "#texture" },
				"west": { "uv": [ 3, 1, 4, 2 ], "texture": "#texture" },
				"east": { "uv": [ 12, 1, 13, 2 ], "texture": "#texture" }
			}
		},
		{
			"__comment": "Box1",
			"from": [ 6, 12, 1 ],
			"to": [ 10, 13, 2 ],
			"faces": {
				"down": { "uv": [ 6, 14, 10, 15 ], "texture": "#texture" },
				"up": { "uv": [ 6, 1, 10, 2 ], "texture": "#texture" },
				"north": { "uv": [ 6, 3, 10, 4 ], "texture": "#texture" },
				"south": { "uv": [ 6, 3, 10, 4 ], "texture": "#texture" },
				"west": { "uv": [ 1, 3, 2, 4 ], "texture": "#texture" },
				"east": { "uv": [ 14, 3, 15, 4 ], "texture": "#texture" }
			}
		},
		{
			"__comment": "Box1",
			"from": [ 7, -13.5, 7 ],
			"to": [ 9, 0, 9 ],
			"faces": {
				"down": { "uv": [ 7, 7, 9, 9 ], "texture": "#texture" },
				"up": { "uv": [ 7, 7, 9, 9 ], "texture": "#texture" },
				"north": { "uv": [ 7, 0, 9, 13.5 ], "texture": "#texture" },
				"south": { "uv": [ 7, 0, 9, 13.5 ], "texture": "#texture" },
				"west": { "uv": [ 7, 0, 9, 13.5 ], "texture": "#texture" },
				"east": { "uv": [ 7, 0, 9, 13.5 ], "texture": "#texture" }
			}
		},
		{
			"__comment": "Box27",
			"from": [ 7, -1, 6.5 ],
			"to": [ 9, 0, 7 ],
			"faces": {
				"down": { "uv": [ 7, 9, 9, 9.5 ], "texture": "#texture2" },
				"up": { "uv": [ 7, 6.5, 9, 7 ], "texture": "#texture2" },
				"north": { "uv": [ 7, 0, 9, 1 ], "texture": "#texture2" },
				"south": { "uv": [ 7, 0, 9, 1 ], "texture": "#texture2" },
				"west": { "uv": [ 6.5, 0, 7, 1 ], "texture": "#texture2" },
				"east": { "uv": [ 9, 0, 9.5, 1 ], "texture": "#texture2" }
			}
		},
		{
			"__comment": "Box27",
			"from": [ 7, -1, 9 ],
			"to": [ 9, 0, 9.5 ],
			"faces": {
				"down": { "uv": [ 7, 6.5, 9, 7 ], "texture": "#texture2" },
				"up": { "uv": [ 7, 9, 9, 9.5 ], "texture": "#texture2" },
				"north": { "uv": [ 7, 0, 9, 1 ], "texture": "#texture2" },
				"south": { "uv": [ 7, 0, 9, 1 ], "texture": "#texture2" },
				"west": { "uv": [ 9, 0, 9.5, 1 ], "texture": "#texture2" },
				"east": { "uv": [ 6.5, 0, 7, 1 ], "texture": "#texture2" }
			}
		},
		{
			"__comment": "Box27",
			"from": [ 6.5, -1, 7 ],
			"to": [ 9.5, 0, 9 ],
			"faces": {
				"down": { "uv": [ 6.5, 7, 9.5, 9 ], "texture": "#texture2" },
				"up": { "uv": [ 6.5, 7, 9.5, 9 ], "texture": "#texture2" },
				"north": { "uv": [ 6.5, 0, 9.5, 1 ], "texture": "#texture2" },
				"south": { "uv": [ 6.5, 0, 9.5, 1 ], "texture": "#texture2" },
				"west": { "uv": [ 7, 0, 9, 1 ], "texture": "#texture2" },
				"east": { "uv": [ 7, 0, 9, 1 ], "texture": "#texture2" }
			}
		},
		{
			"__comment": "Box27",
			"from": [ 6.5, -15.5, 7 ],
			"to": [ 9.5, -6.5, 9 ],
			"faces": {
				"down": { "uv": [ 6.5, 7, 9.5, 9 ], "texture": "#texture2" },
				"up": { "uv": [ 6.5, 7, 9.5, 9 ], "texture": "#texture2" },
				"north": { "uv": [ 6.5, 6.5, 9.5, 15.5 ], "texture": "#texture2" },
				"south": { "uv": [ 6.5, 6.5, 9.5, 15.5 ], "texture": "#texture2" },
				"west": { "uv": [ 7, 6.5, 9, 15.5 ], "texture": "#texture2" },
				"east": { "uv": [ 7, 6.5, 9, 15.5 ], "texture": "#texture2" }
			}
		},
		{
			"__comment": "Box27",
			"from": [ 7, -15.5, 6.5 ],
			"to": [ 9, -6.5, 9.5 ],
			"faces": {
				"down": { "uv": [ 7, 6.5, 9, 9.5 ], "texture": "#texture2" },
				"up": { "uv": [ 7, 6.5, 9, 9.5 ], "texture": "#texture2" },
				"north": { "uv": [ 7, 6.5, 9, 15.5 ], "texture": "#texture2" },
				"south": { "uv": [ 7, 6.5, 9, 15.5 ], "texture": "#texture2" },
				"west": { "uv": [ 6.5, 6.5, 9.5, 15.5 ], "texture": "#texture2" },
				"east": { "uv": [ 6.5, 6.5, 9.5, 15.5 ], "texture": "#texture2" }
			}
		},
		{
			"__comment": "Box27",
			"from": [ 7, -16, 7 ],
			"to": [ 9, -15.5, 9 ],
			"faces": {
				"down": { "uv": [ 7, 7, 9, 9 ], "texture": "#texture2" },
				"up": { "uv": [ 7, 7, 9, 9 ], "texture": "#texture2" },
				"north": { "uv": [ 7, 15.5, 9, 16 ], "texture": "#texture2" },
				"south": { "uv": [ 7, 15.5, 9, 16 ], "texture": "#texture2" },
				"west": { "uv": [ 7, 15.5, 9, 16 ], "texture": "#texture2" },
				"east": { "uv": [ 7, 15.5, 9, 16 ], "texture": "#texture2" }
			}
		},
		{
			"__comment": "Box27",
			"from": [ 7.5, -6.5, 6.5 ],
			"to": [ 8.5, -6, 9.5 ],
			"faces": {
				"down": { "uv": [ 7.5, 6.5, 8.5, 9.5 ], "texture": "#texture2" },
				"up": { "uv": [ 7.5, 6.5, 8.5, 9.5 ], "texture": "#texture2" },
				"north": { "uv": [ 7.5, 6, 8.5, 6.5 ], "texture": "#texture2" },
				"south": { "uv": [ 7.5, 6, 8.5, 6.5 ], "texture": "#texture2" },
				"west": { "uv": [ 6.5, 6, 9.5, 6.5 ], "texture": "#texture2" },
				"east": { "uv": [ 6.5, 6, 9.5, 6.5 ], "texture": "#texture2" }
			}
		},
		{
			"__comment": "Box27",
			"from": [ 6.5, -6.5, 7.5 ],
			"to": [ 9.5, -6, 8.5 ],
			"faces": {
				"down": { "uv": [ 6.5, 7.5, 9.5, 8.5 ], "texture": "#texture2" },
				"up": { "uv": [ 6.5, 7.5, 9.5, 8.5 ], "texture": "#texture2" },
				"north": { "uv": [ 6.5, 6, 9.5, 6.5 ], "texture": "#texture2" },
				"south": { "uv": [ 6.5, 6, 9.5, 6.5 ], "texture": "#texture2" },
				"west": { "uv": [ 7.5, 6, 8.5, 6.5 ], "texture": "#texture2" },
				"east": { "uv": [ 7.5, 6, 8.5, 6.5 ], "texture": "#texture2" }
			}
		}
	],
	"display": {
		"thirdperson_righthand": {
			"rotation":  [ 14, -107, -6 ],
			"translation":  [ 0.6956, 5.5652, 2.0869 ],
			"scale":  [ 0.3, 0.3, 0.3 ]
		},
		"thirdperson_lefthand": {
			"rotation":  [ 14, -71, -6 ],
			"translation":  [ 0.6956, 5.5652, 2.0869 ],
			"scale":  [ 0.3, 0.3, 0.3 ]
		},
		"firstperson_righthand": {
			"rotation":  [ 11, 96, -16 ],
			"translation":  [ 27.129, -2.086, -36.17 ]
		},
		"firstperson_lefthand": {
			"rotation":  [ 11, 87, -16 ],
			"translation":  [ 25.737, -2.086, -36.17 ]
		},
		"gui": {
			"rotation":  [ 16, 117, -5 ],
			"translation":  [ 0, 2.7826, 0 ],
			"scale":  [ 0.4, 0.4, 0.4 ]
		},
		"ground": {
			"rotation":  [ -75, -75, 0 ],
			"translation":  [ 0, 0, -1.391 ],
			"scale":  [ 0.2, 0.2, 0.2 ]
		}
	}
}