{
"dubstep":{
"sounds":[{"name":"custom/dubstep","stream":true}],"category":"master"},
"dva_mech_hit":{
"sounds":[{"name":"custom/dva/dva_mech_hit","stream":true}],"category":"master"},
"dva_mech_boosters":{
"sounds":[{"name":"custom/dva/dva_mech_boosters","stream":true}],"category":"master"},
"dva_missiles":{
"sounds":[{"name":"custom/dva/dva_missiles","stream":true}],"category":"master"},
"matrix_start":{
"sounds":[{"name":"custom/dva/matrix_start","stream":true}],"category":"master"},
"matrix_stop":{
"sounds":[{"name":"custom/dva/matrix_stop","stream":true}],"category":"master"},
"matrix_eat":{
"sounds":[{"name":"custom/dva/matrix_eat","stream":true}],"category":"master"},
"ult1":{
"sounds":[{"name":"custom/dva/ult1","stream":true}],"category":"master"},
"ult2":{
"sounds":[{"name":"custom/dva/ult2","stream":true}],"category":"master"},
"baby_shoot":{
"sounds":[{"name":"custom/dva/baby_shoot","stream":true}],"category":"master"},
"baby_reload":{
"sounds":[{"name":"custom/dva/baby_reload","stream":true}],"category":"master"},
"baby_hit":{
"sounds":[{"name":"custom/dva/baby_hit","stream":true}],"category":"master"},
"df_charge":{
"sounds":[{"name":"custom/df_charge","stream":true}],"category":"master"},
"df_jump":{
"sounds":[{"name":"custom/df_jump","stream":true}],"category":"master"},
"df_shoot":{
"sounds":[{"name":"custom/df_shoot","stream":true}],"category":"master"},
"df_land":{
"sounds":[{"name":"custom/df_land","stream":true}],"category":"master"},
"df_meteorstrike1":{
"sounds":[{"name":"custom/df_meteorstrike1","stream":true}],"category":"master"},
"df_meteorstrike2":{
"sounds":[{"name":"custom/df_meteorstrike2","stream":true}],"category":"master"},
"df_risinguppercut":{
"sounds":[{"name":"custom/df_risinguppercut","stream":true}],"category":"master"},
"df_hit":{
"sounds":[{"name":"custom/df_hit","stream":true}],"category":"master"},
"df_wall":{
"sounds":[{"name":"custom/df_wall","stream":true}],"category":"master"},
"df_rocketfist":{
"sounds":[{"name":"custom/df_rocketfist","stream":true}],"category":"master"}
}