{
	"__comment": "Made by ItsZender.",
    "parent": "item/handheld",
    "textures": {
        "layer0": "items/diamond_hoe"
    },
	"overrides": [
		{ "predicate": { "damaged":0, "damage": 0.9929532351}, "model": "item/allmodels/megazordwalking"},
		{ "predicate": { "damaged":0, "damage": 0.99359385009}, "model": "item/allmodels/megazord"},
		{ "predicate": { "damaged":0, "damage": 0.99423446508}, "model": "item/allmodels/pinkzordwalking"},
		{ "predicate": { "damaged":0, "damage": 0.99487508007}, "model": "item/allmodels/pinkzord"},
		{ "predicate": { "damaged":0, "damage": 0.99551569506}, "model": "item/allmodels/yellowzordwalking"},
		{ "predicate": { "damaged":0, "damage": 0.99615631005}, "model": "item/allmodels/yellowzord"},
		{ "predicate": { "damaged":0, "damage": 0.99679692504}, "model": "item/allmodels/blackzordwalking"},
		{ "predicate": { "damaged":0, "damage": 0.99743754003}, "model": "item/allmodels/blackzord"},
		{ "predicate": { "damaged":0, "damage": 0.99807815502}, "model": "item/allmodels/bluezordwalking"},
		{ "predicate": { "damaged":0, "damage": 0.99871877001}, "model": "item/allmodels/bluezord"},
		{ "predicate": { "damaged":0, "damage": 0.99935938501}, "model": "item/allmodels/redzordwalking"},
		{ "predicate": { "damaged":0, "damage": 1.0}, "model": "item/allmodels/redzord"}
	]
}