{
	"__comment": "Designed by Mcmakistein with Cubik Studio - https://cubik.studio",
	"textures": {
		"particle": "custom/1",
		"texture": "custom/1"
	},
	"elements": [ 	 
		{
			"__comment": "Box1",
			"from": [ -2, 0, 0 ],
			"to": [ 0, 16, 16 ],
			"faces": {
				"down": { "uv": [ 3, 0, 3.5, 0.5 ], "texture": "#texture" },
				"up": { "uv": [ 3, 0, 3.5, 0.5 ], "texture": "#texture" },
				"north": { "uv": [ 3, 0, 3.5, 0.5 ], "texture": "#texture" },
				"south": { "uv": [ 3, 0, 3.5, 0.5 ], "texture": "#texture" },
				"west": { "uv": [ 3, 0, 3.5, 0.5 ], "texture": "#texture" },
				"east": { "uv": [ 3, 0, 3.5, 0.5 ], "texture": "#texture" }
			}
		},
		{
			"__comment": "Box1",
			"from": [ 16, 0, 0 ],
			"to": [ 18, 16, 16 ],
			"faces": {
				"down": { "uv": [ 3, 0, 3.5, 0.5 ], "texture": "#texture" },
				"up": { "uv": [ 3, 0, 3.5, 0.5 ], "texture": "#texture" },
				"north": { "uv": [ 3, 0, 3.5, 0.5 ], "texture": "#texture" },
				"south": { "uv": [ 3, 0, 3.5, 0.5 ], "texture": "#texture" },
				"west": { "uv": [ 3, 0, 3.5, 0.5 ], "texture": "#texture" },
				"east": { "uv": [ 3, 0, 3.5, 0.5 ], "texture": "#texture" }
			}
		},
		{
			"__comment": "Box1",
			"from": [ 0, 0, 16 ],
			"to": [ 16, 16, 18 ],
			"faces": {
				"down": { "uv": [ 3, 0, 3.5, 0.5 ], "texture": "#texture" },
				"up": { "uv": [ 3, 0, 3.5, 0.5 ], "texture": "#texture" },
				"north": { "uv": [ 3, 0, 3.5, 0.5 ], "texture": "#texture" },
				"south": { "uv": [ 3, 0, 3.5, 0.5 ], "texture": "#texture" },
				"west": { "uv": [ 3, 0, 3.5, 0.5 ], "texture": "#texture" },
				"east": { "uv": [ 3, 0, 3.5, 0.5 ], "texture": "#texture" }
			}
		},
		{
			"__comment": "Box1",
			"from": [ 0, 0, -2 ],
			"to": [ 16, 16, 0 ],
			"faces": {
				"down": { "uv": [ 3, 0, 3.5, 0.5 ], "texture": "#texture" },
				"up": { "uv": [ 3, 0, 3.5, 0.5 ], "texture": "#texture" },
				"north": { "uv": [ 3, 0, 3.5, 0.5 ], "texture": "#texture" },
				"south": { "uv": [ 3, 0, 3.5, 0.5 ], "texture": "#texture" },
				"west": { "uv": [ 3, 0, 3.5, 0.5 ], "texture": "#texture" },
				"east": { "uv": [ 3, 0, 3.5, 0.5 ], "texture": "#texture" }
			}
		},
		{
			"__comment": "Box1",
			"from": [ 0, -2, 0 ],
			"to": [ 16, 0, 16 ],
			"faces": {
				"down": { "uv": [ 3, 0, 3.5, 0.5 ], "texture": "#texture" },
				"up": { "uv": [ 3, 0, 3.5, 0.5 ], "texture": "#texture" },
				"north": { "uv": [ 3, 0, 3.5, 0.5 ], "texture": "#texture" },
				"south": { "uv": [ 3, 0, 3.5, 0.5 ], "texture": "#texture" },
				"west": { "uv": [ 3, 0, 3.5, 0.5 ], "texture": "#texture" },
				"east": { "uv": [ 3, 0, 3.5, 0.5 ], "texture": "#texture" }
			}
		},
		{
			"__comment": "Box1",
			"from": [ 0, 16, 0 ],
			"to": [ 16, 18, 16 ],
			"faces": {
				"down": { "uv": [ 3, 0, 3.5, 0.5 ], "texture": "#texture" },
				"up": { "uv": [ 3, 0, 3.5, 0.5 ], "texture": "#texture" },
				"north": { "uv": [ 3, 0, 3.5, 0.5 ], "texture": "#texture" },
				"south": { "uv": [ 3, 0, 3.5, 0.5 ], "texture": "#texture" },
				"west": { "uv": [ 3, 0, 3.5, 0.5 ], "texture": "#texture" },
				"east": { "uv": [ 3, 0, 3.5, 0.5 ], "texture": "#texture" }
			}
		}
	],
	"display": {
		"head": {
			"rotation":  [ -3, -4, 2 ],
			"translation":  [ 0, -38.95, 0 ],
			"scale":  [ 0.4, 0.4, 0.4 ]
		}
	}
}