{
	"__comment": "Designed by Mcmakistein with Cubik Studio - https://cubik.studio",
	"textures": {
		"particle": "custom/1",
		"texture": "custom/1"
	},
	"elements": [ 	 
		{
			"__comment": "Box1",
			"from": [ 0, 9.5, 6 ],
			"to": [ 6, 11, 10 ],
			"faces": {
				"down": { "uv": [ 0, 1, 0.5, 1.5 ], "texture": "#texture" },
				"up": { "uv": [ 0, 1, 0.5, 1.5 ], "texture": "#texture" },
				"north": { "uv": [ 0, 1, 0.5, 1.5 ], "texture": "#texture" },
				"south": { "uv": [ 0, 1, 0.5, 1.5 ], "texture": "#texture" },
				"west": { "uv": [ 0, 1, 0.5, 1.5 ], "texture": "#texture" },
				"east": { "uv": [ 0, 1, 0.5, 1.5 ], "texture": "#texture" }
			}
		},
		{
			"__comment": "Box1",
			"from": [ 2, 2.5, 6 ],
			"to": [ 6, 9.5, 10 ],
			"faces": {
				"down": { "uv": [ 0, 1, 0.5, 1.5 ], "texture": "#texture" },
				"up": { "uv": [ 0, 1, 0.5, 1.5 ], "texture": "#texture" },
				"north": { "uv": [ 0, 1, 0.5, 1.5 ], "texture": "#texture" },
				"south": { "uv": [ 0, 1, 0.5, 1.5 ], "texture": "#texture" },
				"west": { "uv": [ 0, 1, 0.5, 1.5 ], "texture": "#texture" },
				"east": { "uv": [ 0, 1, 0.5, 1.5 ], "texture": "#texture" }
			}
		},
		{
			"__comment": "Box1",
			"from": [ 0, 9.5, 6 ],
			"to": [ 5, 11.5, 10 ],
			"rotation": { "origin": [ 0, 9.5, 6 ], "axis": "z", "angle": -22.5 },
			"faces": {
				"down": { "uv": [ 0, 1, 0.5, 1.5 ], "texture": "#texture" },
				"up": { "uv": [ 0, 1, 0.5, 1.5 ], "texture": "#texture" },
				"north": { "uv": [ 0, 1, 0.5, 1.5 ], "texture": "#texture" },
				"south": { "uv": [ 0, 1, 0.5, 1.5 ], "texture": "#texture" },
				"west": { "uv": [ 0, 1, 0.5, 1.5 ], "texture": "#texture" },
				"east": { "uv": [ 0, 1, 0.5, 1.5 ], "texture": "#texture" }
			}
		},
		{
			"__comment": "Box1",
			"from": [ 8, 9.5, 6 ],
			"to": [ 15, 13, 10 ],
			"faces": {
				"down": { "uv": [ 0, 1, 0.5, 1.5 ], "texture": "#texture" },
				"up": { "uv": [ 0, 1, 0.5, 1.5 ], "texture": "#texture" },
				"north": { "uv": [ 0, 1, 0.5, 1.5 ], "texture": "#texture" },
				"south": { "uv": [ 0, 1, 0.5, 1.5 ], "texture": "#texture" },
				"west": { "uv": [ 0, 1, 0.5, 1.5 ], "texture": "#texture" },
				"east": { "uv": [ 0, 1, 0.5, 1.5 ], "texture": "#texture" }
			}
		},
		{
			"__comment": "Box1",
			"from": [ 6, 10.5, 6 ],
			"to": [ 8, 13, 10 ],
			"faces": {
				"down": { "uv": [ 0, 1, 0.5, 1.5 ], "texture": "#texture" },
				"up": { "uv": [ 0, 1, 0.5, 1.5 ], "texture": "#texture" },
				"north": { "uv": [ 0, 1, 0.5, 1.5 ], "texture": "#texture" },
				"south": { "uv": [ 0, 1, 0.5, 1.5 ], "texture": "#texture" },
				"west": { "uv": [ 0, 1, 0.5, 1.5 ], "texture": "#texture" },
				"east": { "uv": [ 0, 1, 0.5, 1.5 ], "texture": "#texture" }
			}
		},
		{
			"__comment": "Box1",
			"from": [ 8, 9.5, 6 ],
			"to": [ 9.5, 11, 10 ],
			"rotation": { "origin": [ 8, 9.5, 6 ], "axis": "z", "angle": 45 },
			"faces": {
				"down": { "uv": [ 0, 1, 0.5, 1.5 ], "texture": "#texture" },
				"up": { "uv": [ 0, 1, 0.5, 1.5 ], "texture": "#texture" },
				"north": { "uv": [ 0, 1, 0.5, 1.5 ], "texture": "#texture" },
				"south": { "uv": [ 0, 1, 0.5, 1.5 ], "texture": "#texture" },
				"west": { "uv": [ 0, 1, 0.5, 1.5 ], "texture": "#texture" },
				"east": { "uv": [ 0, 1, 0.5, 1.5 ], "texture": "#texture" }
			}
		},
		{
			"__comment": "Box1",
			"from": [ 6, 8.5, 6.5 ],
			"to": [ 13, 12, 9.5 ],
			"faces": {
				"down": { "uv": [ 1, 1, 1.5, 1.5 ], "texture": "#texture" },
				"up": { "uv": [ 1, 1, 1.5, 1.5 ], "texture": "#texture" },
				"north": { "uv": [ 1, 1, 1.5, 1.5 ], "texture": "#texture" },
				"south": { "uv": [ 1, 1, 1.5, 1.5 ], "texture": "#texture" },
				"west": { "uv": [ 1, 1, 1.5, 1.5 ], "texture": "#texture" },
				"east": { "uv": [ 1, 1, 1.5, 1.5 ], "texture": "#texture" }
			}
		},
		{
			"__comment": "Box1",
			"from": [ 5, 9, 6 ],
			"to": [ 6.5, 10.5, 10 ],
			"rotation": { "origin": [ 6.5, 10.5, 6 ], "axis": "z", "angle": -22.5 },
			"faces": {
				"down": { "uv": [ 0, 1, 0.5, 1.5 ], "texture": "#texture", "rotation": 180 },
				"up": { "uv": [ 0, 1, 0.5, 1.5 ], "texture": "#texture", "rotation": 180 },
				"north": { "uv": [ 0.5, 1.5, 0, 1 ], "texture": "#texture" },
				"south": { "uv": [ 0.5, 1.5, 0, 1 ], "texture": "#texture" },
				"west": { "uv": [ 0, 1, 0.5, 1.5 ], "texture": "#texture", "rotation": 180 },
				"east": { "uv": [ 0, 1, 0.5, 1.5 ], "texture": "#texture", "rotation": 180 }
			}
		},
		{
			"__comment": "Box1",
			"from": [ 2, 5.5, 7 ],
			"to": [ 4, 11, 9 ],
			"rotation": { "origin": [ 4, 5.5, 7 ], "axis": "z", "angle": 22.5 },
			"faces": {
				"down": { "uv": [ 1.5, 1.5, 1, 1 ], "texture": "#texture", "rotation": 90 },
				"up": { "uv": [ 1, 1, 1.5, 1.5 ], "texture": "#texture", "rotation": 270 },
				"north": { "uv": [ 1, 1, 1.5, 1.5 ], "texture": "#texture", "rotation": 90 },
				"south": { "uv": [ 1, 1, 1.5, 1.5 ], "texture": "#texture", "rotation": 270 },
				"west": { "uv": [ 1, 1, 1.5, 1.5 ], "texture": "#texture", "rotation": 270 },
				"east": { "uv": [ 1.5, 1.5, 1, 1 ], "texture": "#texture", "rotation": 90 }
			}
		},
		{
			"__comment": "Box1",
			"from": [ 0, 13.5, 6 ],
			"to": [ 6, 14, 10 ],
			"faces": {
				"down": { "uv": [ 0, 1, 0.5, 1.5 ], "texture": "#texture" },
				"up": { "uv": [ 0, 1, 0.5, 1.5 ], "texture": "#texture" },
				"north": { "uv": [ 0, 1, 0.5, 1.5 ], "texture": "#texture" },
				"south": { "uv": [ 0, 1, 0.5, 1.5 ], "texture": "#texture" },
				"west": { "uv": [ 0, 1, 0.5, 1.5 ], "texture": "#texture" },
				"east": { "uv": [ 0, 1, 0.5, 1.5 ], "texture": "#texture" }
			}
		},
		{
			"__comment": "Box1",
			"from": [ 0, 11, 6 ],
			"to": [ 1, 13.5, 10 ],
			"faces": {
				"down": { "uv": [ 0, 1, 0.5, 1.5 ], "texture": "#texture" },
				"up": { "uv": [ 0, 1, 0.5, 1.5 ], "texture": "#texture" },
				"north": { "uv": [ 0, 1, 0.5, 1.5 ], "texture": "#texture" },
				"south": { "uv": [ 0, 1, 0.5, 1.5 ], "texture": "#texture" },
				"west": { "uv": [ 0, 1, 0.5, 1.5 ], "texture": "#texture" },
				"east": { "uv": [ 0, 1, 0.5, 1.5 ], "texture": "#texture" }
			}
		},
		{
			"__comment": "Box1",
			"from": [ 3, 9.5, 6 ],
			"to": [ 4, 13.5, 10 ],
			"rotation": { "origin": [ 3, 9.5, 6 ], "axis": "z", "angle": 45 },
			"faces": {
				"down": { "uv": [ 0, 1, 0.5, 1.5 ], "texture": "#texture" },
				"up": { "uv": [ 0, 1, 0.5, 1.5 ], "texture": "#texture" },
				"north": { "uv": [ 0, 1, 0.5, 1.5 ], "texture": "#texture" },
				"south": { "uv": [ 0, 1, 0.5, 1.5 ], "texture": "#texture" },
				"west": { "uv": [ 0, 1, 0.5, 1.5 ], "texture": "#texture" },
				"east": { "uv": [ 0, 1, 0.5, 1.5 ], "texture": "#texture" }
			}
		},
		{
			"__comment": "Box1",
			"from": [ 4.375, 10.75, 6 ],
			"to": [ 4.875, 14.75, 10 ],
			"rotation": { "origin": [ 4.375, 10.75, 6 ], "axis": "z", "angle": 45 },
			"faces": {
				"down": { "uv": [ 0, 1, 0.5, 1.5 ], "texture": "#texture" },
				"up": { "uv": [ 0, 1, 0.5, 1.5 ], "texture": "#texture" },
				"north": { "uv": [ 0, 1, 0.5, 1.5 ], "texture": "#texture" },
				"south": { "uv": [ 0, 1, 0.5, 1.5 ], "texture": "#texture" },
				"west": { "uv": [ 0, 1, 0.5, 1.5 ], "texture": "#texture" },
				"east": { "uv": [ 0, 1, 0.5, 1.5 ], "texture": "#texture" }
			}
		},
		{
			"__comment": "Box1",
			"from": [ 1, 10.5, 6 ],
			"to": [ 2, 11.5, 10 ],
			"faces": {
				"down": { "uv": [ 0, 1, 0.5, 1.5 ], "texture": "#texture" },
				"up": { "uv": [ 0, 1, 0.5, 1.5 ], "texture": "#texture" },
				"north": { "uv": [ 0, 1, 0.5, 1.5 ], "texture": "#texture" },
				"south": { "uv": [ 0, 1, 0.5, 1.5 ], "texture": "#texture" },
				"west": { "uv": [ 0, 1, 0.5, 1.5 ], "texture": "#texture" },
				"east": { "uv": [ 0, 1, 0.5, 1.5 ], "texture": "#texture" }
			}
		},
		{
			"__comment": "Box1",
			"from": [ 4.5, 10.5, 6 ],
			"to": [ 6, 13.5, 10 ],
			"faces": {
				"down": { "uv": [ 0, 1, 0.5, 1.5 ], "texture": "#texture" },
				"up": { "uv": [ 0, 1, 0.5, 1.5 ], "texture": "#texture" },
				"north": { "uv": [ 0, 1, 0.5, 1.5 ], "texture": "#texture" },
				"south": { "uv": [ 0, 1, 0.5, 1.5 ], "texture": "#texture" },
				"west": { "uv": [ 0, 1, 0.5, 1.5 ], "texture": "#texture" },
				"east": { "uv": [ 0, 1, 0.5, 1.5 ], "texture": "#texture" }
			}
		},
		{
			"__comment": "Box1",
			"from": [ 4.5, 11, 6 ],
			"to": [ 5.25, 14.375, 10 ],
			"rotation": { "origin": [ 4.5, 11, 6 ], "axis": "z", "angle": 45 },
			"faces": {
				"down": { "uv": [ 0, 1, 0.5, 1.5 ], "texture": "#texture" },
				"up": { "uv": [ 0, 1, 0.5, 1.5 ], "texture": "#texture" },
				"north": { "uv": [ 0, 1, 0.5, 1.5 ], "texture": "#texture" },
				"south": { "uv": [ 0, 1, 0.5, 1.5 ], "texture": "#texture" },
				"west": { "uv": [ 0, 1, 0.5, 1.5 ], "texture": "#texture" },
				"east": { "uv": [ 0, 1, 0.5, 1.5 ], "texture": "#texture" }
			}
		},
		{
			"__comment": "Box1",
			"from": [ 5, 11.375, 6 ],
			"to": [ 5.625, 14.375, 10 ],
			"rotation": { "origin": [ 5, 11.375, 6 ], "axis": "z", "angle": 45 },
			"faces": {
				"down": { "uv": [ 0, 1, 0.5, 1.5 ], "texture": "#texture" },
				"up": { "uv": [ 0, 1, 0.5, 1.5 ], "texture": "#texture" },
				"north": { "uv": [ 0, 1, 0.5, 1.5 ], "texture": "#texture" },
				"south": { "uv": [ 0, 1, 0.5, 1.5 ], "texture": "#texture" },
				"west": { "uv": [ 0, 1, 0.5, 1.5 ], "texture": "#texture" },
				"east": { "uv": [ 0, 1, 0.5, 1.5 ], "texture": "#texture" }
			}
		},
		{
			"__comment": "Box1",
			"from": [ 4.625, 12.5, 6 ],
			"to": [ 5.25, 13.875, 10 ],
			"rotation": { "origin": [ 4.625, 12.5, 6 ], "axis": "z", "angle": 45 },
			"faces": {
				"down": { "uv": [ 0, 1, 0.5, 1.5 ], "texture": "#texture" },
				"up": { "uv": [ 0, 1, 0.5, 1.5 ], "texture": "#texture" },
				"north": { "uv": [ 0, 1, 0.5, 1.5 ], "texture": "#texture" },
				"south": { "uv": [ 0, 1, 0.5, 1.5 ], "texture": "#texture" },
				"west": { "uv": [ 0, 1, 0.5, 1.5 ], "texture": "#texture" },
				"east": { "uv": [ 0, 1, 0.5, 1.5 ], "texture": "#texture" }
			}
		},
		{
			"__comment": "Box1",
			"from": [ 3.5, 11, 6 ],
			"to": [ 4.5, 12, 10 ],
			"faces": {
				"down": { "uv": [ 0, 1, 0.5, 1.5 ], "texture": "#texture" },
				"up": { "uv": [ 0, 1, 0.5, 1.5 ], "texture": "#texture" },
				"north": { "uv": [ 0, 1, 0.5, 1.5 ], "texture": "#texture" },
				"south": { "uv": [ 0, 1, 0.5, 1.5 ], "texture": "#texture" },
				"west": { "uv": [ 0, 1, 0.5, 1.5 ], "texture": "#texture" },
				"east": { "uv": [ 0, 1, 0.5, 1.5 ], "texture": "#texture" }
			}
		},
		{
			"__comment": "Box1",
			"from": [ 3.25, 10.625, 6.25 ],
			"to": [ 4.25, 14.25, 9.75 ],
			"rotation": { "origin": [ 3.25, 10.625, 6.25 ], "axis": "z", "angle": 45 },
			"faces": {
				"down": { "uv": [ 0, 0, 0.5, 0.5 ], "texture": "#texture" },
				"up": { "uv": [ 0, 0, 0.5, 0.5 ], "texture": "#texture" },
				"north": { "uv": [ 0, 0, 0.5, 0.5 ], "texture": "#texture" },
				"south": { "uv": [ 0, 0, 0.5, 0.5 ], "texture": "#texture" },
				"west": { "uv": [ 0, 0, 0.5, 0.5 ], "texture": "#texture" },
				"east": { "uv": [ 0, 0, 0.5, 0.5 ], "texture": "#texture" }
			}
		},
		{
			"__comment": "Box1",
			"from": [ 15, 11, 7 ],
			"to": [ 16.5, 12.5, 8.5 ],
			"faces": {
				"down": { "uv": [ 0, 1, 0.5, 1.5 ], "texture": "#texture" },
				"up": { "uv": [ 0, 1, 0.5, 1.5 ], "texture": "#texture" },
				"north": { "uv": [ 0, 1, 0.5, 1.5 ], "texture": "#texture" },
				"south": { "uv": [ 0, 1, 0.5, 1.5 ], "texture": "#texture" },
				"west": { "uv": [ 0, 1, 0.5, 1.5 ], "texture": "#texture" },
				"east": { "uv": [ 0, 1, 0.5, 1.5 ], "texture": "#texture" }
			}
		},
		{
			"__comment": "Box1",
			"from": [ 2.125, 11.5, 6 ],
			"to": [ 2.375, 13, 10 ],
			"rotation": { "origin": [ 2.125, 11.5, 6 ], "axis": "z", "angle": -45 },
			"faces": {
				"down": { "uv": [ 0, 1, 0.5, 1.5 ], "texture": "#texture" },
				"up": { "uv": [ 0, 1, 0.5, 1.5 ], "texture": "#texture" },
				"north": { "uv": [ 0, 1, 0.5, 1.5 ], "texture": "#texture" },
				"south": { "uv": [ 0, 1, 0.5, 1.5 ], "texture": "#texture" },
				"west": { "uv": [ 0, 1, 0.5, 1.5 ], "texture": "#texture" },
				"east": { "uv": [ 0, 1, 0.5, 1.5 ], "texture": "#texture" }
			}
		},
		{
			"__comment": "Box1",
			"from": [ 1.25, 12.375, 6 ],
			"to": [ 1.5, 13.875, 10 ],
			"rotation": { "origin": [ 1.25, 12.375, 6 ], "axis": "z", "angle": -45 },
			"faces": {
				"down": { "uv": [ 0, 1, 0.5, 1.5 ], "texture": "#texture" },
				"up": { "uv": [ 0, 1, 0.5, 1.5 ], "texture": "#texture" },
				"north": { "uv": [ 0, 1, 0.5, 1.5 ], "texture": "#texture" },
				"south": { "uv": [ 0, 1, 0.5, 1.5 ], "texture": "#texture" },
				"west": { "uv": [ 0, 1, 0.5, 1.5 ], "texture": "#texture" },
				"east": { "uv": [ 0, 1, 0.5, 1.5 ], "texture": "#texture" }
			}
		},
		{
			"__comment": "Box1",
			"from": [ 2.25, 11.125, 6 ],
			"to": [ 2.5, 13.125, 10 ],
			"rotation": { "origin": [ 2.25, 11.125, 6 ], "axis": "z", "angle": -22.5 },
			"faces": {
				"down": { "uv": [ 0, 1, 0.5, 1.5 ], "texture": "#texture" },
				"up": { "uv": [ 0, 1, 0.5, 1.5 ], "texture": "#texture" },
				"north": { "uv": [ 0, 1, 0.5, 1.5 ], "texture": "#texture" },
				"south": { "uv": [ 0, 1, 0.5, 1.5 ], "texture": "#texture" },
				"west": { "uv": [ 0, 1, 0.5, 1.5 ], "texture": "#texture" },
				"east": { "uv": [ 0, 1, 0.5, 1.5 ], "texture": "#texture" }
			}
		},
		{
			"__comment": "Box1",
			"from": [ 1.375, 12, 6 ],
			"to": [ 1.625, 14, 10 ],
			"rotation": { "origin": [ 1.375, 12, 6 ], "axis": "z", "angle": -22.5 },
			"faces": {
				"down": { "uv": [ 0, 1, 0.5, 1.5 ], "texture": "#texture" },
				"up": { "uv": [ 0, 1, 0.5, 1.5 ], "texture": "#texture" },
				"north": { "uv": [ 0, 1, 0.5, 1.5 ], "texture": "#texture" },
				"south": { "uv": [ 0, 1, 0.5, 1.5 ], "texture": "#texture" },
				"west": { "uv": [ 0, 1, 0.5, 1.5 ], "texture": "#texture" },
				"east": { "uv": [ 0, 1, 0.5, 1.5 ], "texture": "#texture" }
			}
		},
		{
			"__comment": "Box1",
			"from": [ 1.375, 12, 6 ],
			"to": [ 3.375, 12.25, 10 ],
			"rotation": { "origin": [ 3.375, 12, 6 ], "axis": "z", "angle": 22.5 },
			"faces": {
				"down": { "uv": [ 0.5, 1.5, 0, 1 ], "texture": "#texture", "rotation": 90 },
				"up": { "uv": [ 0, 1, 0.5, 1.5 ], "texture": "#texture", "rotation": 270 },
				"north": { "uv": [ 0, 1, 0.5, 1.5 ], "texture": "#texture", "rotation": 90 },
				"south": { "uv": [ 0, 1, 0.5, 1.5 ], "texture": "#texture", "rotation": 270 },
				"west": { "uv": [ 0, 1, 0.5, 1.5 ], "texture": "#texture", "rotation": 270 },
				"east": { "uv": [ 0.5, 1.5, 0, 1 ], "texture": "#texture", "rotation": 90 }
			}
		},
		{
			"__comment": "Box1",
			"from": [ 1.125, 13.125, 6 ],
			"to": [ 3.125, 13.375, 10 ],
			"rotation": { "origin": [ 3.125, 13.125, 6 ], "axis": "z", "angle": 22.5 },
			"faces": {
				"down": { "uv": [ 0.5, 1.5, 0, 1 ], "texture": "#texture", "rotation": 90 },
				"up": { "uv": [ 0, 1, 0.5, 1.5 ], "texture": "#texture", "rotation": 270 },
				"north": { "uv": [ 0, 1, 0.5, 1.5 ], "texture": "#texture", "rotation": 90 },
				"south": { "uv": [ 0, 1, 0.5, 1.5 ], "texture": "#texture", "rotation": 270 },
				"west": { "uv": [ 0, 1, 0.5, 1.5 ], "texture": "#texture", "rotation": 270 },
				"east": { "uv": [ 0.5, 1.5, 0, 1 ], "texture": "#texture", "rotation": 90 }
			}
		},
		{
			"__comment": "Box1",
			"from": [ 15.375, 10.875, 6.875 ],
			"to": [ 16.25, 12.625, 8.625 ],
			"faces": {
				"down": { "uv": [ 2, 1, 2.5, 1.5 ], "texture": "#texture" },
				"up": { "uv": [ 2, 1, 2.5, 1.5 ], "texture": "#texture" },
				"north": { "uv": [ 2, 1, 2.5, 1.5 ], "texture": "#texture" },
				"south": { "uv": [ 2, 1, 2.5, 1.5 ], "texture": "#texture" },
				"west": { "uv": [ 2, 1, 2.5, 1.5 ], "texture": "#texture" },
				"east": { "uv": [ 2, 1, 2.5, 1.5 ], "texture": "#texture" }
			}
		},
		{
			"__comment": "Box1",
			"from": [ 15, 10.75, 6.75 ],
			"to": [ 15.375, 12.75, 8.75 ],
			"faces": {
				"down": { "uv": [ 0, 1, 0.5, 1.5 ], "texture": "#texture" },
				"up": { "uv": [ 0, 1, 0.5, 1.5 ], "texture": "#texture" },
				"north": { "uv": [ 0, 1, 0.5, 1.5 ], "texture": "#texture" },
				"south": { "uv": [ 0, 1, 0.5, 1.5 ], "texture": "#texture" },
				"west": { "uv": [ 0, 1, 0.5, 1.5 ], "texture": "#texture" },
				"east": { "uv": [ 0, 1, 0.5, 1.5 ], "texture": "#texture" }
			}
		},
		{
			"__comment": "Box1",
			"from": [ 16.25, 12.5, 7.625 ],
			"to": [ 18.25, 12.75, 7.875 ],
			"faces": {
				"down": { "uv": [ 2, 1, 2.5, 1.5 ], "texture": "#texture" },
				"up": { "uv": [ 2, 1, 2.5, 1.5 ], "texture": "#texture" },
				"north": { "uv": [ 2, 1, 2.5, 1.5 ], "texture": "#texture" },
				"south": { "uv": [ 2, 1, 2.5, 1.5 ], "texture": "#texture" },
				"west": { "uv": [ 2, 1, 2.5, 1.5 ], "texture": "#texture" },
				"east": { "uv": [ 2, 1, 2.5, 1.5 ], "texture": "#texture" }
			}
		},
		{
			"__comment": "Box1",
			"from": [ 16.25, 10.75, 7.625 ],
			"to": [ 18.25, 11, 7.875 ],
			"faces": {
				"down": { "uv": [ 2, 1, 2.5, 1.5 ], "texture": "#texture" },
				"up": { "uv": [ 2, 1, 2.5, 1.5 ], "texture": "#texture" },
				"north": { "uv": [ 2, 1, 2.5, 1.5 ], "texture": "#texture" },
				"south": { "uv": [ 2, 1, 2.5, 1.5 ], "texture": "#texture" },
				"west": { "uv": [ 2, 1, 2.5, 1.5 ], "texture": "#texture" },
				"east": { "uv": [ 2, 1, 2.5, 1.5 ], "texture": "#texture" }
			}
		},
		{
			"__comment": "Box1",
			"from": [ 16.25, 11.625, 6.75 ],
			"to": [ 18.25, 11.875, 7 ],
			"faces": {
				"down": { "uv": [ 2, 1, 2.5, 1.5 ], "texture": "#texture" },
				"up": { "uv": [ 2, 1, 2.5, 1.5 ], "texture": "#texture" },
				"north": { "uv": [ 2, 1, 2.5, 1.5 ], "texture": "#texture" },
				"south": { "uv": [ 2, 1, 2.5, 1.5 ], "texture": "#texture" },
				"west": { "uv": [ 2, 1, 2.5, 1.5 ], "texture": "#texture" },
				"east": { "uv": [ 2, 1, 2.5, 1.5 ], "texture": "#texture" }
			}
		},
		{
			"__comment": "Box1",
			"from": [ 16.25, 11.625, 8.5 ],
			"to": [ 18.25, 11.875, 8.75 ],
			"faces": {
				"down": { "uv": [ 2, 1, 2.5, 1.5 ], "texture": "#texture" },
				"up": { "uv": [ 2, 1, 2.5, 1.5 ], "texture": "#texture" },
				"north": { "uv": [ 2, 1, 2.5, 1.5 ], "texture": "#texture" },
				"south": { "uv": [ 2, 1, 2.5, 1.5 ], "texture": "#texture" },
				"west": { "uv": [ 2, 1, 2.5, 1.5 ], "texture": "#texture" },
				"east": { "uv": [ 2, 1, 2.5, 1.5 ], "texture": "#texture" }
			}
		},
		{
			"__comment": "Box1",
			"from": [ 18, 12.5, 7 ],
			"to": [ 18.5, 13, 8.5 ],
			"faces": {
				"down": { "uv": [ 2, 1, 2.5, 1.5 ], "texture": "#texture" },
				"up": { "uv": [ 2, 1, 2.5, 1.5 ], "texture": "#texture" },
				"north": { "uv": [ 2, 1, 2.5, 1.5 ], "texture": "#texture" },
				"south": { "uv": [ 2, 1, 2.5, 1.5 ], "texture": "#texture" },
				"west": { "uv": [ 2, 1, 2.5, 1.5 ], "texture": "#texture" },
				"east": { "uv": [ 2, 1, 2.5, 1.5 ], "texture": "#texture" }
			}
		},
		{
			"__comment": "Box1",
			"from": [ 18, 10.5, 7 ],
			"to": [ 18.5, 11, 8.5 ],
			"faces": {
				"down": { "uv": [ 2, 1, 2.5, 1.5 ], "texture": "#texture" },
				"up": { "uv": [ 2, 1, 2.5, 1.5 ], "texture": "#texture" },
				"north": { "uv": [ 2, 1, 2.5, 1.5 ], "texture": "#texture" },
				"south": { "uv": [ 2, 1, 2.5, 1.5 ], "texture": "#texture" },
				"west": { "uv": [ 2, 1, 2.5, 1.5 ], "texture": "#texture" },
				"east": { "uv": [ 2, 1, 2.5, 1.5 ], "texture": "#texture" }
			}
		},
		{
			"__comment": "Box1",
			"from": [ 18, 11, 6.5 ],
			"to": [ 18.5, 12.5, 7 ],
			"faces": {
				"down": { "uv": [ 2, 1, 2.5, 1.5 ], "texture": "#texture" },
				"up": { "uv": [ 2, 1, 2.5, 1.5 ], "texture": "#texture" },
				"north": { "uv": [ 2, 1, 2.5, 1.5 ], "texture": "#texture" },
				"south": { "uv": [ 2, 1, 2.5, 1.5 ], "texture": "#texture" },
				"west": { "uv": [ 2, 1, 2.5, 1.5 ], "texture": "#texture" },
				"east": { "uv": [ 2, 1, 2.5, 1.5 ], "texture": "#texture" }
			}
		},
		{
			"__comment": "Box1",
			"from": [ 18, 11, 8.5 ],
			"to": [ 18.5, 12.5, 9 ],
			"faces": {
				"down": { "uv": [ 2, 1, 2.5, 1.5 ], "texture": "#texture" },
				"up": { "uv": [ 2, 1, 2.5, 1.5 ], "texture": "#texture" },
				"north": { "uv": [ 2, 1, 2.5, 1.5 ], "texture": "#texture" },
				"south": { "uv": [ 2, 1, 2.5, 1.5 ], "texture": "#texture" },
				"west": { "uv": [ 2, 1, 2.5, 1.5 ], "texture": "#texture" },
				"east": { "uv": [ 2, 1, 2.5, 1.5 ], "texture": "#texture" }
			}
		},
		{
			"__comment": "Box1",
			"from": [ 7, 5, 7.5 ],
			"to": [ 8, 5.5, 8.5 ],
			"faces": {
				"down": { "uv": [ 1, 0, 1.5, 0.5 ], "texture": "#texture" },
				"up": { "uv": [ 1, 0, 1.5, 0.5 ], "texture": "#texture" },
				"north": { "uv": [ 1, 0, 1.5, 0.5 ], "texture": "#texture" },
				"south": { "uv": [ 1, 0, 1.5, 0.5 ], "texture": "#texture" },
				"west": { "uv": [ 1, 0, 1.5, 0.5 ], "texture": "#texture" },
				"east": { "uv": [ 1, 0, 1.5, 0.5 ], "texture": "#texture" }
			}
		},
		{
			"__comment": "Box1",
			"from": [ 8, 5, 7.5 ],
			"to": [ 8.5, 6.5, 8.5 ],
			"faces": {
				"down": { "uv": [ 1, 0, 1.5, 0.5 ], "texture": "#texture" },
				"up": { "uv": [ 1, 0, 1.5, 0.5 ], "texture": "#texture" },
				"north": { "uv": [ 1, 0, 1.5, 0.5 ], "texture": "#texture" },
				"south": { "uv": [ 1, 0, 1.5, 0.5 ], "texture": "#texture" },
				"west": { "uv": [ 1, 0, 1.5, 0.5 ], "texture": "#texture" },
				"east": { "uv": [ 1, 0, 1.5, 0.5 ], "texture": "#texture" }
			}
		},
		{
			"__comment": "Box1",
			"from": [ 8, 6.5, 7.5 ],
			"to": [ 8.5, 9.5, 8.5 ],
			"rotation": { "origin": [ 8.5, 6.5, 7.5 ], "axis": "z", "angle": 22.5 },
			"faces": {
				"down": { "uv": [ 1.5, 0.5, 1, 0 ], "texture": "#texture", "rotation": 90 },
				"up": { "uv": [ 1, 0, 1.5, 0.5 ], "texture": "#texture", "rotation": 270 },
				"north": { "uv": [ 1.5, 0.5, 1, 0 ], "texture": "#texture", "rotation": 270 },
				"south": { "uv": [ 1.5, 0.5, 1, 0 ], "texture": "#texture", "rotation": 90 },
				"west": { "uv": [ 1.5, 0.5, 1, 0 ], "texture": "#texture", "rotation": 90 },
				"east": { "uv": [ 1, 0, 1.5, 0.5 ], "texture": "#texture", "rotation": 270 }
			}
		},
		{
			"__comment": "Box1",
			"from": [ 5.5, 5, 7.5 ],
			"to": [ 7, 5.5, 8.5 ],
			"rotation": { "origin": [ 7, 5, 7.5 ], "axis": "z", "angle": -22.5 },
			"faces": {
				"down": { "uv": [ 1, 0, 1.5, 0.5 ], "texture": "#texture", "rotation": 90 },
				"up": { "uv": [ 1.5, 0.5, 1, 0 ], "texture": "#texture", "rotation": 270 },
				"north": { "uv": [ 1.5, 0.5, 1, 0 ], "texture": "#texture", "rotation": 90 },
				"south": { "uv": [ 1.5, 0.5, 1, 0 ], "texture": "#texture", "rotation": 270 },
				"west": { "uv": [ 1.5, 0.5, 1, 0 ], "texture": "#texture", "rotation": 270 },
				"east": { "uv": [ 1, 0, 1.5, 0.5 ], "texture": "#texture", "rotation": 90 }
			}
		},
		{
			"__comment": "Box1",
			"from": [ 6, 13, 6 ],
			"to": [ 15, 13.5, 10 ],
			"faces": {
				"down": { "uv": [ 0, 1, 0.5, 1.5 ], "texture": "#texture" },
				"up": { "uv": [ 0, 1, 0.5, 1.5 ], "texture": "#texture" },
				"north": { "uv": [ 0, 1, 0.5, 1.5 ], "texture": "#texture" },
				"south": { "uv": [ 0, 1, 0.5, 1.5 ], "texture": "#texture" },
				"west": { "uv": [ 0, 1, 0.5, 1.5 ], "texture": "#texture" },
				"east": { "uv": [ 0, 1, 0.5, 1.5 ], "texture": "#texture" }
			}
		},
		{
			"__comment": "Box1",
			"from": [ 12.5, 13.5, 6 ],
			"to": [ 14.5, 14, 10 ],
			"faces": {
				"down": { "uv": [ 0, 1, 0.5, 1.5 ], "texture": "#texture" },
				"up": { "uv": [ 0, 1, 0.5, 1.5 ], "texture": "#texture" },
				"north": { "uv": [ 0, 1, 0.5, 1.5 ], "texture": "#texture" },
				"south": { "uv": [ 0, 1, 0.5, 1.5 ], "texture": "#texture" },
				"west": { "uv": [ 0, 1, 0.5, 1.5 ], "texture": "#texture" },
				"east": { "uv": [ 0, 1, 0.5, 1.5 ], "texture": "#texture" }
			}
		},
		{
			"__comment": "Box1",
			"from": [ 6, 13.5, 6.5 ],
			"to": [ 7, 14, 9.5 ],
			"faces": {
				"down": { "uv": [ 0, 1, 0.5, 1.5 ], "texture": "#texture" },
				"up": { "uv": [ 0, 1, 0.5, 1.5 ], "texture": "#texture" },
				"north": { "uv": [ 0, 1, 0.5, 1.5 ], "texture": "#texture" },
				"south": { "uv": [ 0, 1, 0.5, 1.5 ], "texture": "#texture" },
				"west": { "uv": [ 0, 1, 0.5, 1.5 ], "texture": "#texture" },
				"east": { "uv": [ 0, 1, 0.5, 1.5 ], "texture": "#texture" }
			}
		},
		{
			"__comment": "Box1",
			"from": [ 8.5, 13.5, 7 ],
			"to": [ 9.5, 14, 9 ],
			"faces": {
				"down": { "uv": [ 0, 1, 0.5, 1.5 ], "texture": "#texture" },
				"up": { "uv": [ 0, 1, 0.5, 1.5 ], "texture": "#texture" },
				"north": { "uv": [ 0, 1, 0.5, 1.5 ], "texture": "#texture" },
				"south": { "uv": [ 0, 1, 0.5, 1.5 ], "texture": "#texture" },
				"west": { "uv": [ 0, 1, 0.5, 1.5 ], "texture": "#texture" },
				"east": { "uv": [ 0, 1, 0.5, 1.5 ], "texture": "#texture" }
			}
		},
		{
			"__comment": "Box1",
			"from": [ 8, 13.5, 6.5 ],
			"to": [ 9, 14, 7 ],
			"faces": {
				"down": { "uv": [ 0, 1, 0.5, 1.5 ], "texture": "#texture" },
				"up": { "uv": [ 0, 1, 0.5, 1.5 ], "texture": "#texture" },
				"north": { "uv": [ 0, 1, 0.5, 1.5 ], "texture": "#texture" },
				"south": { "uv": [ 0, 1, 0.5, 1.5 ], "texture": "#texture" },
				"west": { "uv": [ 0, 1, 0.5, 1.5 ], "texture": "#texture" },
				"east": { "uv": [ 0, 1, 0.5, 1.5 ], "texture": "#texture" }
			}
		},
		{
			"__comment": "Box1",
			"from": [ 8, 13.5, 9 ],
			"to": [ 9, 14, 9.5 ],
			"faces": {
				"down": { "uv": [ 0, 1, 0.5, 1.5 ], "texture": "#texture" },
				"up": { "uv": [ 0, 1, 0.5, 1.5 ], "texture": "#texture" },
				"north": { "uv": [ 0, 1, 0.5, 1.5 ], "texture": "#texture" },
				"south": { "uv": [ 0, 1, 0.5, 1.5 ], "texture": "#texture" },
				"west": { "uv": [ 0, 1, 0.5, 1.5 ], "texture": "#texture" },
				"east": { "uv": [ 0, 1, 0.5, 1.5 ], "texture": "#texture" }
			}
		},
		{
			"__comment": "Box1",
			"from": [ 10.5, 13.5, 7 ],
			"to": [ 11.5, 14, 9 ],
			"faces": {
				"down": { "uv": [ 0, 1, 0.5, 1.5 ], "texture": "#texture" },
				"up": { "uv": [ 0, 1, 0.5, 1.5 ], "texture": "#texture" },
				"north": { "uv": [ 0, 1, 0.5, 1.5 ], "texture": "#texture" },
				"south": { "uv": [ 0, 1, 0.5, 1.5 ], "texture": "#texture" },
				"west": { "uv": [ 0, 1, 0.5, 1.5 ], "texture": "#texture" },
				"east": { "uv": [ 0, 1, 0.5, 1.5 ], "texture": "#texture" }
			}
		},
		{
			"__comment": "Box1",
			"from": [ 10, 13.5, 9 ],
			"to": [ 11, 14, 9.5 ],
			"faces": {
				"down": { "uv": [ 0, 1, 0.5, 1.5 ], "texture": "#texture" },
				"up": { "uv": [ 0, 1, 0.5, 1.5 ], "texture": "#texture" },
				"north": { "uv": [ 0, 1, 0.5, 1.5 ], "texture": "#texture" },
				"south": { "uv": [ 0, 1, 0.5, 1.5 ], "texture": "#texture" },
				"west": { "uv": [ 0, 1, 0.5, 1.5 ], "texture": "#texture" },
				"east": { "uv": [ 0, 1, 0.5, 1.5 ], "texture": "#texture" }
			}
		},
		{
			"__comment": "Box1",
			"from": [ 10, 13.5, 6.5 ],
			"to": [ 11, 14, 7 ],
			"faces": {
				"down": { "uv": [ 0, 1, 0.5, 1.5 ], "texture": "#texture" },
				"up": { "uv": [ 0, 1, 0.5, 1.5 ], "texture": "#texture" },
				"north": { "uv": [ 0, 1, 0.5, 1.5 ], "texture": "#texture" },
				"south": { "uv": [ 0, 1, 0.5, 1.5 ], "texture": "#texture" },
				"west": { "uv": [ 0, 1, 0.5, 1.5 ], "texture": "#texture" },
				"east": { "uv": [ 0, 1, 0.5, 1.5 ], "texture": "#texture" }
			}
		},
		{
			"__comment": "Box1",
			"from": [ 11.5, 13.5, 9.5 ],
			"to": [ 12.5, 14, 10 ],
			"faces": {
				"down": { "uv": [ 0, 1, 0.5, 1.5 ], "texture": "#texture" },
				"up": { "uv": [ 0, 1, 0.5, 1.5 ], "texture": "#texture" },
				"north": { "uv": [ 0, 1, 0.5, 1.5 ], "texture": "#texture" },
				"south": { "uv": [ 0, 1, 0.5, 1.5 ], "texture": "#texture" },
				"west": { "uv": [ 0, 1, 0.5, 1.5 ], "texture": "#texture" },
				"east": { "uv": [ 0, 1, 0.5, 1.5 ], "texture": "#texture" }
			}
		},
		{
			"__comment": "Box1",
			"from": [ 11.5, 13.5, 6 ],
			"to": [ 12.5, 14, 6.5 ],
			"faces": {
				"down": { "uv": [ 0, 1, 0.5, 1.5 ], "texture": "#texture" },
				"up": { "uv": [ 0, 1, 0.5, 1.5 ], "texture": "#texture" },
				"north": { "uv": [ 0, 1, 0.5, 1.5 ], "texture": "#texture" },
				"south": { "uv": [ 0, 1, 0.5, 1.5 ], "texture": "#texture" },
				"west": { "uv": [ 0, 1, 0.5, 1.5 ], "texture": "#texture" },
				"east": { "uv": [ 0, 1, 0.5, 1.5 ], "texture": "#texture" }
			}
		},
		{
			"__comment": "Box1",
			"from": [ 12, 13.5, 6.5 ],
			"to": [ 12.5, 14, 7 ],
			"faces": {
				"down": { "uv": [ 0, 1, 0.5, 1.5 ], "texture": "#texture" },
				"up": { "uv": [ 0, 1, 0.5, 1.5 ], "texture": "#texture" },
				"north": { "uv": [ 0, 1, 0.5, 1.5 ], "texture": "#texture" },
				"south": { "uv": [ 0, 1, 0.5, 1.5 ], "texture": "#texture" },
				"west": { "uv": [ 0, 1, 0.5, 1.5 ], "texture": "#texture" },
				"east": { "uv": [ 0, 1, 0.5, 1.5 ], "texture": "#texture" }
			}
		},
		{
			"__comment": "Box1",
			"from": [ 12, 13.5, 9 ],
			"to": [ 12.5, 14, 9.5 ],
			"faces": {
				"down": { "uv": [ 0, 1, 0.5, 1.5 ], "texture": "#texture" },
				"up": { "uv": [ 0, 1, 0.5, 1.5 ], "texture": "#texture" },
				"north": { "uv": [ 0, 1, 0.5, 1.5 ], "texture": "#texture" },
				"south": { "uv": [ 0, 1, 0.5, 1.5 ], "texture": "#texture" },
				"west": { "uv": [ 0, 1, 0.5, 1.5 ], "texture": "#texture" },
				"east": { "uv": [ 0, 1, 0.5, 1.5 ], "texture": "#texture" }
			}
		},
		{
			"__comment": "Box1",
			"from": [ 14.5, 13.5, 6.5 ],
			"to": [ 15, 14, 9.5 ],
			"faces": {
				"down": { "uv": [ 0, 1, 0.5, 1.5 ], "texture": "#texture" },
				"up": { "uv": [ 0, 1, 0.5, 1.5 ], "texture": "#texture" },
				"north": { "uv": [ 0, 1, 0.5, 1.5 ], "texture": "#texture" },
				"south": { "uv": [ 0, 1, 0.5, 1.5 ], "texture": "#texture" },
				"west": { "uv": [ 0, 1, 0.5, 1.5 ], "texture": "#texture" },
				"east": { "uv": [ 0, 1, 0.5, 1.5 ], "texture": "#texture" }
			}
		}
	],
	"display": {
		"thirdperson_righthand": {
			"rotation":  [ 6, 90, 0 ],
			"translation":  [ 0, 0.6956, -0.694 ],
			"scale":  [ 0.6, 0.6, 0.6 ]
		},
		"thirdperson_lefthand": {
			"rotation":  [ 6, -90, 0 ],
			"translation":  [ 0, 0.6956, -0.694 ],
			"scale":  [ 0.6, 0.6, 0.6 ]
		},
		"firstperson_righthand": {
			"rotation":  [ 13, 88, -6 ],
			"translation":  [ 14.608, -6.26, -18.78 ]
		},
		"firstperson_lefthand": {
			"rotation":  [ 13, -87, -6 ],
			"translation":  [ 14.608, -6.26, -18.78 ]
		},
		"gui": {
			"rotation":  [ 11, 144, 0 ],
			"translation":  [ 0.6956, -0.695, 0 ],
			"scale":  [ 0.8, 0.8, 0.8 ]
		},
		"ground": {
			"rotation":  [ -75, 0, 0 ],
			"scale":  [ 0.5, 0.5, 0.5 ]
		}
	}
}