{
	"parent": "item/handheld",
	"textures": {
		"layer0": "item/carrot_on_a_stick"
	},
	"overrides": [
		{ "predicate": {"damaged": 0, "damage": 0}, "model": "item/flamethrower"},
		{ "predicate": {"damaged": 0, "damage": 0.04}, "model": "item/rocketlauncher"},
		{ "predicate": {"damaged": 0, "damage": 0.08}, "model": "item/bubble_gun"},
		{ "predicate": {"damaged": 0, "damage": 0.12}, "model": "item/scepter"},
		{ "predicate": {"damaged": 0, "damage": 0.16}, "model": "item/sheep_icon"},
		{ "predicate": {"damaged": 0, "damage": 0.2}, "model": "item/dubstepgun"},
		{ "predicate": {"damaged": 0, "damage": 0.24}, "model": "item/laser_tower"},
		{ "predicate": {"damaged": 0, "damage": 0.28}, "model": "item/carrot_on_a_stick6"},
		{ "predicate": {"damaged": 0, "damage": 0.32}, "model": "item/carrot_on_a_stick7"},
		{ "predicate": {"damaged": 0, "damage": 0.36}, "model": "item/carrot_on_a_stick8"},
		{ "predicate": {"damaged": 0, "damage": 0.4}, "model": "item/carrot_on_a_stick9"},
		{ "predicate": {"damaged": 0, "damage": 0.44}, "model": "item/carrot_on_a_stick10"},
		{ "predicate": {"damaged": 0, "damage": 0.48}, "model": "item/carrot_on_a_stick11"},
		{ "predicate": {"damaged": 0, "damage": 0.52}, "model": "item/carrot_on_a_stick12"},
		{ "predicate": {"damaged": 0, "damage": 0.56}, "model": "item/carrot_on_a_stick13"},
		{ "predicate": {"damaged": 0, "damage": 0.6}, "model": "item/carrot_on_a_stick14"},
		{ "predicate": {"damaged": 0, "damage": 0.64}, "model": "item/carrot_on_a_stick15"},
		{ "predicate": {"damaged": 0, "damage": 0.68}, "model": "item/carrot_on_a_stick16"},
		{ "predicate": {"damaged": 0, "damage": 0.72}, "model": "item/carrot_on_a_stick17"},
		{ "predicate": {"damaged": 0, "damage": 0.76}, "model": "item/carrot_on_a_stick18"},
		{ "predicate": {"damaged": 0, "damage": 0.8}, "model": "item/carrot_on_a_stick19"},
		{ "predicate": {"damaged": 0, "damage": 0.84}, "model": "item/carrot_on_a_stick20"},
		{ "predicate": {"damaged": 0, "damage": 0.88}, "model": "item/carrot_on_a_stick21"},
		{ "predicate": {"damaged": 0, "damage": 0.92}, "model": "item/carrot_on_a_stick22"},
		{ "predicate": {"damaged": 0, "damage": 0.96}, "model": "item/carrot_on_a_stick23"},
		{ "predicate": {"damaged": 1, "damage": 0}, "model": "item/carrot_on_a_stick"}
	]
}