{
	"__comment": "Designed by Mcmakistein with Cubik Studio - https://cubik.studio",
	"textures": {
		"particle": "custom/1",
		"texture": "custom/1",
		"texture1": "custom/skin1"
	},
	"elements": [ 	 
		{
			"__comment": "Box1",
			"from": [ 4.5, 1.5, 4.5 ],
			"to": [ 11.5, 5.5, 11.5 ],
			"faces": {
				"down": { "uv": [ 0, 0, 0.5, 0.5 ], "texture": "#texture" },
				"up": { "uv": [ 0, 0, 0.5, 0.5 ], "texture": "#texture" },
				"north": { "uv": [ 0, 0, 0.5, 0.5 ], "texture": "#texture" },
				"south": { "uv": [ 0, 0, 0.5, 0.5 ], "texture": "#texture" },
				"west": { "uv": [ 0, 0, 0.5, 0.5 ], "texture": "#texture" },
				"east": { "uv": [ 0, 0, 0.5, 0.5 ], "texture": "#texture" }
			}
		},
		{
			"__comment": "Box1",
			"from": [ 5, 5.5, 5 ],
			"to": [ 11, 7.5, 11 ],
			"faces": {
				"down": { "uv": [ 0, 0, 0.5, 0.5 ], "texture": "#texture" },
				"up": { "uv": [ 0, 0, 0.5, 0.5 ], "texture": "#texture" },
				"north": { "uv": [ 0, 0, 0.5, 0.5 ], "texture": "#texture" },
				"south": { "uv": [ 0, 0, 0.5, 0.5 ], "texture": "#texture" },
				"west": { "uv": [ 0, 0, 0.5, 0.5 ], "texture": "#texture" },
				"east": { "uv": [ 0, 0, 0.5, 0.5 ], "texture": "#texture" }
			}
		},
		{
			"__comment": "Box1",
			"from": [ 5, 1, 5 ],
			"to": [ 11, 1.5, 11 ],
			"faces": {
				"down": { "uv": [ 0, 0, 0.5, 0.5 ], "texture": "#texture" },
				"up": { "uv": [ 0, 0, 0.5, 0.5 ], "texture": "#texture" },
				"north": { "uv": [ 0, 0, 0.5, 0.5 ], "texture": "#texture" },
				"south": { "uv": [ 0, 0, 0.5, 0.5 ], "texture": "#texture" },
				"west": { "uv": [ 0, 0, 0.5, 0.5 ], "texture": "#texture" },
				"east": { "uv": [ 0, 0, 0.5, 0.5 ], "texture": "#texture" }
			}
		},
		{
			"__comment": "Box1",
			"from": [ 4.875, 7.5, 4.875 ],
			"to": [ 11.125, 8, 11.125 ],
			"faces": {
				"down": { "uv": [ 0, 0, 0.5, 0.5 ], "texture": "#texture" },
				"up": { "uv": [ 0, 0, 0.5, 0.5 ], "texture": "#texture" },
				"north": { "uv": [ 0, 0, 0.5, 0.5 ], "texture": "#texture" },
				"south": { "uv": [ 0, 0, 0.5, 0.5 ], "texture": "#texture" },
				"west": { "uv": [ 0, 0, 0.5, 0.5 ], "texture": "#texture" },
				"east": { "uv": [ 0, 0, 0.5, 0.5 ], "texture": "#texture" }
			}
		},
		{
			"__comment": "Box1",
			"from": [ 5.125, 7, 6.375 ],
			"to": [ 9.125, 13, 8.375 ],
			"rotation": { "origin": [ 9.125, 13, 5.375 ], "axis": "y", "angle": 22.5 },
			"faces": {
				"down": { "uv": [ 0, 0, 0.5, 0.5 ], "texture": "#texture1", "rotation": 270 },
				"up": { "uv": [ 5, 4, 7, 5 ], "texture": "#texture1" },
				"north": { "uv": [ 8, 5, 10, 8 ], "texture": "#texture1" },
				"south": { "uv": [ 5, 5, 7, 8 ], "texture": "#texture1" },
				"west": { "uv": [ 4, 5, 5, 8 ], "texture": "#texture1" },
				"east": { "uv": [ 7, 5, 8, 8 ], "texture": "#texture1" }
			}
		},
		{
			"__comment": "Box1",
			"from": [ 4.125, 13, 5.25 ],
			"to": [ 8.125, 17, 9.25 ],
			"rotation": { "origin": [ 8.125, 13, 5.25 ], "axis": "y", "angle": 45 },
			"faces": {
				"down": { "uv": [ 4, 0, 6, 2 ], "texture": "#texture1", "rotation": 180 },
				"up": { "uv": [ 2, 0, 4, 2 ], "texture": "#texture1", "rotation": 90 },
				"north": { "uv": [ 6, 2, 8, 4 ], "texture": "#texture1" },
				"south": { "uv": [ 2, 2, 4, 4 ], "texture": "#texture1" },
				"west": { "uv": [ 0, 2, 2, 4 ], "texture": "#texture1" },
				"east": { "uv": [ 4, 2, 6, 4 ], "texture": "#texture1" }
			}
		}
	],
	"display": {
		"head": {
			"rotation":  [ -90, 0, 90 ],
			"translation":  [ -19.47, -40.33, 0 ],
			"scale":  [ 3.6, 3.6, 3.6 ]
		}
	}
}