{
	"__comment": "Designed by Mcmakistein with Cubik Studio - https://cubik.studio",
	"textures": {
		"particle": "custom/1",
		"texture": "custom/dubstep_gun"
	},
	"elements": [ 	 
		{
			"__comment": "Cube1",
			"from": [ 6.875, 6, 5 ],
			"to": [ 9, 10.125, 5.5 ],
			"faces": {
				"down": { "uv": [ 4.5, 1, 3.5, 0 ], "texture": "#texture" },
				"up": { "uv": [ 4.5, 1, 3.5, 0 ], "texture": "#texture" },
				"north": { "uv": [ 3.5, 0, 4.5, 1 ], "texture": "#texture", "rotation": 180 },
				"south": { "uv": [ 3.5, 0, 4.5, 1 ], "texture": "#texture", "rotation": 180 },
				"west": { "uv": [ 3.5, 0, 4.5, 1 ], "texture": "#texture", "rotation": 180 },
				"east": { "uv": [ 3.5, 0, 4.5, 1 ], "texture": "#texture", "rotation": 180 }
			}
		},
		{
			"__comment": "Cube1",
			"from": [ 5.25, 5.35, 4.5 ],
			"to": [ 7.375, 5.85, 6 ],
			"rotation": { "origin": [ 7.375, 5.85, 4.5 ], "axis": "z", "angle": -45 },
			"faces": {
				"down": { "uv": [ 0.5, 2, 1.5, 3 ], "texture": "#texture" },
				"up": { "uv": [ 0, 2, 1, 3 ], "texture": "#texture" },
				"north": { "uv": [ 0, 2, 1, 3 ], "texture": "#texture" },
				"south": { "uv": [ 0, 2, 1, 3 ], "texture": "#texture" },
				"west": { "uv": [ 0.5, 2, 1.5, 3 ], "texture": "#texture" },
				"east": { "uv": [ 0.5, 2, 1.5, 3 ], "texture": "#texture" }
			}
		},
		{
			"__comment": "Cube1",
			"from": [ 7, 5.5, 4.5 ],
			"to": [ 9, 6, 6 ],
			"faces": {
				"down": { "uv": [ 0.5, 2, 1.5, 3 ], "texture": "#texture" },
				"up": { "uv": [ 0, 2, 1, 3 ], "texture": "#texture" },
				"north": { "uv": [ 0, 2, 1, 3 ], "texture": "#texture" },
				"south": { "uv": [ 0, 2, 1, 3 ], "texture": "#texture" },
				"west": { "uv": [ 0.5, 2, 1.5, 3 ], "texture": "#texture" },
				"east": { "uv": [ 0.5, 2, 1.5, 3 ], "texture": "#texture" }
			}
		},
		{
			"__comment": "Cube1",
			"from": [ 10, 7, 4.5 ],
			"to": [ 10.5, 9, 6 ],
			"faces": {
				"down": { "uv": [ 0.5, 2, 1.5, 3 ], "texture": "#texture" },
				"up": { "uv": [ 0, 2, 1, 3 ], "texture": "#texture" },
				"north": { "uv": [ 0, 2, 1, 3 ], "texture": "#texture" },
				"south": { "uv": [ 0, 2, 1, 3 ], "texture": "#texture" },
				"west": { "uv": [ 0.5, 2, 1.5, 3 ], "texture": "#texture" },
				"east": { "uv": [ 0.5, 2, 1.5, 3 ], "texture": "#texture" }
			}
		},
		{
			"__comment": "Cube1",
			"from": [ 7, 10, 4.5 ],
			"to": [ 9, 10.5, 6 ],
			"faces": {
				"down": { "uv": [ 0.5, 2, 1.5, 3 ], "texture": "#texture" },
				"up": { "uv": [ 0, 2, 1, 3 ], "texture": "#texture" },
				"north": { "uv": [ 0, 2, 1, 3 ], "texture": "#texture" },
				"south": { "uv": [ 0, 2, 1, 3 ], "texture": "#texture" },
				"west": { "uv": [ 0.5, 2, 1.5, 3 ], "texture": "#texture" },
				"east": { "uv": [ 0.5, 2, 1.5, 3 ], "texture": "#texture" }
			}
		},
		{
			"__comment": "Cube1",
			"from": [ 5.85, 8.625, 4.5 ],
			"to": [ 7.975, 9.125, 6 ],
			"rotation": { "origin": [ 5.85, 8.625, 4.5 ], "axis": "z", "angle": 45 },
			"faces": {
				"down": { "uv": [ 0.5, 2, 1.5, 3 ], "texture": "#texture" },
				"up": { "uv": [ 0, 2, 1, 3 ], "texture": "#texture" },
				"north": { "uv": [ 0, 2, 1, 3 ], "texture": "#texture" },
				"south": { "uv": [ 0, 2, 1, 3 ], "texture": "#texture" },
				"west": { "uv": [ 0.5, 2, 1.5, 3 ], "texture": "#texture" },
				"east": { "uv": [ 0.5, 2, 1.5, 3 ], "texture": "#texture" }
			}
		},
		{
			"__comment": "Cube1",
			"from": [ 8.375, 8.5, 4.5 ],
			"to": [ 10.5, 9, 6 ],
			"rotation": { "origin": [ 10.5, 9, 4.5 ], "axis": "z", "angle": -45 },
			"faces": {
				"down": { "uv": [ 0.5, 2, 1.5, 3 ], "texture": "#texture" },
				"up": { "uv": [ 0, 2, 1, 3 ], "texture": "#texture" },
				"north": { "uv": [ 0, 2, 1, 3 ], "texture": "#texture" },
				"south": { "uv": [ 0, 2, 1, 3 ], "texture": "#texture" },
				"west": { "uv": [ 0.5, 2, 1.5, 3 ], "texture": "#texture" },
				"east": { "uv": [ 0.5, 2, 1.5, 3 ], "texture": "#texture" }
			}
		},
		{
			"__comment": "Cube1",
			"from": [ 5.5, 7, 4.5 ],
			"to": [ 6, 9, 6 ],
			"faces": {
				"down": { "uv": [ 0.5, 2, 1.5, 3 ], "texture": "#texture" },
				"up": { "uv": [ 0, 2, 1, 3 ], "texture": "#texture" },
				"north": { "uv": [ 0, 2, 1, 3 ], "texture": "#texture" },
				"south": { "uv": [ 0, 2, 1, 3 ], "texture": "#texture" },
				"west": { "uv": [ 0.5, 2, 1.5, 3 ], "texture": "#texture" },
				"east": { "uv": [ 0.5, 2, 1.5, 3 ], "texture": "#texture" }
			}
		},
		{
			"__comment": "Cube1",
			"from": [ 6, 7, 5 ],
			"to": [ 10, 9, 5.5 ],
			"faces": {
				"down": { "uv": [ 3.5, 0, 4.5, 1 ], "texture": "#texture", "rotation": 90 },
				"up": { "uv": [ 4.5, 1, 3.5, 0 ], "texture": "#texture", "rotation": 270 },
				"north": { "uv": [ 4.5, 1, 3.5, 0 ], "texture": "#texture", "rotation": 90 },
				"south": { "uv": [ 4.5, 1, 3.5, 0 ], "texture": "#texture", "rotation": 270 },
				"west": { "uv": [ 4.5, 1, 3.5, 0 ], "texture": "#texture", "rotation": 270 },
				"east": { "uv": [ 3.5, 0, 4.5, 1 ], "texture": "#texture", "rotation": 90 }
			}
		},
		{
			"__comment": "Cube1",
			"from": [ 7.25, 5.875, 5 ],
			"to": [ 11.375, 8, 5.5 ],
			"rotation": { "origin": [ 7.25, 5.875, 5 ], "axis": "z", "angle": 45 },
			"faces": {
				"down": { "uv": [ 3.5, 0, 4.5, 1 ], "texture": "#texture", "rotation": 90 },
				"up": { "uv": [ 4.5, 1, 3.5, 0 ], "texture": "#texture", "rotation": 270 },
				"north": { "uv": [ 4.5, 1, 3.5, 0 ], "texture": "#texture", "rotation": 90 },
				"south": { "uv": [ 4.5, 1, 3.5, 0 ], "texture": "#texture", "rotation": 270 },
				"west": { "uv": [ 4.5, 1, 3.5, 0 ], "texture": "#texture", "rotation": 270 },
				"east": { "uv": [ 3.5, 0, 4.5, 1 ], "texture": "#texture", "rotation": 90 }
			}
		},
		{
			"__comment": "Cube1",
			"from": [ 6.125, 5.125, 5 ],
			"to": [ 10.25, 7.25, 5.5 ],
			"rotation": { "origin": [ 10.25, 7.25, 5 ], "axis": "z", "angle": -45 },
			"faces": {
				"down": { "uv": [ 4.5, 1, 3.5, 0 ], "texture": "#texture", "rotation": 90 },
				"up": { "uv": [ 3.5, 0, 4.5, 1 ], "texture": "#texture", "rotation": 270 },
				"north": { "uv": [ 3.5, 0, 4.5, 1 ], "texture": "#texture", "rotation": 90 },
				"south": { "uv": [ 3.5, 0, 4.5, 1 ], "texture": "#texture", "rotation": 270 },
				"west": { "uv": [ 3.5, 0, 4.5, 1 ], "texture": "#texture", "rotation": 270 },
				"east": { "uv": [ 4.5, 1, 3.5, 0 ], "texture": "#texture", "rotation": 90 }
			}
		},
		{
			"__comment": "Cube1",
			"from": [ 9, 5.5, 4.5 ],
			"to": [ 11.125, 6, 6 ],
			"rotation": { "origin": [ 9, 5.5, 4.5 ], "axis": "z", "angle": 45 },
			"faces": {
				"down": { "uv": [ 0.5, 2, 1.5, 3 ], "texture": "#texture" },
				"up": { "uv": [ 0, 2, 1, 3 ], "texture": "#texture" },
				"north": { "uv": [ 0, 2, 1, 3 ], "texture": "#texture" },
				"south": { "uv": [ 0, 2, 1, 3 ], "texture": "#texture" },
				"west": { "uv": [ 0.5, 2, 1.5, 3 ], "texture": "#texture" },
				"east": { "uv": [ 0.5, 2, 1.5, 3 ], "texture": "#texture" }
			}
		},
		{
			"__comment": "Cube1",
			"from": [ 7, 6.375, 7 ],
			"to": [ 9.125, 6.875, 8.5 ],
			"faces": {
				"down": { "uv": [ 1.5, 0, 2.5, 1 ], "texture": "#texture" },
				"up": { "uv": [ 1.5, 0, 2.5, 1 ], "texture": "#texture" },
				"north": { "uv": [ 1.5, 0, 2.5, 1 ], "texture": "#texture" },
				"south": { "uv": [ 2, 0, 3, 1 ], "texture": "#texture" },
				"west": { "uv": [ 2, 0, 3, 1 ], "texture": "#texture" },
				"east": { "uv": [ 2, 0, 3, 1 ], "texture": "#texture" }
			}
		},
		{
			"__comment": "Cube1",
			"from": [ 7, 9, 7 ],
			"to": [ 9.125, 9.5, 8.5 ],
			"faces": {
				"down": { "uv": [ 1.5, 0, 2.5, 1 ], "texture": "#texture" },
				"up": { "uv": [ 1.5, 0, 2.5, 1 ], "texture": "#texture" },
				"north": { "uv": [ 1.5, 0, 2.5, 1 ], "texture": "#texture" },
				"south": { "uv": [ 2, 0, 3, 1 ], "texture": "#texture" },
				"west": { "uv": [ 2, 0, 3, 1 ], "texture": "#texture" },
				"east": { "uv": [ 2, 0, 3, 1 ], "texture": "#texture" }
			}
		},
		{
			"__comment": "Cube1",
			"from": [ 9.125, 6.875, 7 ],
			"to": [ 9.625, 9, 8.5 ],
			"faces": {
				"down": { "uv": [ 2, 0, 3, 1 ], "texture": "#texture", "rotation": 90 },
				"up": { "uv": [ 3, 1, 2, 0 ], "texture": "#texture", "rotation": 270 },
				"north": { "uv": [ 1.5, 0, 2.5, 1 ], "texture": "#texture", "rotation": 270 },
				"south": { "uv": [ 2, 0, 3, 1 ], "texture": "#texture", "rotation": 90 },
				"west": { "uv": [ 1.5, 0, 2.5, 1 ], "texture": "#texture", "rotation": 90 },
				"east": { "uv": [ 2.5, 1, 1.5, 0 ], "texture": "#texture", "rotation": 270 }
			}
		},
		{
			"__comment": "Cube1",
			"from": [ 9.5, 7.5, 6.75 ],
			"to": [ 10, 8.5, 7.75 ],
			"rotation": { "origin": [ 9.5, 8.5, 6.75 ], "axis": "y", "angle": -22.5 },
			"faces": {
				"down": { "uv": [ 0, 0.5, 1, 1.5 ], "texture": "#texture", "rotation": 90 },
				"up": { "uv": [ 1, 1, 0, 0 ], "texture": "#texture", "rotation": 270 },
				"north": { "uv": [ 0, 0, 1, 1 ], "texture": "#texture", "rotation": 270 },
				"south": { "uv": [ 0, 0, 1, 1 ], "texture": "#texture", "rotation": 90 },
				"west": { "uv": [ 0, 0, 1, 1 ], "texture": "#texture", "rotation": 90 },
				"east": { "uv": [ 1, 1, 0, 0 ], "texture": "#texture", "rotation": 270 }
			}
		},
		{
			"__comment": "Cube1",
			"from": [ 6, 6.875, 5.5 ],
			"to": [ 6.5, 9, 7 ],
			"faces": {
				"down": { "uv": [ 2, 0, 3, 1 ], "texture": "#texture", "rotation": 90 },
				"up": { "uv": [ 3, 1, 2, 0 ], "texture": "#texture", "rotation": 270 },
				"north": { "uv": [ 1.5, 0, 2.5, 1 ], "texture": "#texture", "rotation": 270 },
				"south": { "uv": [ 2, 0, 3, 1 ], "texture": "#texture", "rotation": 90 },
				"west": { "uv": [ 1.5, 0, 2.5, 1 ], "texture": "#texture", "rotation": 90 },
				"east": { "uv": [ 2.5, 1, 1.5, 0 ], "texture": "#texture", "rotation": 270 }
			}
		},
		{
			"__comment": "Cube1",
			"from": [ 9.625, 7, 5.5 ],
			"to": [ 10.125, 9, 7 ],
			"faces": {
				"down": { "uv": [ 2, 0, 3, 1 ], "texture": "#texture", "rotation": 90 },
				"up": { "uv": [ 3, 1, 2, 0 ], "texture": "#texture", "rotation": 270 },
				"north": { "uv": [ 1.5, 0, 2.5, 1 ], "texture": "#texture", "rotation": 270 },
				"south": { "uv": [ 2, 0, 3, 1 ], "texture": "#texture", "rotation": 90 },
				"west": { "uv": [ 1.5, 0, 2.5, 1 ], "texture": "#texture", "rotation": 90 },
				"east": { "uv": [ 2.5, 1, 1.5, 0 ], "texture": "#texture", "rotation": 270 }
			}
		},
		{
			"__comment": "Cube1",
			"from": [ 6.975, 5.875, 5.5 ],
			"to": [ 9.1, 6.375, 7 ],
			"faces": {
				"down": { "uv": [ 1.5, 0, 2.5, 1 ], "texture": "#texture" },
				"up": { "uv": [ 1.5, 0, 2.5, 1 ], "texture": "#texture" },
				"north": { "uv": [ 1.5, 0, 2.5, 1 ], "texture": "#texture" },
				"south": { "uv": [ 2, 0, 3, 1 ], "texture": "#texture" },
				"west": { "uv": [ 2, 0, 3, 1 ], "texture": "#texture" },
				"east": { "uv": [ 2, 0, 3, 1 ], "texture": "#texture" }
			}
		},
		{
			"__comment": "Cube1",
			"from": [ 7.125, 5.875, 5.5 ],
			"to": [ 8.625, 7.375, 7 ],
			"rotation": { "origin": [ 7.125, 5.875, 5.5 ], "axis": "z", "angle": 45 },
			"faces": {
				"down": { "uv": [ 1.5, 0, 2.5, 1 ], "texture": "#texture" },
				"up": { "uv": [ 1.5, 0, 2.5, 1 ], "texture": "#texture" },
				"north": { "uv": [ 1.5, 0, 2.5, 1 ], "texture": "#texture" },
				"south": { "uv": [ 2, 0, 3, 1 ], "texture": "#texture" },
				"west": { "uv": [ 2, 0, 3, 1 ], "texture": "#texture" },
				"east": { "uv": [ 2, 0, 3, 1 ], "texture": "#texture" }
			}
		},
		{
			"__comment": "Cube1",
			"from": [ 7.5, 9.375, 6.75 ],
			"to": [ 8.5, 9.875, 7.75 ],
			"rotation": { "origin": [ 7.5, 9.375, 6.75 ], "axis": "x", "angle": 22.5 },
			"faces": {
				"down": { "uv": [ 0, 0, 1, 1 ], "texture": "#texture" },
				"up": { "uv": [ 0, 0, 1, 1 ], "texture": "#texture" },
				"north": { "uv": [ 0, 0, 1, 1 ], "texture": "#texture" },
				"south": { "uv": [ 0, 0, 1, 1 ], "texture": "#texture" },
				"west": { "uv": [ 0, 0, 1, 1 ], "texture": "#texture" },
				"east": { "uv": [ 0, 0.5, 1, 1.5 ], "texture": "#texture" }
			}
		},
		{
			"__comment": "Cube1",
			"from": [ 7.5, 6, 6.875 ],
			"to": [ 8.5, 6.5, 7.875 ],
			"rotation": { "origin": [ 7.5, 6, 6.875 ], "axis": "x", "angle": -22.5 },
			"faces": {
				"down": { "uv": [ 0, 0, 1, 1 ], "texture": "#texture" },
				"up": { "uv": [ 0, 0, 1, 1 ], "texture": "#texture" },
				"north": { "uv": [ 0, 0, 1, 1 ], "texture": "#texture" },
				"south": { "uv": [ 0, 0, 1, 1 ], "texture": "#texture" },
				"west": { "uv": [ 0, 0, 1, 1 ], "texture": "#texture" },
				"east": { "uv": [ 0, 0.5, 1, 1.5 ], "texture": "#texture" }
			}
		},
		{
			"__comment": "Cube1",
			"from": [ 6.125, 7.5, 6.875 ],
			"to": [ 6.625, 8.5, 7.875 ],
			"rotation": { "origin": [ 6.125, 8.5, 6.875 ], "axis": "y", "angle": 22.5 },
			"faces": {
				"down": { "uv": [ 0, 0.5, 1, 1.5 ], "texture": "#texture", "rotation": 90 },
				"up": { "uv": [ 1, 1, 0, 0 ], "texture": "#texture", "rotation": 270 },
				"north": { "uv": [ 0, 0, 1, 1 ], "texture": "#texture", "rotation": 270 },
				"south": { "uv": [ 0, 0, 1, 1 ], "texture": "#texture", "rotation": 90 },
				"west": { "uv": [ 0, 0, 1, 1 ], "texture": "#texture", "rotation": 90 },
				"east": { "uv": [ 1, 1, 0, 0 ], "texture": "#texture", "rotation": 270 }
			}
		},
		{
			"__comment": "Cube1",
			"from": [ 7, 9.5, 5.5 ],
			"to": [ 9.125, 10, 7 ],
			"faces": {
				"down": { "uv": [ 1.5, 0, 2.5, 1 ], "texture": "#texture" },
				"up": { "uv": [ 1.5, 0, 2.5, 1 ], "texture": "#texture" },
				"north": { "uv": [ 1.5, 0, 2.5, 1 ], "texture": "#texture" },
				"south": { "uv": [ 2, 0, 3, 1 ], "texture": "#texture" },
				"west": { "uv": [ 2, 0, 3, 1 ], "texture": "#texture" },
				"east": { "uv": [ 2, 0, 3, 1 ], "texture": "#texture" }
			}
		},
		{
			"__comment": "Cube1",
			"from": [ 9.125, 6.5, 7 ],
			"to": [ 9.625, 7, 8.5 ],
			"rotation": { "origin": [ 9.125, 6.5, 7 ], "axis": "z", "angle": 45 },
			"faces": {
				"down": { "uv": [ 1.5, 0, 2.5, 1 ], "texture": "#texture" },
				"up": { "uv": [ 1.5, 0, 2.5, 1 ], "texture": "#texture" },
				"north": { "uv": [ 1.5, 0, 2.5, 1 ], "texture": "#texture" },
				"south": { "uv": [ 2, 0, 3, 1 ], "texture": "#texture" },
				"west": { "uv": [ 2, 0, 3, 1 ], "texture": "#texture" },
				"east": { "uv": [ 2, 0, 3, 1 ], "texture": "#texture" }
			}
		},
		{
			"__comment": "Cube1",
			"from": [ 9, 7.875, 5.5 ],
			"to": [ 10.5, 9.375, 7 ],
			"rotation": { "origin": [ 9, 7.875, 5.5 ], "axis": "z", "angle": 45 },
			"faces": {
				"down": { "uv": [ 1.5, 0, 2.5, 1 ], "texture": "#texture" },
				"up": { "uv": [ 1.5, 0, 2.5, 1 ], "texture": "#texture" },
				"north": { "uv": [ 1.5, 0, 2.5, 1 ], "texture": "#texture" },
				"south": { "uv": [ 2, 0, 3, 1 ], "texture": "#texture" },
				"west": { "uv": [ 2, 0, 3, 1 ], "texture": "#texture" },
				"east": { "uv": [ 2, 0, 3, 1 ], "texture": "#texture" }
			}
		},
		{
			"__comment": "Cube1",
			"from": [ 9, 6, 5.5 ],
			"to": [ 10.5, 7.5, 7 ],
			"rotation": { "origin": [ 9, 6, 5.5 ], "axis": "z", "angle": 45 },
			"faces": {
				"down": { "uv": [ 1.5, 0, 2.5, 1 ], "texture": "#texture" },
				"up": { "uv": [ 1.5, 0, 2.5, 1 ], "texture": "#texture" },
				"north": { "uv": [ 1.5, 0, 2.5, 1 ], "texture": "#texture" },
				"south": { "uv": [ 2, 0, 3, 1 ], "texture": "#texture" },
				"west": { "uv": [ 2, 0, 3, 1 ], "texture": "#texture" },
				"east": { "uv": [ 2, 0, 3, 1 ], "texture": "#texture" }
			}
		},
		{
			"__comment": "Cube1",
			"from": [ 7.125, 7.875, 5.5 ],
			"to": [ 8.625, 9.375, 7 ],
			"rotation": { "origin": [ 7.125, 7.875, 5.5 ], "axis": "z", "angle": 45 },
			"faces": {
				"down": { "uv": [ 1.5, 0, 2.5, 1 ], "texture": "#texture" },
				"up": { "uv": [ 1.5, 0, 2.5, 1 ], "texture": "#texture" },
				"north": { "uv": [ 1.5, 0, 2.5, 1 ], "texture": "#texture" },
				"south": { "uv": [ 2, 0, 3, 1 ], "texture": "#texture" },
				"west": { "uv": [ 2, 0, 3, 1 ], "texture": "#texture" },
				"east": { "uv": [ 2, 0, 3, 1 ], "texture": "#texture" }
			}
		},
		{
			"__comment": "Cube1",
			"from": [ 9.125, 8.625, 7 ],
			"to": [ 9.625, 9.125, 8.5 ],
			"rotation": { "origin": [ 9.125, 8.625, 7 ], "axis": "z", "angle": 45 },
			"faces": {
				"down": { "uv": [ 1.5, 0, 2.5, 1 ], "texture": "#texture" },
				"up": { "uv": [ 1.5, 0, 2.5, 1 ], "texture": "#texture" },
				"north": { "uv": [ 1.5, 0, 2.5, 1 ], "texture": "#texture" },
				"south": { "uv": [ 2, 0, 3, 1 ], "texture": "#texture" },
				"west": { "uv": [ 2, 0, 3, 1 ], "texture": "#texture" },
				"east": { "uv": [ 2, 0, 3, 1 ], "texture": "#texture" }
			}
		},
		{
			"__comment": "Cube1",
			"from": [ 7, 8.625, 7 ],
			"to": [ 7.5, 9.125, 8.5 ],
			"rotation": { "origin": [ 7, 8.625, 7 ], "axis": "z", "angle": 45 },
			"faces": {
				"down": { "uv": [ 1.5, 0, 2.5, 1 ], "texture": "#texture" },
				"up": { "uv": [ 1.5, 0, 2.5, 1 ], "texture": "#texture" },
				"north": { "uv": [ 1.5, 0, 2.5, 1 ], "texture": "#texture" },
				"south": { "uv": [ 2, 0, 3, 1 ], "texture": "#texture" },
				"west": { "uv": [ 2, 0, 3, 1 ], "texture": "#texture" },
				"east": { "uv": [ 2, 0, 3, 1 ], "texture": "#texture" }
			}
		},
		{
			"__comment": "Cube1",
			"from": [ 7, 6.525, 7 ],
			"to": [ 7.5, 7.025, 8.5 ],
			"rotation": { "origin": [ 7, 6.525, 7 ], "axis": "z", "angle": 45 },
			"faces": {
				"down": { "uv": [ 1.5, 0, 2.5, 1 ], "texture": "#texture" },
				"up": { "uv": [ 1.5, 0, 2.5, 1 ], "texture": "#texture" },
				"north": { "uv": [ 1.5, 0, 2.5, 1 ], "texture": "#texture" },
				"south": { "uv": [ 2, 0, 3, 1 ], "texture": "#texture" },
				"west": { "uv": [ 2, 0, 3, 1 ], "texture": "#texture" },
				"east": { "uv": [ 2, 0, 3, 1 ], "texture": "#texture" }
			}
		},
		{
			"__comment": "Cube1",
			"from": [ 6.5, 6.875, 7 ],
			"to": [ 7, 9, 8.5 ],
			"faces": {
				"down": { "uv": [ 2, 0, 3, 1 ], "texture": "#texture", "rotation": 90 },
				"up": { "uv": [ 3, 1, 2, 0 ], "texture": "#texture", "rotation": 270 },
				"north": { "uv": [ 1.5, 0, 2.5, 1 ], "texture": "#texture", "rotation": 270 },
				"south": { "uv": [ 2, 0, 3, 1 ], "texture": "#texture", "rotation": 90 },
				"west": { "uv": [ 1.5, 0, 2.5, 1 ], "texture": "#texture", "rotation": 90 },
				"east": { "uv": [ 2.5, 1, 1.5, 0 ], "texture": "#texture", "rotation": 270 }
			}
		},
		{
			"__comment": "Cube1",
			"from": [ 7.25, 7.125, 11 ],
			"to": [ 8.875, 8.75, 12.5 ],
			"faces": {
				"down": { "uv": [ 2.5, 1, 1.5, 0 ], "texture": "#texture", "rotation": 270 },
				"up": { "uv": [ 2, 0, 3, 1 ], "texture": "#texture", "rotation": 90 },
				"north": { "uv": [ 2, 0, 3, 1 ], "texture": "#texture", "rotation": 270 },
				"south": { "uv": [ 2, 0, 3, 1 ], "texture": "#texture", "rotation": 90 },
				"west": { "uv": [ 1.5, 0, 2.5, 1 ], "texture": "#texture" },
				"east": { "uv": [ 2.5, 1, 1.5, 0 ], "texture": "#texture" }
			}
		},
		{
			"__comment": "Cube1",
			"from": [ 9.499, 5, 5.125 ],
			"to": [ 9.625, 9.5, 7.125 ],
			"rotation": { "origin": [ 9.625, 9.5, 5.125 ], "axis": "z", "angle": -45 },
			"faces": {
				"down": { "uv": [ 8, 0, 9, 1 ], "texture": "#texture", "rotation": 270 },
				"up": { "uv": [ 8.5, 1, 7.5, 0 ], "texture": "#texture", "rotation": 90 },
				"north": { "uv": [ 9, 1, 8, 0 ], "texture": "#texture", "rotation": 270 },
				"south": { "uv": [ 9, 1, 8, 0 ], "texture": "#texture", "rotation": 90 },
				"west": { "uv": [ 9, 1, 8, 0 ], "texture": "#texture", "rotation": 180 },
				"east": { "uv": [ 8, 0, 9, 1 ], "texture": "#texture", "rotation": 180 }
			}
		},
		{
			"__comment": "Cube1",
			"from": [ 9.5, 6.375, 5.125 ],
			"to": [ 9.626, 10.75, 7.125 ],
			"rotation": { "origin": [ 9.5, 6.375, 5.125 ], "axis": "z", "angle": 45 },
			"faces": {
				"down": { "uv": [ 8.5, 1, 7.5, 0 ], "texture": "#texture", "rotation": 270 },
				"up": { "uv": [ 8, 0, 9, 1 ], "texture": "#texture", "rotation": 90 },
				"north": { "uv": [ 8, 0, 9, 1 ], "texture": "#texture", "rotation": 270 },
				"south": { "uv": [ 8, 0, 9, 1 ], "texture": "#texture", "rotation": 90 },
				"west": { "uv": [ 8, 0, 9, 1 ], "texture": "#texture" },
				"east": { "uv": [ 9, 1, 8, 0 ], "texture": "#texture" }
			}
		},
		{
			"__comment": "Cube1",
			"from": [ 7, 6.875, 8.25 ],
			"to": [ 9.125, 9, 11.125 ],
			"faces": {
				"down": { "uv": [ 2.5, 1, 1.5, 0 ], "texture": "#texture", "rotation": 270 },
				"up": { "uv": [ 2, 0, 3, 1 ], "texture": "#texture", "rotation": 90 },
				"north": { "uv": [ 2, 0, 3, 1 ], "texture": "#texture", "rotation": 270 },
				"south": { "uv": [ 2, 0, 3, 1 ], "texture": "#texture", "rotation": 90 },
				"west": { "uv": [ 1.5, 0, 2.5, 1 ], "texture": "#texture" },
				"east": { "uv": [ 2.5, 1, 1.5, 0 ], "texture": "#texture" }
			}
		},
		{
			"__comment": "Cube1",
			"from": [ 7.5, 5.5, 10.75 ],
			"to": [ 8.625, 7.5, 11.75 ],
			"faces": {
				"down": { "uv": [ 2.5, 0, 1.5, 1 ], "texture": "#texture", "rotation": 270 },
				"up": { "uv": [ 2, 0, 3, 1 ], "texture": "#texture", "rotation": 90 },
				"north": { "uv": [ 2, 0, 3, 1 ], "texture": "#texture", "rotation": 270 },
				"south": { "uv": [ 2, 0, 3, 1 ], "texture": "#texture", "rotation": 90 },
				"west": { "uv": [ 1.5, 0, 2.5, 1 ], "texture": "#texture" },
				"east": { "uv": [ 2.5, 1, 1.5, 0 ], "texture": "#texture" }
			}
		},
		{
			"__comment": "Cube1",
			"from": [ 6.8333, 7.5, 9.125 ],
			"to": [ 9.3333, 8.5, 10.125 ],
			"rotation": { "origin": [ 7.25, 8, 9.625 ], "axis": "x", "angle": 22.5 },
			"faces": {
				"down": { "uv": [ 6, 1, 5, 0 ], "texture": "#texture", "rotation": 270 },
				"up": { "uv": [ 5, 0, 6, 1 ], "texture": "#texture", "rotation": 90 },
				"north": { "uv": [ 5, 0, 6, 1 ], "texture": "#texture", "rotation": 270 },
				"south": { "uv": [ 5, 0, 6, 1 ], "texture": "#texture", "rotation": 90 },
				"west": { "uv": [ 5, 0, 6, 1 ], "texture": "#texture" },
				"east": { "uv": [ 6, 1, 5, 0 ], "texture": "#texture" }
			}
		},
		{
			"__comment": "Cube1",
			"from": [ 6.8333, 7.5, 9.125 ],
			"to": [ 9.3333, 8.5, 10.125 ],
			"rotation": { "origin": [ 7.25, 8, 9.625 ], "axis": "x", "angle": 45 },
			"faces": {
				"down": { "uv": [ 6, 1, 5, 0 ], "texture": "#texture", "rotation": 270 },
				"up": { "uv": [ 5, 0, 6, 1 ], "texture": "#texture", "rotation": 90 },
				"north": { "uv": [ 5, 0, 6, 1 ], "texture": "#texture", "rotation": 270 },
				"south": { "uv": [ 5, 0, 6, 1 ], "texture": "#texture", "rotation": 90 },
				"west": { "uv": [ 5, 0, 6, 1 ], "texture": "#texture" },
				"east": { "uv": [ 6, 1, 5, 0 ], "texture": "#texture" }
			}
		},
		{
			"__comment": "Cube1",
			"from": [ 6.8333, 7.5, 9.125 ],
			"to": [ 9.3333, 8.5, 10.125 ],
			"rotation": { "origin": [ 7.25, 8, 9.625 ], "axis": "x", "angle": -22.5 },
			"faces": {
				"down": { "uv": [ 5, 0, 6, 1 ], "texture": "#texture", "rotation": 90 },
				"up": { "uv": [ 6, 1, 5, 0 ], "texture": "#texture", "rotation": 270 },
				"north": { "uv": [ 5, 0, 6, 1 ], "texture": "#texture", "rotation": 270 },
				"south": { "uv": [ 5, 0, 6, 1 ], "texture": "#texture", "rotation": 90 },
				"west": { "uv": [ 5, 0, 6, 1 ], "texture": "#texture", "rotation": 90 },
				"east": { "uv": [ 6, 1, 5, 0 ], "texture": "#texture", "rotation": 270 }
			}
		},
		{
			"__comment": "Cube1",
			"from": [ 6.8333, 7.5, 9.125 ],
			"to": [ 9.3333, 8.5, 10.125 ],
			"faces": {
				"down": { "uv": [ 6, 1, 5, 0 ], "texture": "#texture", "rotation": 270 },
				"up": { "uv": [ 5, 0, 6, 1 ], "texture": "#texture", "rotation": 90 },
				"north": { "uv": [ 5, 0, 6, 1 ], "texture": "#texture", "rotation": 270 },
				"south": { "uv": [ 5, 0, 6, 1 ], "texture": "#texture", "rotation": 90 },
				"west": { "uv": [ 5, 0, 6, 1 ], "texture": "#texture" },
				"east": { "uv": [ 6, 1, 5, 0 ], "texture": "#texture" }
			}
		},
		{
			"__comment": "Cube1",
			"from": [ 7.5, 7.02, 10.375 ],
			"to": [ 8.875, 9.02, 10.501 ],
			"faces": {
				"down": { "uv": [ 9.5, 0, 10, 1 ], "texture": "#texture", "rotation": 270 },
				"up": { "uv": [ 9.5, 0, 10, 1 ], "texture": "#texture", "rotation": 90 },
				"north": { "uv": [ 9.5, 0, 10, 1 ], "texture": "#texture", "rotation": 270 },
				"south": { "uv": [ 9.5, 0, 10, 1 ], "texture": "#texture", "rotation": 90 },
				"west": { "uv": [ 9.5, 0, 10, 1 ], "texture": "#texture" },
				"east": { "uv": [ 10, 1, 9.5, 0 ], "texture": "#texture" }
			}
		},
		{
			"__comment": "Cube1",
			"from": [ 8.625, 8.999, 9.5 ],
			"to": [ 9.125, 9.5, 10.875 ],
			"rotation": { "origin": [ 8.875, 9.5, 9.5 ], "axis": "x", "angle": 22.5 },
			"faces": {
				"down": { "uv": [ 2.5, 1, 1.5, 0 ], "texture": "#texture", "rotation": 270 },
				"up": { "uv": [ 2, 0, 3, 1 ], "texture": "#texture", "rotation": 90 },
				"north": { "uv": [ 2, 0, 3, 1 ], "texture": "#texture", "rotation": 270 },
				"south": { "uv": [ 2, 0, 3, 1 ], "texture": "#texture", "rotation": 90 },
				"west": { "uv": [ 1.5, 0, 2.5, 1 ], "texture": "#texture" },
				"east": { "uv": [ 2.5, 1, 1.5, 0 ], "texture": "#texture" }
			}
		},
		{
			"__comment": "Cube1",
			"from": [ 8.625, 8.999, 8.5 ],
			"to": [ 9.125, 9.5, 9.5 ],
			"faces": {
				"down": { "uv": [ 2.5, 1, 1.5, 0 ], "texture": "#texture", "rotation": 270 },
				"up": { "uv": [ 2, 0, 3, 1 ], "texture": "#texture", "rotation": 90 },
				"north": { "uv": [ 2, 0, 3, 1 ], "texture": "#texture", "rotation": 270 },
				"south": { "uv": [ 2, 0, 3, 1 ], "texture": "#texture", "rotation": 90 },
				"west": { "uv": [ 1.5, 0, 2.5, 1 ], "texture": "#texture" },
				"east": { "uv": [ 2.5, 1, 1.5, 0 ], "texture": "#texture" }
			}
		},
		{
			"__comment": "Cube1",
			"from": [ 7, 8.999, 9.5 ],
			"to": [ 7.5, 9.5, 10.875 ],
			"rotation": { "origin": [ 7.25, 9.5, 9.5 ], "axis": "x", "angle": 22.5 },
			"faces": {
				"down": { "uv": [ 2.5, 1, 1.5, 0 ], "texture": "#texture", "rotation": 270 },
				"up": { "uv": [ 2, 0, 3, 1 ], "texture": "#texture", "rotation": 90 },
				"north": { "uv": [ 2, 0, 3, 1 ], "texture": "#texture", "rotation": 270 },
				"south": { "uv": [ 2, 0, 3, 1 ], "texture": "#texture", "rotation": 90 },
				"west": { "uv": [ 1.5, 0, 2.5, 1 ], "texture": "#texture" },
				"east": { "uv": [ 2.5, 1, 1.5, 0 ], "texture": "#texture" }
			}
		},
		{
			"__comment": "Cube1",
			"from": [ 8.625, 8.999, 8.25 ],
			"to": [ 9.125, 9.5, 8.75 ],
			"rotation": { "origin": [ 8.875, 9.5, 8.25 ], "axis": "y", "angle": -45 },
			"faces": {
				"down": { "uv": [ 2.5, 1, 1.5, 0 ], "texture": "#texture", "rotation": 270 },
				"up": { "uv": [ 2, 0, 3, 1 ], "texture": "#texture", "rotation": 90 },
				"north": { "uv": [ 2, 0, 3, 1 ], "texture": "#texture", "rotation": 270 },
				"south": { "uv": [ 2, 0, 3, 1 ], "texture": "#texture", "rotation": 90 },
				"west": { "uv": [ 1.5, 0, 2.5, 1 ], "texture": "#texture" },
				"east": { "uv": [ 2.5, 1, 1.5, 0 ], "texture": "#texture" }
			}
		},
		{
			"__comment": "Cube1",
			"from": [ 7, 9, 8.5 ],
			"to": [ 7.5, 9.501, 9.5 ],
			"faces": {
				"down": { "uv": [ 2.5, 1, 1.5, 0 ], "texture": "#texture", "rotation": 270 },
				"up": { "uv": [ 2, 0, 3, 1 ], "texture": "#texture", "rotation": 90 },
				"north": { "uv": [ 2, 0, 3, 1 ], "texture": "#texture", "rotation": 270 },
				"south": { "uv": [ 2, 0, 3, 1 ], "texture": "#texture", "rotation": 90 },
				"west": { "uv": [ 1.5, 0, 2.5, 1 ], "texture": "#texture" },
				"east": { "uv": [ 2.5, 1, 1.5, 0 ], "texture": "#texture" }
			}
		},
		{
			"__comment": "Cube1",
			"from": [ 7.375, 8.999, 8.25 ],
			"to": [ 7.875, 9.5, 8.75 ],
			"rotation": { "origin": [ 7.625, 9.5, 8.25 ], "axis": "y", "angle": -45 },
			"faces": {
				"down": { "uv": [ 2.5, 1, 1.5, 0 ], "texture": "#texture", "rotation": 270 },
				"up": { "uv": [ 2, 0, 3, 1 ], "texture": "#texture", "rotation": 90 },
				"north": { "uv": [ 2, 0, 3, 1 ], "texture": "#texture", "rotation": 270 },
				"south": { "uv": [ 2, 0, 3, 1 ], "texture": "#texture", "rotation": 90 },
				"west": { "uv": [ 1.5, 0, 2.5, 1 ], "texture": "#texture" },
				"east": { "uv": [ 2.5, 1, 1.5, 0 ], "texture": "#texture" }
			}
		},
		{
			"__comment": "Cube1",
			"from": [ 7.5, 7.375, 8.375 ],
			"to": [ 8.875, 9.375, 8.501 ],
			"faces": {
				"down": { "uv": [ 9.5, 0, 10, 1 ], "texture": "#texture", "rotation": 270 },
				"up": { "uv": [ 9.5, 0, 10, 1 ], "texture": "#texture", "rotation": 90 },
				"north": { "uv": [ 9.5, 0, 10, 1 ], "texture": "#texture", "rotation": 270 },
				"south": { "uv": [ 9.5, 0, 10, 1 ], "texture": "#texture", "rotation": 90 },
				"west": { "uv": [ 9.5, 0, 10, 1 ], "texture": "#texture" },
				"east": { "uv": [ 10, 1, 9.5, 0 ], "texture": "#texture" }
			}
		},
		{
			"__comment": "Cube1",
			"from": [ 7.375, 7.375, 8.875 ],
			"to": [ 8.75, 9.375, 9.001 ],
			"faces": {
				"down": { "uv": [ 9.5, 0, 10, 1 ], "texture": "#texture", "rotation": 270 },
				"up": { "uv": [ 9.5, 0, 10, 1 ], "texture": "#texture", "rotation": 90 },
				"north": { "uv": [ 9.5, 0, 10, 1 ], "texture": "#texture", "rotation": 270 },
				"south": { "uv": [ 9.5, 0, 10, 1 ], "texture": "#texture", "rotation": 90 },
				"west": { "uv": [ 9.5, 0, 10, 1 ], "texture": "#texture" },
				"east": { "uv": [ 10, 1, 9.5, 0 ], "texture": "#texture" }
			}
		},
		{
			"__comment": "Cube1",
			"from": [ 7.375, 7.375, 9.125 ],
			"to": [ 8.875, 9.375, 9.251 ],
			"faces": {
				"down": { "uv": [ 9.5, 0, 10, 1 ], "texture": "#texture", "rotation": 270 },
				"up": { "uv": [ 9.5, 0, 10, 1 ], "texture": "#texture", "rotation": 90 },
				"north": { "uv": [ 9.5, 0, 10, 1 ], "texture": "#texture", "rotation": 270 },
				"south": { "uv": [ 9.5, 0, 10, 1 ], "texture": "#texture", "rotation": 90 },
				"west": { "uv": [ 9.5, 0, 10, 1 ], "texture": "#texture" },
				"east": { "uv": [ 10, 1, 9.5, 0 ], "texture": "#texture" }
			}
		},
		{
			"__comment": "Cube1",
			"from": [ 7.375, 7.375, 9.375 ],
			"to": [ 8.75, 9.375, 9.501 ],
			"faces": {
				"down": { "uv": [ 9.5, 0, 10, 1 ], "texture": "#texture", "rotation": 270 },
				"up": { "uv": [ 9.5, 0, 10, 1 ], "texture": "#texture", "rotation": 90 },
				"north": { "uv": [ 9.5, 0, 10, 1 ], "texture": "#texture", "rotation": 270 },
				"south": { "uv": [ 9.5, 0, 10, 1 ], "texture": "#texture", "rotation": 90 },
				"west": { "uv": [ 9.5, 0, 10, 1 ], "texture": "#texture" },
				"east": { "uv": [ 10, 1, 9.5, 0 ], "texture": "#texture" }
			}
		},
		{
			"__comment": "Cube1",
			"from": [ 7.375, 7.25, 9.625 ],
			"to": [ 8.75, 9.25, 9.751 ],
			"faces": {
				"down": { "uv": [ 9.5, 0, 10, 1 ], "texture": "#texture", "rotation": 270 },
				"up": { "uv": [ 9.5, 0, 10, 1 ], "texture": "#texture", "rotation": 90 },
				"north": { "uv": [ 9.5, 0, 10, 1 ], "texture": "#texture", "rotation": 270 },
				"south": { "uv": [ 9.5, 0, 10, 1 ], "texture": "#texture", "rotation": 90 },
				"west": { "uv": [ 9.5, 0, 10, 1 ], "texture": "#texture" },
				"east": { "uv": [ 10, 1, 9.5, 0 ], "texture": "#texture" }
			}
		},
		{
			"__comment": "Cube1",
			"from": [ 7.375, 7.375, 8.625 ],
			"to": [ 8.75, 9.375, 8.751 ],
			"faces": {
				"down": { "uv": [ 9.5, 0, 10, 1 ], "texture": "#texture", "rotation": 270 },
				"up": { "uv": [ 9.5, 0, 10, 1 ], "texture": "#texture", "rotation": 90 },
				"north": { "uv": [ 9.5, 0, 10, 1 ], "texture": "#texture", "rotation": 270 },
				"south": { "uv": [ 9.5, 0, 10, 1 ], "texture": "#texture", "rotation": 90 },
				"west": { "uv": [ 9.5, 0, 10, 1 ], "texture": "#texture" },
				"east": { "uv": [ 10, 1, 9.5, 0 ], "texture": "#texture" }
			}
		},
		{
			"__comment": "Cube1",
			"from": [ 7.375, 7.125, 9.875 ],
			"to": [ 8.75, 9.125, 10.001 ],
			"faces": {
				"down": { "uv": [ 9.5, 0, 10, 1 ], "texture": "#texture", "rotation": 270 },
				"up": { "uv": [ 9.5, 0, 10, 1 ], "texture": "#texture", "rotation": 90 },
				"north": { "uv": [ 9.5, 0, 10, 1 ], "texture": "#texture", "rotation": 270 },
				"south": { "uv": [ 9.5, 0, 10, 1 ], "texture": "#texture", "rotation": 90 },
				"west": { "uv": [ 9.5, 0, 10, 1 ], "texture": "#texture" },
				"east": { "uv": [ 10, 1, 9.5, 0 ], "texture": "#texture" }
			}
		},
		{
			"__comment": "Cube1",
			"from": [ 7.375, 7.075, 10.125 ],
			"to": [ 8.75, 9.075, 10.251 ],
			"faces": {
				"down": { "uv": [ 9.5, 0, 10, 1 ], "texture": "#texture", "rotation": 270 },
				"up": { "uv": [ 9.5, 0, 10, 1 ], "texture": "#texture", "rotation": 90 },
				"north": { "uv": [ 9.5, 0, 10, 1 ], "texture": "#texture", "rotation": 270 },
				"south": { "uv": [ 9.5, 0, 10, 1 ], "texture": "#texture", "rotation": 90 },
				"west": { "uv": [ 9.5, 0, 10, 1 ], "texture": "#texture" },
				"east": { "uv": [ 10, 1, 9.5, 0 ], "texture": "#texture" }
			}
		},
		{
			"__comment": "Cube1",
			"from": [ 7.75, 6.75, 10 ],
			"to": [ 8.25, 7.25, 11 ],
			"faces": {
				"down": { "uv": [ 2.5, 1, 1.5, 0 ], "texture": "#texture", "rotation": 270 },
				"up": { "uv": [ 2, 0, 3, 1 ], "texture": "#texture", "rotation": 90 },
				"north": { "uv": [ 2, 0, 3, 1 ], "texture": "#texture", "rotation": 270 },
				"south": { "uv": [ 2, 0, 3, 1 ], "texture": "#texture", "rotation": 90 },
				"west": { "uv": [ 1.5, 0, 2.5, 1 ], "texture": "#texture" },
				"east": { "uv": [ 2.5, 1, 1.5, 0 ], "texture": "#texture" }
			}
		},
		{
			"__comment": "Cube1",
			"from": [ 6.625, 7.25, 8.5 ],
			"to": [ 9.5, 8.75, 8.75 ],
			"faces": {
				"down": { "uv": [ 9.5, 0, 10, 1 ], "texture": "#texture", "rotation": 270 },
				"up": { "uv": [ 9.5, 0, 10, 1 ], "texture": "#texture", "rotation": 90 },
				"north": { "uv": [ 9.5, 0, 10, 1 ], "texture": "#texture", "rotation": 270 },
				"south": { "uv": [ 9.5, 0, 10, 1 ], "texture": "#texture", "rotation": 90 },
				"west": { "uv": [ 9.5, 0, 10, 1 ], "texture": "#texture" },
				"east": { "uv": [ 10, 1, 9.5, 0 ], "texture": "#texture" }
			}
		},
		{
			"__comment": "Cube1",
			"from": [ 9.125, 8.5, 8.375 ],
			"to": [ 9.501, 8.75, 9.375 ],
			"rotation": { "origin": [ 9.125, 8.75, 8.375 ], "axis": "x", "angle": -22.5 },
			"faces": {
				"down": { "uv": [ 9.5, 0, 10, 1 ], "texture": "#texture", "rotation": 270 },
				"up": { "uv": [ 9.5, 0, 10, 1 ], "texture": "#texture", "rotation": 90 },
				"north": { "uv": [ 9.5, 0, 10, 1 ], "texture": "#texture", "rotation": 270 },
				"south": { "uv": [ 9.5, 0, 10, 1 ], "texture": "#texture", "rotation": 90 },
				"west": { "uv": [ 9.5, 0, 10, 1 ], "texture": "#texture" },
				"east": { "uv": [ 10, 1, 9.5, 0 ], "texture": "#texture" }
			}
		},
		{
			"__comment": "Cube1",
			"from": [ 6.625, 7.25, 8.5 ],
			"to": [ 9.5, 7.5, 9.5 ],
			"rotation": { "origin": [ 6.625, 7.5, 8.5 ], "axis": "x", "angle": 22.5 },
			"faces": {
				"down": { "uv": [ 9.5, 0, 10, 1 ], "texture": "#texture", "rotation": 270 },
				"up": { "uv": [ 9.5, 0, 10, 1 ], "texture": "#texture", "rotation": 90 },
				"north": { "uv": [ 9.5, 0, 10, 1 ], "texture": "#texture", "rotation": 270 },
				"south": { "uv": [ 9.5, 0, 10, 1 ], "texture": "#texture", "rotation": 90 },
				"west": { "uv": [ 9.5, 0, 10, 1 ], "texture": "#texture" },
				"east": { "uv": [ 10, 1, 9.5, 0 ], "texture": "#texture" }
			}
		},
		{
			"__comment": "Cube1",
			"from": [ 6.625, 8.349999, 8.9 ],
			"to": [ 9.5, 8.849999, 9.026 ],
			"rotation": { "origin": [ 6.625, 8.75, 9 ], "axis": "x", "angle": 45 },
			"faces": {
				"down": { "uv": [ 9.5, 0, 10, 1 ], "texture": "#texture", "rotation": 270 },
				"up": { "uv": [ 9.5, 0, 10, 1 ], "texture": "#texture", "rotation": 90 },
				"north": { "uv": [ 9.5, 0, 10, 1 ], "texture": "#texture", "rotation": 270 },
				"south": { "uv": [ 9.5, 0, 10, 1 ], "texture": "#texture", "rotation": 90 },
				"west": { "uv": [ 9.5, 0, 10, 1 ], "texture": "#texture" },
				"east": { "uv": [ 10, 1, 9.5, 0 ], "texture": "#texture" }
			}
		},
		{
			"__comment": "Cube1",
			"from": [ 6.625, 7.4, 8.65 ],
			"to": [ 9.5, 7.526, 9.15 ],
			"rotation": { "origin": [ 6.625, 7.5, 8.75 ], "axis": "x", "angle": 45 },
			"faces": {
				"down": { "uv": [ 9.5, 0, 10, 1 ], "texture": "#texture", "rotation": 270 },
				"up": { "uv": [ 9.5, 0, 10, 1 ], "texture": "#texture", "rotation": 90 },
				"north": { "uv": [ 9.5, 0, 10, 1 ], "texture": "#texture", "rotation": 270 },
				"south": { "uv": [ 9.5, 0, 10, 1 ], "texture": "#texture", "rotation": 90 },
				"west": { "uv": [ 9.5, 0, 10, 1 ], "texture": "#texture" },
				"east": { "uv": [ 10, 1, 9.5, 0 ], "texture": "#texture" }
			}
		},
		{
			"__comment": "Cube1",
			"from": [ 6.625, 8.5, 8.375 ],
			"to": [ 7.001, 8.75, 9.375 ],
			"rotation": { "origin": [ 6.625, 8.75, 8.375 ], "axis": "x", "angle": -22.5 },
			"faces": {
				"down": { "uv": [ 9.5, 0, 10, 1 ], "texture": "#texture", "rotation": 270 },
				"up": { "uv": [ 9.5, 0, 10, 1 ], "texture": "#texture", "rotation": 90 },
				"north": { "uv": [ 9.5, 0, 10, 1 ], "texture": "#texture", "rotation": 270 },
				"south": { "uv": [ 9.5, 0, 10, 1 ], "texture": "#texture", "rotation": 90 },
				"west": { "uv": [ 9.5, 0, 10, 1 ], "texture": "#texture" },
				"east": { "uv": [ 10, 1, 9.5, 0 ], "texture": "#texture" }
			}
		},
		{
			"__comment": "Cube1",
			"from": [ 7.375, 6.5, 8.25 ],
			"to": [ 8.625, 7, 9.25 ],
			"faces": {
				"down": { "uv": [ 2.5, 1, 1.5, 0 ], "texture": "#texture", "rotation": 270 },
				"up": { "uv": [ 2, 0, 3, 1 ], "texture": "#texture", "rotation": 90 },
				"north": { "uv": [ 2, 0, 3, 1 ], "texture": "#texture", "rotation": 270 },
				"south": { "uv": [ 2, 0, 3, 1 ], "texture": "#texture", "rotation": 90 },
				"west": { "uv": [ 1.5, 0, 2.5, 1 ], "texture": "#texture" },
				"east": { "uv": [ 2.5, 1, 1.5, 0 ], "texture": "#texture" }
			}
		},
		{
			"__comment": "Cube1",
			"from": [ 7.5, 6.625, 9 ],
			"to": [ 8.5, 7.125, 10 ],
			"faces": {
				"down": { "uv": [ 2.5, 1, 1.5, 0 ], "texture": "#texture", "rotation": 270 },
				"up": { "uv": [ 2, 0, 3, 1 ], "texture": "#texture", "rotation": 90 },
				"north": { "uv": [ 2, 0, 3, 1 ], "texture": "#texture", "rotation": 270 },
				"south": { "uv": [ 2, 0, 3, 1 ], "texture": "#texture", "rotation": 90 },
				"west": { "uv": [ 1.5, 0, 2.5, 1 ], "texture": "#texture" },
				"east": { "uv": [ 2.5, 1, 1.5, 0 ], "texture": "#texture" }
			}
		},
		{
			"__comment": "Cube1",
			"from": [ 9.875, 7.375, 6.125 ],
			"to": [ 10, 7.626, 6.875 ],
			"rotation": { "origin": [ 9.875, 7.375, 6.125 ], "axis": "y", "angle": 22.5 },
			"faces": {
				"down": { "uv": [ 0.5, 2, 1.5, 3 ], "texture": "#texture" },
				"up": { "uv": [ 0, 2, 1, 3 ], "texture": "#texture" },
				"north": { "uv": [ 0, 2, 1, 3 ], "texture": "#texture" },
				"south": { "uv": [ 0, 2, 1, 3 ], "texture": "#texture" },
				"west": { "uv": [ 0.5, 2, 1.5, 3 ], "texture": "#texture" },
				"east": { "uv": [ 0.5, 2, 1.5, 3 ], "texture": "#texture" }
			}
		},
		{
			"__comment": "Cube1",
			"from": [ 10.125, 7.375, 5.875 ],
			"to": [ 10.25, 7.5, 6.75 ],
			"rotation": { "origin": [ 10.125, 7.5, 5.875 ], "axis": "x", "angle": 22.5 },
			"faces": {
				"down": { "uv": [ 15, 0, 16, 1 ], "texture": "#texture", "rotation": 270 },
				"up": { "uv": [ 16, 1, 15, 0 ], "texture": "#texture", "rotation": 90 },
				"north": { "uv": [ 16, 1, 15, 0 ], "texture": "#texture", "rotation": 270 },
				"south": { "uv": [ 16, 1, 15, 0 ], "texture": "#texture", "rotation": 90 },
				"west": { "uv": [ 16, 1, 15, 0 ], "texture": "#texture", "rotation": 180 },
				"east": { "uv": [ 15, 0, 16, 1 ], "texture": "#texture", "rotation": 180 }
			}
		},
		{
			"__comment": "Cube1",
			"from": [ 10.125, 8.375, 5.875 ],
			"to": [ 10.25, 8.5, 6.75 ],
			"rotation": { "origin": [ 10.125, 8.5, 5.875 ], "axis": "x", "angle": -22.5 },
			"faces": {
				"down": { "uv": [ 15, 0, 16, 1 ], "texture": "#texture", "rotation": 270 },
				"up": { "uv": [ 16, 1, 15, 0 ], "texture": "#texture", "rotation": 90 },
				"north": { "uv": [ 16, 1, 15, 0 ], "texture": "#texture", "rotation": 270 },
				"south": { "uv": [ 16, 1, 15, 0 ], "texture": "#texture", "rotation": 90 },
				"west": { "uv": [ 16, 1, 15, 0 ], "texture": "#texture", "rotation": 180 },
				"east": { "uv": [ 15, 0, 16, 1 ], "texture": "#texture", "rotation": 180 }
			}
		},
		{
			"__comment": "Cube1",
			"from": [ 10.125, 7.5965, 5.8786 ],
			"to": [ 10.25, 7.7225, 6.5036 ],
			"rotation": { "origin": [ 10.125, 7.75, 5.945 ], "axis": "x", "angle": -22.5 },
			"faces": {
				"down": { "uv": [ 15, 0, 16, 1 ], "texture": "#texture", "rotation": 270 },
				"up": { "uv": [ 16, 1, 15, 0 ], "texture": "#texture", "rotation": 90 },
				"north": { "uv": [ 16, 1, 15, 0 ], "texture": "#texture", "rotation": 270 },
				"south": { "uv": [ 16, 1, 15, 0 ], "texture": "#texture", "rotation": 90 },
				"west": { "uv": [ 16, 1, 15, 0 ], "texture": "#texture", "rotation": 180 },
				"east": { "uv": [ 15, 0, 16, 1 ], "texture": "#texture", "rotation": 180 }
			}
		},
		{
			"__comment": "Cube1",
			"from": [ 10.125, 8.105, 5.875 ],
			"to": [ 10.25, 8.605, 6.001 ],
			"rotation": { "origin": [ 10.125, 8.105, 5.875 ], "axis": "x", "angle": 22.5 },
			"faces": {
				"down": { "uv": [ 15, 0, 16, 1 ], "texture": "#texture", "rotation": 270 },
				"up": { "uv": [ 16, 1, 15, 0 ], "texture": "#texture", "rotation": 90 },
				"north": { "uv": [ 16, 1, 15, 0 ], "texture": "#texture", "rotation": 270 },
				"south": { "uv": [ 16, 1, 15, 0 ], "texture": "#texture", "rotation": 90 },
				"west": { "uv": [ 16, 1, 15, 0 ], "texture": "#texture", "rotation": 180 },
				"east": { "uv": [ 15, 0, 16, 1 ], "texture": "#texture", "rotation": 180 }
			}
		},
		{
			"__comment": "Cube1",
			"from": [ 10.125, 7.75, 5.75 ],
			"to": [ 10.25, 8.125, 6.125 ],
			"rotation": { "origin": [ 10.125, 7.75, 5.75 ], "axis": "x", "angle": 45 },
			"faces": {
				"down": { "uv": [ 15, 0, 16, 1 ], "texture": "#texture", "rotation": 270 },
				"up": { "uv": [ 16, 1, 15, 0 ], "texture": "#texture", "rotation": 90 },
				"north": { "uv": [ 16, 1, 15, 0 ], "texture": "#texture", "rotation": 270 },
				"south": { "uv": [ 16, 1, 15, 0 ], "texture": "#texture", "rotation": 90 },
				"west": { "uv": [ 16, 1, 15, 0 ], "texture": "#texture", "rotation": 180 },
				"east": { "uv": [ 15, 0, 16, 1 ], "texture": "#texture", "rotation": 180 }
			}
		},
		{
			"__comment": "Cube1",
			"from": [ 10.125, 7.305, 6.06 ],
			"to": [ 10.25, 7.805, 6.186 ],
			"rotation": { "origin": [ 10.125, 7.305, 6.06 ], "axis": "x", "angle": -22.5 },
			"faces": {
				"down": { "uv": [ 15, 0, 16, 1 ], "texture": "#texture", "rotation": 270 },
				"up": { "uv": [ 16, 1, 15, 0 ], "texture": "#texture", "rotation": 90 },
				"north": { "uv": [ 16, 1, 15, 0 ], "texture": "#texture", "rotation": 270 },
				"south": { "uv": [ 16, 1, 15, 0 ], "texture": "#texture", "rotation": 90 },
				"west": { "uv": [ 16, 1, 15, 0 ], "texture": "#texture", "rotation": 180 },
				"east": { "uv": [ 15, 0, 16, 1 ], "texture": "#texture", "rotation": 180 }
			}
		},
		{
			"__comment": "Cube1",
			"from": [ 10.125, 7.9715, 6.0586 ],
			"to": [ 10.25, 8.0975, 6.6836 ],
			"rotation": { "origin": [ 10.125, 8.125, 6.125 ], "axis": "x", "angle": 22.5 },
			"faces": {
				"down": { "uv": [ 15, 0, 16, 1 ], "texture": "#texture", "rotation": 270 },
				"up": { "uv": [ 16, 1, 15, 0 ], "texture": "#texture", "rotation": 90 },
				"north": { "uv": [ 16, 1, 15, 0 ], "texture": "#texture", "rotation": 270 },
				"south": { "uv": [ 16, 1, 15, 0 ], "texture": "#texture", "rotation": 90 },
				"west": { "uv": [ 16, 1, 15, 0 ], "texture": "#texture", "rotation": 180 },
				"east": { "uv": [ 15, 0, 16, 1 ], "texture": "#texture", "rotation": 180 }
			}
		},
		{
			"__comment": "Cube1",
			"from": [ 10.125, 8, 5.75 ],
			"to": [ 10.25, 8.375, 6.125 ],
			"rotation": { "origin": [ 10.125, 8, 5.75 ], "axis": "x", "angle": 45 },
			"faces": {
				"down": { "uv": [ 15, 0, 16, 1 ], "texture": "#texture", "rotation": 270 },
				"up": { "uv": [ 16, 1, 15, 0 ], "texture": "#texture", "rotation": 90 },
				"north": { "uv": [ 16, 1, 15, 0 ], "texture": "#texture", "rotation": 270 },
				"south": { "uv": [ 16, 1, 15, 0 ], "texture": "#texture", "rotation": 90 },
				"west": { "uv": [ 16, 1, 15, 0 ], "texture": "#texture", "rotation": 180 },
				"east": { "uv": [ 15, 0, 16, 1 ], "texture": "#texture", "rotation": 180 }
			}
		},
		{
			"__comment": "Cube1",
			"from": [ 10.125, 7.75, 6 ],
			"to": [ 10.25, 8.001, 6.75 ],
			"faces": {
				"down": { "uv": [ 15, 0, 16, 1 ], "texture": "#texture", "rotation": 270 },
				"up": { "uv": [ 16, 1, 15, 0 ], "texture": "#texture", "rotation": 90 },
				"north": { "uv": [ 16, 1, 15, 0 ], "texture": "#texture", "rotation": 270 },
				"south": { "uv": [ 16, 1, 15, 0 ], "texture": "#texture", "rotation": 90 },
				"west": { "uv": [ 16, 1, 15, 0 ], "texture": "#texture", "rotation": 180 },
				"east": { "uv": [ 15, 0, 16, 1 ], "texture": "#texture", "rotation": 180 }
			}
		},
		{
			"__comment": "Cube1",
			"from": [ 9.875, 8.25, 6.125 ],
			"to": [ 10, 8.501, 6.875 ],
			"rotation": { "origin": [ 9.875, 8.25, 6.125 ], "axis": "y", "angle": 22.5 },
			"faces": {
				"down": { "uv": [ 0.5, 2, 1.5, 3 ], "texture": "#texture" },
				"up": { "uv": [ 0, 2, 1, 3 ], "texture": "#texture" },
				"north": { "uv": [ 0, 2, 1, 3 ], "texture": "#texture" },
				"south": { "uv": [ 0, 2, 1, 3 ], "texture": "#texture" },
				"west": { "uv": [ 0.5, 2, 1.5, 3 ], "texture": "#texture" },
				"east": { "uv": [ 0.5, 2, 1.5, 3 ], "texture": "#texture" }
			}
		},
		{
			"__comment": "Cube1",
			"from": [ 6.125, 8.25, 6.125 ],
			"to": [ 6.25, 8.501, 6.875 ],
			"rotation": { "origin": [ 6.125, 8.25, 6.125 ], "axis": "y", "angle": -22.5 },
			"faces": {
				"down": { "uv": [ 0.5, 2, 1.5, 3 ], "texture": "#texture" },
				"up": { "uv": [ 0, 2, 1, 3 ], "texture": "#texture" },
				"north": { "uv": [ 0, 2, 1, 3 ], "texture": "#texture" },
				"south": { "uv": [ 0, 2, 1, 3 ], "texture": "#texture" },
				"west": { "uv": [ 0.5, 2, 1.5, 3 ], "texture": "#texture" },
				"east": { "uv": [ 0.5, 2, 1.5, 3 ], "texture": "#texture" }
			}
		},
		{
			"__comment": "Cube1",
			"from": [ 5.875, 7.75, 6 ],
			"to": [ 6, 8.001, 6.75 ],
			"faces": {
				"down": { "uv": [ 15, 0, 16, 1 ], "texture": "#texture", "rotation": 270 },
				"up": { "uv": [ 16, 1, 15, 0 ], "texture": "#texture", "rotation": 90 },
				"north": { "uv": [ 16, 1, 15, 0 ], "texture": "#texture", "rotation": 270 },
				"south": { "uv": [ 16, 1, 15, 0 ], "texture": "#texture", "rotation": 90 },
				"west": { "uv": [ 16, 1, 15, 0 ], "texture": "#texture", "rotation": 180 },
				"east": { "uv": [ 15, 0, 16, 1 ], "texture": "#texture", "rotation": 180 }
			}
		},
		{
			"__comment": "Cube1",
			"from": [ 5.875, 8, 5.75 ],
			"to": [ 6, 8.375, 6.125 ],
			"rotation": { "origin": [ 5.875, 8, 5.75 ], "axis": "x", "angle": 45 },
			"faces": {
				"down": { "uv": [ 15, 0, 16, 1 ], "texture": "#texture", "rotation": 270 },
				"up": { "uv": [ 16, 1, 15, 0 ], "texture": "#texture", "rotation": 90 },
				"north": { "uv": [ 16, 1, 15, 0 ], "texture": "#texture", "rotation": 270 },
				"south": { "uv": [ 16, 1, 15, 0 ], "texture": "#texture", "rotation": 90 },
				"west": { "uv": [ 16, 1, 15, 0 ], "texture": "#texture", "rotation": 180 },
				"east": { "uv": [ 15, 0, 16, 1 ], "texture": "#texture", "rotation": 180 }
			}
		},
		{
			"__comment": "Cube1",
			"from": [ 5.875, 7.9715, 6.0586 ],
			"to": [ 6, 8.0975, 6.6836 ],
			"rotation": { "origin": [ 5.875, 8.125, 6.125 ], "axis": "x", "angle": 22.5 },
			"faces": {
				"down": { "uv": [ 15, 0, 16, 1 ], "texture": "#texture", "rotation": 270 },
				"up": { "uv": [ 16, 1, 15, 0 ], "texture": "#texture", "rotation": 90 },
				"north": { "uv": [ 16, 1, 15, 0 ], "texture": "#texture", "rotation": 270 },
				"south": { "uv": [ 16, 1, 15, 0 ], "texture": "#texture", "rotation": 90 },
				"west": { "uv": [ 16, 1, 15, 0 ], "texture": "#texture", "rotation": 180 },
				"east": { "uv": [ 15, 0, 16, 1 ], "texture": "#texture", "rotation": 180 }
			}
		},
		{
			"__comment": "Cube1",
			"from": [ 5.875, 7.305, 6.06 ],
			"to": [ 6, 7.805, 6.186 ],
			"rotation": { "origin": [ 5.875, 7.305, 6.06 ], "axis": "x", "angle": -22.5 },
			"faces": {
				"down": { "uv": [ 15, 0, 16, 1 ], "texture": "#texture", "rotation": 270 },
				"up": { "uv": [ 16, 1, 15, 0 ], "texture": "#texture", "rotation": 90 },
				"north": { "uv": [ 16, 1, 15, 0 ], "texture": "#texture", "rotation": 270 },
				"south": { "uv": [ 16, 1, 15, 0 ], "texture": "#texture", "rotation": 90 },
				"west": { "uv": [ 16, 1, 15, 0 ], "texture": "#texture", "rotation": 180 },
				"east": { "uv": [ 15, 0, 16, 1 ], "texture": "#texture", "rotation": 180 }
			}
		},
		{
			"__comment": "Cube1",
			"from": [ 5.875, 7.75, 5.75 ],
			"to": [ 6, 8.125, 6.125 ],
			"rotation": { "origin": [ 5.875, 7.75, 5.75 ], "axis": "x", "angle": 45 },
			"faces": {
				"down": { "uv": [ 15, 0, 16, 1 ], "texture": "#texture", "rotation": 270 },
				"up": { "uv": [ 16, 1, 15, 0 ], "texture": "#texture", "rotation": 90 },
				"north": { "uv": [ 16, 1, 15, 0 ], "texture": "#texture", "rotation": 270 },
				"south": { "uv": [ 16, 1, 15, 0 ], "texture": "#texture", "rotation": 90 },
				"west": { "uv": [ 16, 1, 15, 0 ], "texture": "#texture", "rotation": 180 },
				"east": { "uv": [ 15, 0, 16, 1 ], "texture": "#texture", "rotation": 180 }
			}
		},
		{
			"__comment": "Cube1",
			"from": [ 5.875, 8.105, 5.875 ],
			"to": [ 6, 8.605, 6.001 ],
			"rotation": { "origin": [ 5.875, 8.105, 5.875 ], "axis": "x", "angle": 22.5 },
			"faces": {
				"down": { "uv": [ 15, 0, 16, 1 ], "texture": "#texture", "rotation": 270 },
				"up": { "uv": [ 16, 1, 15, 0 ], "texture": "#texture", "rotation": 90 },
				"north": { "uv": [ 16, 1, 15, 0 ], "texture": "#texture", "rotation": 270 },
				"south": { "uv": [ 16, 1, 15, 0 ], "texture": "#texture", "rotation": 90 },
				"west": { "uv": [ 16, 1, 15, 0 ], "texture": "#texture", "rotation": 180 },
				"east": { "uv": [ 15, 0, 16, 1 ], "texture": "#texture", "rotation": 180 }
			}
		},
		{
			"__comment": "Cube1",
			"from": [ 5.875, 7.5965, 5.8786 ],
			"to": [ 6, 7.7225, 6.5036 ],
			"rotation": { "origin": [ 5.875, 7.75, 5.945 ], "axis": "x", "angle": -22.5 },
			"faces": {
				"down": { "uv": [ 15, 0, 16, 1 ], "texture": "#texture", "rotation": 270 },
				"up": { "uv": [ 16, 1, 15, 0 ], "texture": "#texture", "rotation": 90 },
				"north": { "uv": [ 16, 1, 15, 0 ], "texture": "#texture", "rotation": 270 },
				"south": { "uv": [ 16, 1, 15, 0 ], "texture": "#texture", "rotation": 90 },
				"west": { "uv": [ 16, 1, 15, 0 ], "texture": "#texture", "rotation": 180 },
				"east": { "uv": [ 15, 0, 16, 1 ], "texture": "#texture", "rotation": 180 }
			}
		},
		{
			"__comment": "Cube1",
			"from": [ 5.875, 8.375, 5.875 ],
			"to": [ 6, 8.5, 6.75 ],
			"rotation": { "origin": [ 5.875, 8.5, 5.875 ], "axis": "x", "angle": -22.5 },
			"faces": {
				"down": { "uv": [ 15, 0, 16, 1 ], "texture": "#texture", "rotation": 270 },
				"up": { "uv": [ 16, 1, 15, 0 ], "texture": "#texture", "rotation": 90 },
				"north": { "uv": [ 16, 1, 15, 0 ], "texture": "#texture", "rotation": 270 },
				"south": { "uv": [ 16, 1, 15, 0 ], "texture": "#texture", "rotation": 90 },
				"west": { "uv": [ 16, 1, 15, 0 ], "texture": "#texture", "rotation": 180 },
				"east": { "uv": [ 15, 0, 16, 1 ], "texture": "#texture", "rotation": 180 }
			}
		},
		{
			"__comment": "Cube1",
			"from": [ 5.875, 7.375, 5.875 ],
			"to": [ 6, 7.5, 6.75 ],
			"rotation": { "origin": [ 5.875, 7.5, 5.875 ], "axis": "x", "angle": 22.5 },
			"faces": {
				"down": { "uv": [ 15, 0, 16, 1 ], "texture": "#texture", "rotation": 270 },
				"up": { "uv": [ 16, 1, 15, 0 ], "texture": "#texture", "rotation": 90 },
				"north": { "uv": [ 16, 1, 15, 0 ], "texture": "#texture", "rotation": 270 },
				"south": { "uv": [ 16, 1, 15, 0 ], "texture": "#texture", "rotation": 90 },
				"west": { "uv": [ 16, 1, 15, 0 ], "texture": "#texture", "rotation": 180 },
				"east": { "uv": [ 15, 0, 16, 1 ], "texture": "#texture", "rotation": 180 }
			}
		},
		{
			"__comment": "Cube1",
			"from": [ 6.125, 7.375, 6.125 ],
			"to": [ 6.25, 7.626, 6.875 ],
			"rotation": { "origin": [ 6.125, 7.375, 6.125 ], "axis": "y", "angle": -22.5 },
			"faces": {
				"down": { "uv": [ 0.5, 2, 1.5, 3 ], "texture": "#texture" },
				"up": { "uv": [ 0, 2, 1, 3 ], "texture": "#texture" },
				"north": { "uv": [ 0, 2, 1, 3 ], "texture": "#texture" },
				"south": { "uv": [ 0, 2, 1, 3 ], "texture": "#texture" },
				"west": { "uv": [ 0.5, 2, 1.5, 3 ], "texture": "#texture" },
				"east": { "uv": [ 0.5, 2, 1.5, 3 ], "texture": "#texture" }
			}
		},
		{
			"__comment": "Cube1",
			"from": [ 7.5, 5.5, 10.75 ],
			"to": [ 8.5, 7.5, 11.75 ],
			"faces": {
				"down": { "uv": [ 2.5, 0, 1.5, 1 ], "texture": "#texture", "rotation": 270 },
				"up": { "uv": [ 2, 0, 3, 1 ], "texture": "#texture", "rotation": 90 },
				"north": { "uv": [ 2, 0, 3, 1 ], "texture": "#texture", "rotation": 270 },
				"south": { "uv": [ 2, 0, 3, 1 ], "texture": "#texture", "rotation": 90 },
				"west": { "uv": [ 1.5, 0, 2.5, 1 ], "texture": "#texture" },
				"east": { "uv": [ 2.5, 1, 1.5, 0 ], "texture": "#texture" }
			}
		},
		{
			"__comment": "Cube1",
			"from": [ 7.25, 9.5, 7.375 ],
			"to": [ 7.375, 9.625, 7.5 ],
			"faces": {
				"down": { "uv": [ 1, 1, 0, 0 ], "texture": "#texture", "rotation": 270 },
				"up": { "uv": [ 0, 0, 1, 1 ], "texture": "#texture", "rotation": 90 },
				"north": { "uv": [ 0, 0, 1, 1 ], "texture": "#texture", "rotation": 270 },
				"south": { "uv": [ 0, 0, 1, 1 ], "texture": "#texture", "rotation": 90 },
				"west": { "uv": [ 0, 0, 1, 1 ], "texture": "#texture" },
				"east": { "uv": [ 1, 1, 0, 0 ], "texture": "#texture" }
			}
		},
		{
			"__comment": "Cube1",
			"from": [ 8.625, 9.5, 7.625 ],
			"to": [ 8.75, 9.625, 7.75 ],
			"faces": {
				"down": { "uv": [ 1, 1, 0, 0 ], "texture": "#texture", "rotation": 270 },
				"up": { "uv": [ 0, 0, 1, 1 ], "texture": "#texture", "rotation": 90 },
				"north": { "uv": [ 0, 0, 1, 1 ], "texture": "#texture", "rotation": 270 },
				"south": { "uv": [ 0, 0, 1, 1 ], "texture": "#texture", "rotation": 90 },
				"west": { "uv": [ 0, 0, 1, 1 ], "texture": "#texture" },
				"east": { "uv": [ 1, 1, 0, 0 ], "texture": "#texture" }
			}
		},
		{
			"__comment": "Cube1",
			"from": [ 7.5, 9.5, 7.5 ],
			"to": [ 7.625, 9.625, 7.625 ],
			"faces": {
				"down": { "uv": [ 1, 1, 0, 0 ], "texture": "#texture", "rotation": 270 },
				"up": { "uv": [ 0, 0, 1, 1 ], "texture": "#texture", "rotation": 90 },
				"north": { "uv": [ 0, 0, 1, 1 ], "texture": "#texture", "rotation": 270 },
				"south": { "uv": [ 0, 0, 1, 1 ], "texture": "#texture", "rotation": 90 },
				"west": { "uv": [ 0, 0, 1, 1 ], "texture": "#texture" },
				"east": { "uv": [ 1, 1, 0, 0 ], "texture": "#texture" }
			}
		},
		{
			"__comment": "Cube1",
			"from": [ 9.625, 7.75, 8 ],
			"to": [ 9.75, 7.875, 8.125 ],
			"faces": {
				"down": { "uv": [ 1, 1, 0, 0 ], "texture": "#texture", "rotation": 270 },
				"up": { "uv": [ 0, 0, 1, 1 ], "texture": "#texture", "rotation": 90 },
				"north": { "uv": [ 0, 0, 1, 1 ], "texture": "#texture", "rotation": 270 },
				"south": { "uv": [ 0, 0, 1, 1 ], "texture": "#texture", "rotation": 90 },
				"west": { "uv": [ 0, 0, 1, 1 ], "texture": "#texture" },
				"east": { "uv": [ 1, 1, 0, 0 ], "texture": "#texture" }
			}
		},
		{
			"__comment": "Cube1",
			"from": [ 7.25, 9.5, 7.625 ],
			"to": [ 7.375, 9.625, 7.75 ],
			"faces": {
				"down": { "uv": [ 1, 1, 0, 0 ], "texture": "#texture", "rotation": 270 },
				"up": { "uv": [ 0, 0, 1, 1 ], "texture": "#texture", "rotation": 90 },
				"north": { "uv": [ 0, 0, 1, 1 ], "texture": "#texture", "rotation": 270 },
				"south": { "uv": [ 0, 0, 1, 1 ], "texture": "#texture", "rotation": 90 },
				"west": { "uv": [ 0, 0, 1, 1 ], "texture": "#texture" },
				"east": { "uv": [ 1, 1, 0, 0 ], "texture": "#texture" }
			}
		},
		{
			"__comment": "Cube1",
			"from": [ 7.25, 9.5, 7.125 ],
			"to": [ 7.375, 9.625, 7.25 ],
			"faces": {
				"down": { "uv": [ 1, 1, 0, 0 ], "texture": "#texture", "rotation": 270 },
				"up": { "uv": [ 0, 0, 1, 1 ], "texture": "#texture", "rotation": 90 },
				"north": { "uv": [ 0, 0, 1, 1 ], "texture": "#texture", "rotation": 270 },
				"south": { "uv": [ 0, 0, 1, 1 ], "texture": "#texture", "rotation": 90 },
				"west": { "uv": [ 0, 0, 1, 1 ], "texture": "#texture" },
				"east": { "uv": [ 1, 1, 0, 0 ], "texture": "#texture" }
			}
		},
		{
			"__comment": "Cube1",
			"from": [ 8.625, 9.5, 7.375 ],
			"to": [ 8.75, 9.625, 7.5 ],
			"faces": {
				"down": { "uv": [ 1, 1, 0, 0 ], "texture": "#texture", "rotation": 270 },
				"up": { "uv": [ 0, 0, 1, 1 ], "texture": "#texture", "rotation": 90 },
				"north": { "uv": [ 0, 0, 1, 1 ], "texture": "#texture", "rotation": 270 },
				"south": { "uv": [ 0, 0, 1, 1 ], "texture": "#texture", "rotation": 90 },
				"west": { "uv": [ 0, 0, 1, 1 ], "texture": "#texture" },
				"east": { "uv": [ 1, 1, 0, 0 ], "texture": "#texture" }
			}
		},
		{
			"__comment": "Cube1",
			"from": [ 8.25, 10, 6 ],
			"to": [ 8.625, 10.125, 6.125 ],
			"faces": {
				"down": { "uv": [ 1, 1, 0, 0 ], "texture": "#texture", "rotation": 270 },
				"up": { "uv": [ 0, 0, 1, 1 ], "texture": "#texture", "rotation": 90 },
				"north": { "uv": [ 0, 0, 1, 1 ], "texture": "#texture", "rotation": 270 },
				"south": { "uv": [ 0, 0, 1, 1 ], "texture": "#texture", "rotation": 90 },
				"west": { "uv": [ 0, 0, 1, 1 ], "texture": "#texture" },
				"east": { "uv": [ 1, 1, 0, 0 ], "texture": "#texture" }
			}
		},
		{
			"__comment": "Cube1",
			"from": [ 7.625, 9.45, 8 ],
			"to": [ 8.375, 9.575, 8.125 ],
			"faces": {
				"down": { "uv": [ 1, 1, 0, 0 ], "texture": "#texture", "rotation": 270 },
				"up": { "uv": [ 0, 0, 1, 1 ], "texture": "#texture", "rotation": 90 },
				"north": { "uv": [ 0, 0, 1, 1 ], "texture": "#texture", "rotation": 270 },
				"south": { "uv": [ 0, 0, 1, 1 ], "texture": "#texture", "rotation": 90 },
				"west": { "uv": [ 0, 0, 1, 1 ], "texture": "#texture" },
				"east": { "uv": [ 1, 1, 0, 0 ], "texture": "#texture" }
			}
		},
		{
			"__comment": "Cube1",
			"from": [ 8.625, 9.5, 7.875 ],
			"to": [ 8.75, 9.625, 8 ],
			"faces": {
				"down": { "uv": [ 13.5, 1, 12.5, 0 ], "texture": "#texture", "rotation": 270 },
				"up": { "uv": [ 13.5, 1, 12.5, 0 ], "texture": "#texture", "rotation": 270 },
				"north": { "uv": [ 13.5, 1, 12.5, 0 ], "texture": "#texture", "rotation": 270 },
				"south": { "uv": [ 13.5, 1, 12.5, 0 ], "texture": "#texture", "rotation": 270 },
				"west": { "uv": [ 13.5, 1, 12.5, 0 ], "texture": "#texture", "rotation": 270 },
				"east": { "uv": [ 13.5, 1, 12.5, 0 ], "texture": "#texture", "rotation": 270 }
			}
		},
		{
			"__comment": "Cube1",
			"from": [ 7.25, 9.5, 7.875 ],
			"to": [ 7.375, 9.625, 8 ],
			"faces": {
				"down": { "uv": [ 13.5, 1, 12.5, 0 ], "texture": "#texture", "rotation": 270 },
				"up": { "uv": [ 13.5, 1, 12.5, 0 ], "texture": "#texture", "rotation": 270 },
				"north": { "uv": [ 13.5, 1, 12.5, 0 ], "texture": "#texture", "rotation": 270 },
				"south": { "uv": [ 13.5, 1, 12.5, 0 ], "texture": "#texture", "rotation": 270 },
				"west": { "uv": [ 13.5, 1, 12.5, 0 ], "texture": "#texture", "rotation": 270 },
				"east": { "uv": [ 13.5, 1, 12.5, 0 ], "texture": "#texture", "rotation": 270 }
			}
		},
		{
			"__comment": "Cube1",
			"from": [ 6.375, 8.125, 8.125 ],
			"to": [ 6.5, 8.25, 8.25 ],
			"faces": {
				"down": { "uv": [ 1, 1, 0, 0 ], "texture": "#texture", "rotation": 270 },
				"up": { "uv": [ 0, 0, 1, 1 ], "texture": "#texture", "rotation": 90 },
				"north": { "uv": [ 0, 0, 1, 1 ], "texture": "#texture", "rotation": 270 },
				"south": { "uv": [ 0, 0, 1, 1 ], "texture": "#texture", "rotation": 90 },
				"west": { "uv": [ 0, 0, 1, 1 ], "texture": "#texture" },
				"east": { "uv": [ 1, 1, 0, 0 ], "texture": "#texture" }
			}
		},
		{
			"__comment": "Cube1",
			"from": [ 6.375, 7.75, 8.125 ],
			"to": [ 6.5, 7.875, 8.25 ],
			"faces": {
				"down": { "uv": [ 1, 1, 0, 0 ], "texture": "#texture", "rotation": 270 },
				"up": { "uv": [ 0, 0, 1, 1 ], "texture": "#texture", "rotation": 90 },
				"north": { "uv": [ 0, 0, 1, 1 ], "texture": "#texture", "rotation": 270 },
				"south": { "uv": [ 0, 0, 1, 1 ], "texture": "#texture", "rotation": 90 },
				"west": { "uv": [ 0, 0, 1, 1 ], "texture": "#texture" },
				"east": { "uv": [ 1, 1, 0, 0 ], "texture": "#texture" }
			}
		},
		{
			"__comment": "Cube1",
			"from": [ 7.875, 5.375, 10.75 ],
			"to": [ 8.001, 5.5, 11.875 ],
			"rotation": { "origin": [ 8, 5.375, 10.75 ], "axis": "y", "angle": -22.5 },
			"faces": {
				"down": { "uv": [ 1, 1, 0, 0 ], "texture": "#texture", "rotation": 270 },
				"up": { "uv": [ 0, 0, 1, 1 ], "texture": "#texture", "rotation": 90 },
				"north": { "uv": [ 0, 0, 1, 1 ], "texture": "#texture", "rotation": 270 },
				"south": { "uv": [ 0, 0, 1, 1 ], "texture": "#texture", "rotation": 90 },
				"west": { "uv": [ 0, 0, 1, 1 ], "texture": "#texture" },
				"east": { "uv": [ 1, 1, 0, 0 ], "texture": "#texture" }
			}
		},
		{
			"__comment": "Cube1",
			"from": [ 7.5, 10, 6.125 ],
			"to": [ 7.625, 10.125, 6.25 ],
			"faces": {
				"down": { "uv": [ 1, 1, 0, 0 ], "texture": "#texture", "rotation": 270 },
				"up": { "uv": [ 0, 0, 1, 1 ], "texture": "#texture", "rotation": 90 },
				"north": { "uv": [ 0, 0, 1, 1 ], "texture": "#texture", "rotation": 270 },
				"south": { "uv": [ 0, 0, 1, 1 ], "texture": "#texture", "rotation": 90 },
				"west": { "uv": [ 0, 0, 1, 1 ], "texture": "#texture" },
				"east": { "uv": [ 1, 1, 0, 0 ], "texture": "#texture" }
			}
		},
		{
			"__comment": "Cube1",
			"from": [ 8.25, 5.75, 6 ],
			"to": [ 8.625, 5.875, 6.125 ],
			"faces": {
				"down": { "uv": [ 1, 1, 0, 0 ], "texture": "#texture", "rotation": 270 },
				"up": { "uv": [ 0, 0, 1, 1 ], "texture": "#texture", "rotation": 90 },
				"north": { "uv": [ 0, 0, 1, 1 ], "texture": "#texture", "rotation": 270 },
				"south": { "uv": [ 0, 0, 1, 1 ], "texture": "#texture", "rotation": 90 },
				"west": { "uv": [ 0, 0, 1, 1 ], "texture": "#texture" },
				"east": { "uv": [ 1, 1, 0, 0 ], "texture": "#texture" }
			}
		},
		{
			"__comment": "Cube1",
			"from": [ 7.25, 6.25, 7.25 ],
			"to": [ 7.375, 6.375, 7.375 ],
			"faces": {
				"down": { "uv": [ 1, 1, 0, 0 ], "texture": "#texture", "rotation": 270 },
				"up": { "uv": [ 0, 0, 1, 1 ], "texture": "#texture", "rotation": 90 },
				"north": { "uv": [ 0, 0, 1, 1 ], "texture": "#texture", "rotation": 270 },
				"south": { "uv": [ 0, 0, 1, 1 ], "texture": "#texture", "rotation": 90 },
				"west": { "uv": [ 0, 0, 1, 1 ], "texture": "#texture" },
				"east": { "uv": [ 1, 1, 0, 0 ], "texture": "#texture" }
			}
		},
		{
			"__comment": "Cube1",
			"from": [ 8.625, 9.5, 4.75 ],
			"to": [ 8.75, 9.625, 5.125 ],
			"faces": {
				"down": { "uv": [ 1, 1, 0, 0 ], "texture": "#texture", "rotation": 270 },
				"up": { "uv": [ 0, 0, 1, 1 ], "texture": "#texture", "rotation": 90 },
				"north": { "uv": [ 0, 0, 1, 1 ], "texture": "#texture", "rotation": 270 },
				"south": { "uv": [ 0, 0, 1, 1 ], "texture": "#texture", "rotation": 90 },
				"west": { "uv": [ 0, 0, 1, 1 ], "texture": "#texture" },
				"east": { "uv": [ 1, 1, 0, 0 ], "texture": "#texture" }
			}
		},
		{
			"__comment": "Cube1",
			"from": [ 8.375, 10, 6.125 ],
			"to": [ 8.5, 10.125, 6.25 ],
			"faces": {
				"down": { "uv": [ 1, 1, 0, 0 ], "texture": "#texture", "rotation": 270 },
				"up": { "uv": [ 0, 0, 1, 1 ], "texture": "#texture", "rotation": 90 },
				"north": { "uv": [ 0, 0, 1, 1 ], "texture": "#texture", "rotation": 270 },
				"south": { "uv": [ 0, 0, 1, 1 ], "texture": "#texture", "rotation": 90 },
				"west": { "uv": [ 0, 0, 1, 1 ], "texture": "#texture" },
				"east": { "uv": [ 1, 1, 0, 0 ], "texture": "#texture" }
			}
		},
		{
			"__comment": "Cube1",
			"from": [ 7.125, 8.95, 10.875 ],
			"to": [ 7.25, 9.075, 11 ],
			"faces": {
				"down": { "uv": [ 1, 1, 0, 0 ], "texture": "#texture", "rotation": 270 },
				"up": { "uv": [ 0, 0, 1, 1 ], "texture": "#texture", "rotation": 90 },
				"north": { "uv": [ 0, 0, 1, 1 ], "texture": "#texture", "rotation": 270 },
				"south": { "uv": [ 0, 0, 1, 1 ], "texture": "#texture", "rotation": 90 },
				"west": { "uv": [ 0, 0, 1, 1 ], "texture": "#texture" },
				"east": { "uv": [ 1, 1, 0, 0 ], "texture": "#texture" }
			}
		},
		{
			"__comment": "Cube1",
			"from": [ 8.375, 10, 6.5 ],
			"to": [ 8.5, 10.125, 6.625 ],
			"faces": {
				"down": { "uv": [ 1, 1, 0, 0 ], "texture": "#texture", "rotation": 270 },
				"up": { "uv": [ 0, 0, 1, 1 ], "texture": "#texture", "rotation": 90 },
				"north": { "uv": [ 0, 0, 1, 1 ], "texture": "#texture", "rotation": 270 },
				"south": { "uv": [ 0, 0, 1, 1 ], "texture": "#texture", "rotation": 90 },
				"west": { "uv": [ 0, 0, 1, 1 ], "texture": "#texture" },
				"east": { "uv": [ 1, 1, 0, 0 ], "texture": "#texture" }
			}
		},
		{
			"__comment": "Cube1",
			"from": [ 8.875, 8.95, 10.875 ],
			"to": [ 9, 9.075, 11 ],
			"faces": {
				"down": { "uv": [ 1, 1, 0, 0 ], "texture": "#texture", "rotation": 270 },
				"up": { "uv": [ 0, 0, 1, 1 ], "texture": "#texture", "rotation": 90 },
				"north": { "uv": [ 0, 0, 1, 1 ], "texture": "#texture", "rotation": 270 },
				"south": { "uv": [ 0, 0, 1, 1 ], "texture": "#texture", "rotation": 90 },
				"west": { "uv": [ 0, 0, 1, 1 ], "texture": "#texture" },
				"east": { "uv": [ 1, 1, 0, 0 ], "texture": "#texture" }
			}
		},
		{
			"__comment": "Cube1",
			"from": [ 7.375, 10, 6 ],
			"to": [ 7.75, 10.125, 6.125 ],
			"faces": {
				"down": { "uv": [ 1, 1, 0, 0 ], "texture": "#texture", "rotation": 270 },
				"up": { "uv": [ 0, 0, 1, 1 ], "texture": "#texture", "rotation": 90 },
				"north": { "uv": [ 0, 0, 1, 1 ], "texture": "#texture", "rotation": 270 },
				"south": { "uv": [ 0, 0, 1, 1 ], "texture": "#texture", "rotation": 90 },
				"west": { "uv": [ 0, 0, 1, 1 ], "texture": "#texture" },
				"east": { "uv": [ 1, 1, 0, 0 ], "texture": "#texture" }
			}
		},
		{
			"__comment": "Cube1",
			"from": [ 8.375, 5.75, 6.125 ],
			"to": [ 8.5, 5.875, 6.25 ],
			"faces": {
				"down": { "uv": [ 1, 1, 0, 0 ], "texture": "#texture", "rotation": 270 },
				"up": { "uv": [ 0, 0, 1, 1 ], "texture": "#texture", "rotation": 90 },
				"north": { "uv": [ 0, 0, 1, 1 ], "texture": "#texture", "rotation": 270 },
				"south": { "uv": [ 0, 0, 1, 1 ], "texture": "#texture", "rotation": 90 },
				"west": { "uv": [ 0, 0, 1, 1 ], "texture": "#texture" },
				"east": { "uv": [ 1, 1, 0, 0 ], "texture": "#texture" }
			}
		},
		{
			"__comment": "Cube1",
			"from": [ 7.375, 5.75, 6 ],
			"to": [ 7.75, 5.875, 6.125 ],
			"faces": {
				"down": { "uv": [ 1, 1, 0, 0 ], "texture": "#texture", "rotation": 270 },
				"up": { "uv": [ 0, 0, 1, 1 ], "texture": "#texture", "rotation": 90 },
				"north": { "uv": [ 0, 0, 1, 1 ], "texture": "#texture", "rotation": 270 },
				"south": { "uv": [ 0, 0, 1, 1 ], "texture": "#texture", "rotation": 90 },
				"west": { "uv": [ 0, 0, 1, 1 ], "texture": "#texture" },
				"east": { "uv": [ 1, 1, 0, 0 ], "texture": "#texture" }
			}
		},
		{
			"__comment": "Cube1",
			"from": [ 7.5, 5.75, 6.125 ],
			"to": [ 7.625, 5.875, 6.25 ],
			"faces": {
				"down": { "uv": [ 1, 1, 0, 0 ], "texture": "#texture", "rotation": 270 },
				"up": { "uv": [ 0, 0, 1, 1 ], "texture": "#texture", "rotation": 90 },
				"north": { "uv": [ 0, 0, 1, 1 ], "texture": "#texture", "rotation": 270 },
				"south": { "uv": [ 0, 0, 1, 1 ], "texture": "#texture", "rotation": 90 },
				"west": { "uv": [ 0, 0, 1, 1 ], "texture": "#texture" },
				"east": { "uv": [ 1, 1, 0, 0 ], "texture": "#texture" }
			}
		},
		{
			"__comment": "Cube1",
			"from": [ 8.625, 9.5, 7.125 ],
			"to": [ 8.75, 9.625, 7.25 ],
			"faces": {
				"down": { "uv": [ 1, 1, 0, 0 ], "texture": "#texture", "rotation": 270 },
				"up": { "uv": [ 0, 0, 1, 1 ], "texture": "#texture", "rotation": 90 },
				"north": { "uv": [ 0, 0, 1, 1 ], "texture": "#texture", "rotation": 270 },
				"south": { "uv": [ 0, 0, 1, 1 ], "texture": "#texture", "rotation": 90 },
				"west": { "uv": [ 0, 0, 1, 1 ], "texture": "#texture" },
				"east": { "uv": [ 1, 1, 0, 0 ], "texture": "#texture" }
			}
		},
		{
			"__comment": "Cube1",
			"from": [ 8.75, 6.25, 7.25 ],
			"to": [ 8.875, 6.375, 7.375 ],
			"faces": {
				"down": { "uv": [ 1, 1, 0, 0 ], "texture": "#texture", "rotation": 270 },
				"up": { "uv": [ 0, 0, 1, 1 ], "texture": "#texture", "rotation": 90 },
				"north": { "uv": [ 0, 0, 1, 1 ], "texture": "#texture", "rotation": 270 },
				"south": { "uv": [ 0, 0, 1, 1 ], "texture": "#texture", "rotation": 90 },
				"west": { "uv": [ 0, 0, 1, 1 ], "texture": "#texture" },
				"east": { "uv": [ 1, 1, 0, 0 ], "texture": "#texture" }
			}
		},
		{
			"__comment": "Cube1",
			"from": [ 8.5, 5.375, 11.625 ],
			"to": [ 8.75, 7.125, 11.875 ],
			"faces": {
				"down": { "uv": [ 1, 1, 0, 0 ], "texture": "#texture", "rotation": 270 },
				"up": { "uv": [ 0, 0, 1, 1 ], "texture": "#texture", "rotation": 90 },
				"north": { "uv": [ 0, 0, 1, 1 ], "texture": "#texture", "rotation": 270 },
				"south": { "uv": [ 0, 0, 1, 1 ], "texture": "#texture", "rotation": 90 },
				"west": { "uv": [ 0, 0, 1, 1 ], "texture": "#texture" },
				"east": { "uv": [ 1, 1, 0, 0 ], "texture": "#texture" }
			}
		},
		{
			"__comment": "Cube1",
			"from": [ 7.375, 8.75, 11.125 ],
			"to": [ 7.75, 8.875999, 11.251 ],
			"rotation": { "origin": [ 7.75, 8.875, 11.125 ], "axis": "z", "angle": 22.5 },
			"faces": {
				"down": { "uv": [ 1, 1, 0, 0 ], "texture": "#texture", "rotation": 270 },
				"up": { "uv": [ 0, 0, 1, 1 ], "texture": "#texture", "rotation": 90 },
				"north": { "uv": [ 0, 0, 1, 1 ], "texture": "#texture", "rotation": 270 },
				"south": { "uv": [ 0, 0, 1, 1 ], "texture": "#texture", "rotation": 90 },
				"west": { "uv": [ 0, 0, 1, 1 ], "texture": "#texture" },
				"east": { "uv": [ 1, 1, 0, 0 ], "texture": "#texture" }
			}
		},
		{
			"__comment": "Cube1",
			"from": [ 7.875, 6.375, 9.75 ],
			"to": [ 8.25, 6.625, 10 ],
			"faces": {
				"down": { "uv": [ 1, 1, 0, 0 ], "texture": "#texture", "rotation": 270 },
				"up": { "uv": [ 0, 0, 1, 1 ], "texture": "#texture", "rotation": 90 },
				"north": { "uv": [ 0, 0, 1, 1 ], "texture": "#texture", "rotation": 270 },
				"south": { "uv": [ 0, 0, 1, 1 ], "texture": "#texture", "rotation": 90 },
				"west": { "uv": [ 0, 0, 1, 1 ], "texture": "#texture" },
				"east": { "uv": [ 1, 1, 0, 0 ], "texture": "#texture" }
			}
		},
		{
			"__comment": "Cube1",
			"from": [ 8.125, 5.375, 10.75 ],
			"to": [ 8.251, 5.5, 11.875 ],
			"rotation": { "origin": [ 8.125, 5.375, 10.75 ], "axis": "y", "angle": 22.5 },
			"faces": {
				"down": { "uv": [ 1, 1, 0, 0 ], "texture": "#texture", "rotation": 270 },
				"up": { "uv": [ 0, 0, 1, 1 ], "texture": "#texture", "rotation": 90 },
				"north": { "uv": [ 0, 0, 1, 1 ], "texture": "#texture", "rotation": 270 },
				"south": { "uv": [ 0, 0, 1, 1 ], "texture": "#texture", "rotation": 90 },
				"west": { "uv": [ 0, 0, 1, 1 ], "texture": "#texture" },
				"east": { "uv": [ 1, 1, 0, 0 ], "texture": "#texture" }
			}
		},
		{
			"__comment": "Cube1",
			"from": [ 7.375, 5.375, 11.625 ],
			"to": [ 7.625, 7.125, 11.875 ],
			"faces": {
				"down": { "uv": [ 1, 1, 0, 0 ], "texture": "#texture", "rotation": 270 },
				"up": { "uv": [ 0, 0, 1, 1 ], "texture": "#texture", "rotation": 90 },
				"north": { "uv": [ 0, 0, 1, 1 ], "texture": "#texture", "rotation": 270 },
				"south": { "uv": [ 0, 0, 1, 1 ], "texture": "#texture", "rotation": 90 },
				"west": { "uv": [ 0, 0, 1, 1 ], "texture": "#texture" },
				"east": { "uv": [ 1, 1, 0, 0 ], "texture": "#texture" }
			}
		},
		{
			"__comment": "Cube1",
			"from": [ 7.625, 7, 11.75 ],
			"to": [ 8.5, 7.126, 11.875 ],
			"faces": {
				"down": { "uv": [ 1, 1, 0, 0 ], "texture": "#texture", "rotation": 270 },
				"up": { "uv": [ 0, 0, 1, 1 ], "texture": "#texture", "rotation": 90 },
				"north": { "uv": [ 0, 0, 1, 1 ], "texture": "#texture", "rotation": 270 },
				"south": { "uv": [ 0, 0, 1, 1 ], "texture": "#texture", "rotation": 90 },
				"west": { "uv": [ 0, 0, 1, 1 ], "texture": "#texture" },
				"east": { "uv": [ 1, 1, 0, 0 ], "texture": "#texture" }
			}
		},
		{
			"__comment": "Cube1",
			"from": [ 8, 7, 11.875 ],
			"to": [ 8.125, 7.126, 12.625 ],
			"faces": {
				"down": { "uv": [ 1, 1, 0, 0 ], "texture": "#texture", "rotation": 270 },
				"up": { "uv": [ 0, 0, 1, 1 ], "texture": "#texture", "rotation": 90 },
				"north": { "uv": [ 0, 0, 1, 1 ], "texture": "#texture", "rotation": 270 },
				"south": { "uv": [ 0, 0, 1, 1 ], "texture": "#texture", "rotation": 90 },
				"west": { "uv": [ 0, 0, 1, 1 ], "texture": "#texture" },
				"east": { "uv": [ 1, 1, 0, 0 ], "texture": "#texture" }
			}
		},
		{
			"__comment": "Cube1",
			"from": [ 8.875, 7.875, 11 ],
			"to": [ 9.001, 8.001, 12.501 ],
			"faces": {
				"down": { "uv": [ 1, 1, 0, 0 ], "texture": "#texture", "rotation": 270 },
				"up": { "uv": [ 0, 0, 1, 1 ], "texture": "#texture", "rotation": 90 },
				"north": { "uv": [ 0, 0, 1, 1 ], "texture": "#texture", "rotation": 270 },
				"south": { "uv": [ 0, 0, 1, 1 ], "texture": "#texture", "rotation": 90 },
				"west": { "uv": [ 0, 0, 1, 1 ], "texture": "#texture" },
				"east": { "uv": [ 1, 1, 0, 0 ], "texture": "#texture" }
			}
		},
		{
			"__comment": "Cube1",
			"from": [ 8, 8.75, 11.125 ],
			"to": [ 8.125, 8.875999, 12.501 ],
			"faces": {
				"down": { "uv": [ 1, 1, 0, 0 ], "texture": "#texture", "rotation": 270 },
				"up": { "uv": [ 0, 0, 1, 1 ], "texture": "#texture", "rotation": 90 },
				"north": { "uv": [ 0, 0, 1, 1 ], "texture": "#texture", "rotation": 270 },
				"south": { "uv": [ 0, 0, 1, 1 ], "texture": "#texture", "rotation": 90 },
				"west": { "uv": [ 0, 0, 1, 1 ], "texture": "#texture" },
				"east": { "uv": [ 1, 1, 0, 0 ], "texture": "#texture" }
			}
		},
		{
			"__comment": "Cube1",
			"from": [ 8.875, 7.25, 11.125 ],
			"to": [ 9, 7.626, 11.251 ],
			"rotation": { "origin": [ 9, 7.625, 11.125 ], "axis": "z", "angle": -22.5 },
			"faces": {
				"down": { "uv": [ 1, 1, 0, 0 ], "texture": "#texture", "rotation": 270 },
				"up": { "uv": [ 0, 0, 1, 1 ], "texture": "#texture", "rotation": 90 },
				"north": { "uv": [ 0, 0, 1, 1 ], "texture": "#texture", "rotation": 270 },
				"south": { "uv": [ 0, 0, 1, 1 ], "texture": "#texture", "rotation": 90 },
				"west": { "uv": [ 0, 0, 1, 1 ], "texture": "#texture" },
				"east": { "uv": [ 1, 1, 0, 0 ], "texture": "#texture" }
			}
		},
		{
			"__comment": "Cube1",
			"from": [ 8.375, 8.75, 11.125 ],
			"to": [ 8.75, 8.875999, 11.251 ],
			"rotation": { "origin": [ 8.375, 8.875, 11.125 ], "axis": "z", "angle": -22.5 },
			"faces": {
				"down": { "uv": [ 1, 1, 0, 0 ], "texture": "#texture", "rotation": 270 },
				"up": { "uv": [ 0, 0, 1, 1 ], "texture": "#texture", "rotation": 90 },
				"north": { "uv": [ 0, 0, 1, 1 ], "texture": "#texture", "rotation": 270 },
				"south": { "uv": [ 0, 0, 1, 1 ], "texture": "#texture", "rotation": 90 },
				"west": { "uv": [ 0, 0, 1, 1 ], "texture": "#texture" },
				"east": { "uv": [ 1, 1, 0, 0 ], "texture": "#texture" }
			}
		},
		{
			"__comment": "Cube1",
			"from": [ 8, 8.5, 12.5 ],
			"to": [ 8.125, 8.875999, 12.626 ],
			"faces": {
				"down": { "uv": [ 1, 1, 0, 0 ], "texture": "#texture", "rotation": 270 },
				"up": { "uv": [ 0, 0, 1, 1 ], "texture": "#texture", "rotation": 90 },
				"north": { "uv": [ 0, 0, 1, 1 ], "texture": "#texture", "rotation": 270 },
				"south": { "uv": [ 0, 0, 1, 1 ], "texture": "#texture", "rotation": 90 },
				"west": { "uv": [ 0, 0, 1, 1 ], "texture": "#texture" },
				"east": { "uv": [ 1, 1, 0, 0 ], "texture": "#texture" }
			}
		},
		{
			"__comment": "Cube1",
			"from": [ 7.625, 7.75, 12.5 ],
			"to": [ 7.75, 7.876, 12.626 ],
			"faces": {
				"down": { "uv": [ 1, 1, 0, 0 ], "texture": "#texture", "rotation": 270 },
				"up": { "uv": [ 0, 0, 1, 1 ], "texture": "#texture", "rotation": 90 },
				"north": { "uv": [ 0, 0, 1, 1 ], "texture": "#texture", "rotation": 270 },
				"south": { "uv": [ 0, 0, 1, 1 ], "texture": "#texture", "rotation": 90 },
				"west": { "uv": [ 0, 0, 1, 1 ], "texture": "#texture" },
				"east": { "uv": [ 1, 1, 0, 0 ], "texture": "#texture" }
			}
		},
		{
			"__comment": "Cube1",
			"from": [ 7.125, 7.875, 11.125 ],
			"to": [ 7.251, 8.001, 12.626 ],
			"faces": {
				"down": { "uv": [ 1, 1, 0, 0 ], "texture": "#texture", "rotation": 270 },
				"up": { "uv": [ 0, 0, 1, 1 ], "texture": "#texture", "rotation": 90 },
				"north": { "uv": [ 0, 0, 1, 1 ], "texture": "#texture", "rotation": 270 },
				"south": { "uv": [ 0, 0, 1, 1 ], "texture": "#texture", "rotation": 90 },
				"west": { "uv": [ 0, 0, 1, 1 ], "texture": "#texture" },
				"east": { "uv": [ 1, 1, 0, 0 ], "texture": "#texture" }
			}
		},
		{
			"__comment": "Cube1",
			"from": [ 7.75, 8.75, 11.125 ],
			"to": [ 8.375, 8.875999, 11.251 ],
			"faces": {
				"down": { "uv": [ 1, 1, 0, 0 ], "texture": "#texture", "rotation": 270 },
				"up": { "uv": [ 0, 0, 1, 1 ], "texture": "#texture", "rotation": 90 },
				"north": { "uv": [ 0, 0, 1, 1 ], "texture": "#texture", "rotation": 270 },
				"south": { "uv": [ 0, 0, 1, 1 ], "texture": "#texture", "rotation": 90 },
				"west": { "uv": [ 0, 0, 1, 1 ], "texture": "#texture" },
				"east": { "uv": [ 1, 1, 0, 0 ], "texture": "#texture" }
			}
		},
		{
			"__comment": "Cube1",
			"from": [ 7.125, 7.25, 11.125 ],
			"to": [ 7.25, 7.626, 11.251 ],
			"rotation": { "origin": [ 7.125, 7.625, 11.125 ], "axis": "z", "angle": 22.5 },
			"faces": {
				"down": { "uv": [ 1, 1, 0, 0 ], "texture": "#texture", "rotation": 270 },
				"up": { "uv": [ 0, 0, 1, 1 ], "texture": "#texture", "rotation": 90 },
				"north": { "uv": [ 0, 0, 1, 1 ], "texture": "#texture", "rotation": 270 },
				"south": { "uv": [ 0, 0, 1, 1 ], "texture": "#texture", "rotation": 90 },
				"west": { "uv": [ 0, 0, 1, 1 ], "texture": "#texture" },
				"east": { "uv": [ 1, 1, 0, 0 ], "texture": "#texture" }
			}
		},
		{
			"__comment": "Cube1",
			"from": [ 7.125, 7.625, 11.125 ],
			"to": [ 7.25, 8.251, 11.251 ],
			"faces": {
				"down": { "uv": [ 1, 1, 0, 0 ], "texture": "#texture", "rotation": 270 },
				"up": { "uv": [ 0, 0, 1, 1 ], "texture": "#texture", "rotation": 90 },
				"north": { "uv": [ 0, 0, 1, 1 ], "texture": "#texture", "rotation": 270 },
				"south": { "uv": [ 0, 0, 1, 1 ], "texture": "#texture", "rotation": 90 },
				"west": { "uv": [ 0, 0, 1, 1 ], "texture": "#texture" },
				"east": { "uv": [ 1, 1, 0, 0 ], "texture": "#texture" }
			}
		},
		{
			"__comment": "Cube1",
			"from": [ 7.125, 8.25, 11.125 ],
			"to": [ 7.25, 8.626, 11.251 ],
			"rotation": { "origin": [ 7.125, 8.25, 11.125 ], "axis": "z", "angle": -22.5 },
			"faces": {
				"down": { "uv": [ 1, 1, 0, 0 ], "texture": "#texture", "rotation": 270 },
				"up": { "uv": [ 0, 0, 1, 1 ], "texture": "#texture", "rotation": 90 },
				"north": { "uv": [ 0, 0, 1, 1 ], "texture": "#texture", "rotation": 270 },
				"south": { "uv": [ 0, 0, 1, 1 ], "texture": "#texture", "rotation": 90 },
				"west": { "uv": [ 0, 0, 1, 1 ], "texture": "#texture" },
				"east": { "uv": [ 1, 1, 0, 0 ], "texture": "#texture" }
			}
		},
		{
			"__comment": "Cube1",
			"from": [ 8.875, 7.625, 11.125 ],
			"to": [ 9, 8.251, 11.251 ],
			"faces": {
				"down": { "uv": [ 1, 1, 0, 0 ], "texture": "#texture", "rotation": 270 },
				"up": { "uv": [ 0, 0, 1, 1 ], "texture": "#texture", "rotation": 90 },
				"north": { "uv": [ 0, 0, 1, 1 ], "texture": "#texture", "rotation": 270 },
				"south": { "uv": [ 0, 0, 1, 1 ], "texture": "#texture", "rotation": 90 },
				"west": { "uv": [ 0, 0, 1, 1 ], "texture": "#texture" },
				"east": { "uv": [ 1, 1, 0, 0 ], "texture": "#texture" }
			}
		},
		{
			"__comment": "Cube1",
			"from": [ 8.875, 8.25, 11.125 ],
			"to": [ 9, 8.626, 11.251 ],
			"rotation": { "origin": [ 9, 8.25, 11.125 ], "axis": "z", "angle": 22.5 },
			"faces": {
				"down": { "uv": [ 1, 1, 0, 0 ], "texture": "#texture", "rotation": 270 },
				"up": { "uv": [ 0, 0, 1, 1 ], "texture": "#texture", "rotation": 90 },
				"north": { "uv": [ 0, 0, 1, 1 ], "texture": "#texture", "rotation": 270 },
				"south": { "uv": [ 0, 0, 1, 1 ], "texture": "#texture", "rotation": 90 },
				"west": { "uv": [ 0, 0, 1, 1 ], "texture": "#texture" },
				"east": { "uv": [ 1, 1, 0, 0 ], "texture": "#texture" }
			}
		},
		{
			"__comment": "Cube1",
			"from": [ 8.5, 7.875, 12.5 ],
			"to": [ 9, 8.001, 12.626 ],
			"faces": {
				"down": { "uv": [ 1, 1, 0, 0 ], "texture": "#texture", "rotation": 270 },
				"up": { "uv": [ 0, 0, 1, 1 ], "texture": "#texture", "rotation": 90 },
				"north": { "uv": [ 0, 0, 1, 1 ], "texture": "#texture", "rotation": 270 },
				"south": { "uv": [ 0, 0, 1, 1 ], "texture": "#texture", "rotation": 90 },
				"west": { "uv": [ 0, 0, 1, 1 ], "texture": "#texture" },
				"east": { "uv": [ 1, 1, 0, 0 ], "texture": "#texture" }
			}
		},
		{
			"__comment": "Cube1",
			"from": [ 7.125, 7.875, 12.5 ],
			"to": [ 7.625, 8.001, 12.626 ],
			"faces": {
				"down": { "uv": [ 1, 1, 0, 0 ], "texture": "#texture", "rotation": 270 },
				"up": { "uv": [ 0, 0, 1, 1 ], "texture": "#texture", "rotation": 90 },
				"north": { "uv": [ 0, 0, 1, 1 ], "texture": "#texture", "rotation": 270 },
				"south": { "uv": [ 0, 0, 1, 1 ], "texture": "#texture", "rotation": 90 },
				"west": { "uv": [ 0, 0, 1, 1 ], "texture": "#texture" },
				"east": { "uv": [ 1, 1, 0, 0 ], "texture": "#texture" }
			}
		},
		{
			"__comment": "Cube1",
			"from": [ 8, 7.125, 12.5 ],
			"to": [ 8.125, 7.501, 12.626 ],
			"faces": {
				"down": { "uv": [ 1, 1, 0, 0 ], "texture": "#texture", "rotation": 270 },
				"up": { "uv": [ 0, 0, 1, 1 ], "texture": "#texture", "rotation": 90 },
				"north": { "uv": [ 0, 0, 1, 1 ], "texture": "#texture", "rotation": 270 },
				"south": { "uv": [ 0, 0, 1, 1 ], "texture": "#texture", "rotation": 90 },
				"west": { "uv": [ 0, 0, 1, 1 ], "texture": "#texture" },
				"east": { "uv": [ 1, 1, 0, 0 ], "texture": "#texture" }
			}
		},
		{
			"__comment": "Cube1",
			"from": [ 7.625, 8, 12.5 ],
			"to": [ 7.75, 8.126, 12.626 ],
			"faces": {
				"down": { "uv": [ 1, 1, 0, 0 ], "texture": "#texture", "rotation": 270 },
				"up": { "uv": [ 0, 0, 1, 1 ], "texture": "#texture", "rotation": 90 },
				"north": { "uv": [ 0, 0, 1, 1 ], "texture": "#texture", "rotation": 270 },
				"south": { "uv": [ 0, 0, 1, 1 ], "texture": "#texture", "rotation": 90 },
				"west": { "uv": [ 0, 0, 1, 1 ], "texture": "#texture" },
				"east": { "uv": [ 1, 1, 0, 0 ], "texture": "#texture" }
			}
		},
		{
			"__comment": "Cube1",
			"from": [ 7.75, 8.125, 12.5 ],
			"to": [ 7.875, 8.251, 12.626 ],
			"faces": {
				"down": { "uv": [ 1, 1, 0, 0 ], "texture": "#texture", "rotation": 270 },
				"up": { "uv": [ 0, 0, 1, 1 ], "texture": "#texture", "rotation": 90 },
				"north": { "uv": [ 0, 0, 1, 1 ], "texture": "#texture", "rotation": 270 },
				"south": { "uv": [ 0, 0, 1, 1 ], "texture": "#texture", "rotation": 90 },
				"west": { "uv": [ 0, 0, 1, 1 ], "texture": "#texture" },
				"east": { "uv": [ 1, 1, 0, 0 ], "texture": "#texture" }
			}
		},
		{
			"__comment": "Cube1",
			"from": [ 7.875, 8.25, 12.5 ],
			"to": [ 8, 8.376, 12.626 ],
			"faces": {
				"down": { "uv": [ 1, 1, 0, 0 ], "texture": "#texture", "rotation": 270 },
				"up": { "uv": [ 0, 0, 1, 1 ], "texture": "#texture", "rotation": 90 },
				"north": { "uv": [ 0, 0, 1, 1 ], "texture": "#texture", "rotation": 270 },
				"south": { "uv": [ 0, 0, 1, 1 ], "texture": "#texture", "rotation": 90 },
				"west": { "uv": [ 0, 0, 1, 1 ], "texture": "#texture" },
				"east": { "uv": [ 1, 1, 0, 0 ], "texture": "#texture" }
			}
		},
		{
			"__comment": "Cube1",
			"from": [ 8, 8.375, 12.5 ],
			"to": [ 8.125, 8.501, 12.626 ],
			"faces": {
				"down": { "uv": [ 1, 1, 0, 0 ], "texture": "#texture", "rotation": 270 },
				"up": { "uv": [ 0, 0, 1, 1 ], "texture": "#texture", "rotation": 90 },
				"north": { "uv": [ 0, 0, 1, 1 ], "texture": "#texture", "rotation": 270 },
				"south": { "uv": [ 0, 0, 1, 1 ], "texture": "#texture", "rotation": 90 },
				"west": { "uv": [ 0, 0, 1, 1 ], "texture": "#texture" },
				"east": { "uv": [ 1, 1, 0, 0 ], "texture": "#texture" }
			}
		},
		{
			"__comment": "Cube1",
			"from": [ 8.125, 8.25, 12.5 ],
			"to": [ 8.25, 8.376, 12.626 ],
			"faces": {
				"down": { "uv": [ 1, 1, 0, 0 ], "texture": "#texture", "rotation": 270 },
				"up": { "uv": [ 0, 0, 1, 1 ], "texture": "#texture", "rotation": 90 },
				"north": { "uv": [ 0, 0, 1, 1 ], "texture": "#texture", "rotation": 270 },
				"south": { "uv": [ 0, 0, 1, 1 ], "texture": "#texture", "rotation": 90 },
				"west": { "uv": [ 0, 0, 1, 1 ], "texture": "#texture" },
				"east": { "uv": [ 1, 1, 0, 0 ], "texture": "#texture" }
			}
		},
		{
			"__comment": "Cube1",
			"from": [ 8.25, 8.125, 12.5 ],
			"to": [ 8.375, 8.251, 12.626 ],
			"faces": {
				"down": { "uv": [ 1, 1, 0, 0 ], "texture": "#texture", "rotation": 270 },
				"up": { "uv": [ 0, 0, 1, 1 ], "texture": "#texture", "rotation": 90 },
				"north": { "uv": [ 0, 0, 1, 1 ], "texture": "#texture", "rotation": 270 },
				"south": { "uv": [ 0, 0, 1, 1 ], "texture": "#texture", "rotation": 90 },
				"west": { "uv": [ 0, 0, 1, 1 ], "texture": "#texture" },
				"east": { "uv": [ 1, 1, 0, 0 ], "texture": "#texture" }
			}
		},
		{
			"__comment": "Cube1",
			"from": [ 8.375, 8, 12.5 ],
			"to": [ 8.5, 8.126, 12.626 ],
			"faces": {
				"down": { "uv": [ 1, 1, 0, 0 ], "texture": "#texture", "rotation": 270 },
				"up": { "uv": [ 0, 0, 1, 1 ], "texture": "#texture", "rotation": 90 },
				"north": { "uv": [ 0, 0, 1, 1 ], "texture": "#texture", "rotation": 270 },
				"south": { "uv": [ 0, 0, 1, 1 ], "texture": "#texture", "rotation": 90 },
				"west": { "uv": [ 0, 0, 1, 1 ], "texture": "#texture" },
				"east": { "uv": [ 1, 1, 0, 0 ], "texture": "#texture" }
			}
		},
		{
			"__comment": "Cube1",
			"from": [ 8.375, 7.75, 12.5 ],
			"to": [ 8.5, 7.876, 12.626 ],
			"faces": {
				"down": { "uv": [ 1, 1, 0, 0 ], "texture": "#texture", "rotation": 270 },
				"up": { "uv": [ 0, 0, 1, 1 ], "texture": "#texture", "rotation": 90 },
				"north": { "uv": [ 0, 0, 1, 1 ], "texture": "#texture", "rotation": 270 },
				"south": { "uv": [ 0, 0, 1, 1 ], "texture": "#texture", "rotation": 90 },
				"west": { "uv": [ 0, 0, 1, 1 ], "texture": "#texture" },
				"east": { "uv": [ 1, 1, 0, 0 ], "texture": "#texture" }
			}
		},
		{
			"__comment": "Cube1",
			"from": [ 8.25, 7.625, 12.5 ],
			"to": [ 8.375, 7.751, 12.626 ],
			"faces": {
				"down": { "uv": [ 1, 1, 0, 0 ], "texture": "#texture", "rotation": 270 },
				"up": { "uv": [ 0, 0, 1, 1 ], "texture": "#texture", "rotation": 90 },
				"north": { "uv": [ 0, 0, 1, 1 ], "texture": "#texture", "rotation": 270 },
				"south": { "uv": [ 0, 0, 1, 1 ], "texture": "#texture", "rotation": 90 },
				"west": { "uv": [ 0, 0, 1, 1 ], "texture": "#texture" },
				"east": { "uv": [ 1, 1, 0, 0 ], "texture": "#texture" }
			}
		},
		{
			"__comment": "Cube1",
			"from": [ 8.125, 7.5, 12.5 ],
			"to": [ 8.25, 7.626, 12.626 ],
			"faces": {
				"down": { "uv": [ 1, 1, 0, 0 ], "texture": "#texture", "rotation": 270 },
				"up": { "uv": [ 0, 0, 1, 1 ], "texture": "#texture", "rotation": 90 },
				"north": { "uv": [ 0, 0, 1, 1 ], "texture": "#texture", "rotation": 270 },
				"south": { "uv": [ 0, 0, 1, 1 ], "texture": "#texture", "rotation": 90 },
				"west": { "uv": [ 0, 0, 1, 1 ], "texture": "#texture" },
				"east": { "uv": [ 1, 1, 0, 0 ], "texture": "#texture" }
			}
		},
		{
			"__comment": "Cube1",
			"from": [ 7.875, 7.5, 12.5 ],
			"to": [ 8, 7.626, 12.626 ],
			"faces": {
				"down": { "uv": [ 1, 1, 0, 0 ], "texture": "#texture", "rotation": 270 },
				"up": { "uv": [ 0, 0, 1, 1 ], "texture": "#texture", "rotation": 90 },
				"north": { "uv": [ 0, 0, 1, 1 ], "texture": "#texture", "rotation": 270 },
				"south": { "uv": [ 0, 0, 1, 1 ], "texture": "#texture", "rotation": 90 },
				"west": { "uv": [ 0, 0, 1, 1 ], "texture": "#texture" },
				"east": { "uv": [ 1, 1, 0, 0 ], "texture": "#texture" }
			}
		},
		{
			"__comment": "Cube1",
			"from": [ 7.75, 7.625, 12.5 ],
			"to": [ 7.875, 7.751, 12.626 ],
			"faces": {
				"down": { "uv": [ 1, 1, 0, 0 ], "texture": "#texture", "rotation": 270 },
				"up": { "uv": [ 0, 0, 1, 1 ], "texture": "#texture", "rotation": 90 },
				"north": { "uv": [ 0, 0, 1, 1 ], "texture": "#texture", "rotation": 270 },
				"south": { "uv": [ 0, 0, 1, 1 ], "texture": "#texture", "rotation": 90 },
				"west": { "uv": [ 0, 0, 1, 1 ], "texture": "#texture" },
				"east": { "uv": [ 1, 1, 0, 0 ], "texture": "#texture" }
			}
		},
		{
			"__comment": "Cube1",
			"from": [ 7.875, 5.375, 10.625 ],
			"to": [ 8.25, 6.75, 10.75 ],
			"faces": {
				"down": { "uv": [ 1, 1, 0, 0 ], "texture": "#texture", "rotation": 270 },
				"up": { "uv": [ 0, 0, 1, 1 ], "texture": "#texture", "rotation": 90 },
				"north": { "uv": [ 0, 0, 1, 1 ], "texture": "#texture", "rotation": 270 },
				"south": { "uv": [ 0, 0, 1, 1 ], "texture": "#texture", "rotation": 90 },
				"west": { "uv": [ 0, 0, 1, 1 ], "texture": "#texture" },
				"east": { "uv": [ 1, 1, 0, 0 ], "texture": "#texture" }
			}
		},
		{
			"__comment": "Cube1",
			"from": [ 7.875, 6.125, 9.75 ],
			"to": [ 8.25, 6.375, 10.625 ],
			"faces": {
				"down": { "uv": [ 1, 1, 0, 0 ], "texture": "#texture", "rotation": 270 },
				"up": { "uv": [ 0, 0, 1, 1 ], "texture": "#texture", "rotation": 90 },
				"north": { "uv": [ 0, 0, 1, 1 ], "texture": "#texture", "rotation": 270 },
				"south": { "uv": [ 0, 0, 1, 1 ], "texture": "#texture", "rotation": 90 },
				"west": { "uv": [ 0, 0, 1, 1 ], "texture": "#texture" },
				"east": { "uv": [ 1, 1, 0, 0 ], "texture": "#texture" }
			}
		},
		{
			"__comment": "Cube1",
			"from": [ 9.625, 8.125, 8 ],
			"to": [ 9.75, 8.25, 8.125 ],
			"faces": {
				"down": { "uv": [ 1, 1, 0, 0 ], "texture": "#texture", "rotation": 270 },
				"up": { "uv": [ 0, 0, 1, 1 ], "texture": "#texture", "rotation": 90 },
				"north": { "uv": [ 0, 0, 1, 1 ], "texture": "#texture", "rotation": 270 },
				"south": { "uv": [ 0, 0, 1, 1 ], "texture": "#texture", "rotation": 90 },
				"west": { "uv": [ 0, 0, 1, 1 ], "texture": "#texture" },
				"east": { "uv": [ 1, 1, 0, 0 ], "texture": "#texture" }
			}
		},
		{
			"__comment": "Cube1",
			"from": [ 6.375, 7.25, 7.125 ],
			"to": [ 6.5, 7.376, 7.25 ],
			"faces": {
				"down": { "uv": [ 13.5, 1, 12.5, 0 ], "texture": "#texture", "rotation": 270 },
				"up": { "uv": [ 13.5, 1, 12.5, 0 ], "texture": "#texture", "rotation": 270 },
				"north": { "uv": [ 13.5, 1, 12.5, 0 ], "texture": "#texture", "rotation": 270 },
				"south": { "uv": [ 13.5, 1, 12.5, 0 ], "texture": "#texture", "rotation": 270 },
				"west": { "uv": [ 13.5, 1, 12.5, 0 ], "texture": "#texture", "rotation": 270 },
				"east": { "uv": [ 13.5, 1, 12.5, 0 ], "texture": "#texture", "rotation": 270 }
			}
		},
		{
			"__comment": "Cube1",
			"from": [ 8.05, 7.775, 12.5 ],
			"to": [ 8.3, 8.026, 12.625 ],
			"rotation": { "origin": [ 8.05, 7.775, 12.5 ], "axis": "z", "angle": 45 },
			"faces": {
				"down": { "uv": [ 13.5, 1, 12.5, 0 ], "texture": "#texture", "rotation": 270 },
				"up": { "uv": [ 13.5, 1, 12.5, 0 ], "texture": "#texture", "rotation": 270 },
				"north": { "uv": [ 13.5, 1, 12.5, 0 ], "texture": "#texture", "rotation": 270 },
				"south": { "uv": [ 13.5, 1, 12.5, 0 ], "texture": "#texture", "rotation": 270 },
				"west": { "uv": [ 13.5, 1, 12.5, 0 ], "texture": "#texture", "rotation": 270 },
				"east": { "uv": [ 13.5, 1, 12.5, 0 ], "texture": "#texture", "rotation": 270 }
			}
		},
		{
			"__comment": "Cube1",
			"from": [ 9.625, 7.25, 7.125 ],
			"to": [ 9.75, 7.376, 7.25 ],
			"faces": {
				"down": { "uv": [ 13.5, 1, 12.5, 0 ], "texture": "#texture", "rotation": 270 },
				"up": { "uv": [ 13.5, 1, 12.5, 0 ], "texture": "#texture", "rotation": 270 },
				"north": { "uv": [ 13.5, 1, 12.5, 0 ], "texture": "#texture", "rotation": 270 },
				"south": { "uv": [ 13.5, 1, 12.5, 0 ], "texture": "#texture", "rotation": 270 },
				"west": { "uv": [ 13.5, 1, 12.5, 0 ], "texture": "#texture", "rotation": 270 },
				"east": { "uv": [ 13.5, 1, 12.5, 0 ], "texture": "#texture", "rotation": 270 }
			}
		},
		{
			"__comment": "Cube1",
			"from": [ 6.375, 8.625, 7.125 ],
			"to": [ 6.5, 8.751, 7.25 ],
			"faces": {
				"down": { "uv": [ 13.5, 1, 12.5, 0 ], "texture": "#texture", "rotation": 270 },
				"up": { "uv": [ 13.5, 1, 12.5, 0 ], "texture": "#texture", "rotation": 270 },
				"north": { "uv": [ 13.5, 1, 12.5, 0 ], "texture": "#texture", "rotation": 270 },
				"south": { "uv": [ 13.5, 1, 12.5, 0 ], "texture": "#texture", "rotation": 270 },
				"west": { "uv": [ 13.5, 1, 12.5, 0 ], "texture": "#texture", "rotation": 270 },
				"east": { "uv": [ 13.5, 1, 12.5, 0 ], "texture": "#texture", "rotation": 270 }
			}
		},
		{
			"__comment": "Cube1",
			"from": [ 9.625, 8.625, 7.125 ],
			"to": [ 9.75, 8.751, 7.25 ],
			"faces": {
				"down": { "uv": [ 13.5, 1, 12.5, 0 ], "texture": "#texture", "rotation": 270 },
				"up": { "uv": [ 13.5, 1, 12.5, 0 ], "texture": "#texture", "rotation": 270 },
				"north": { "uv": [ 13.5, 1, 12.5, 0 ], "texture": "#texture", "rotation": 270 },
				"south": { "uv": [ 13.5, 1, 12.5, 0 ], "texture": "#texture", "rotation": 270 },
				"west": { "uv": [ 13.5, 1, 12.5, 0 ], "texture": "#texture", "rotation": 270 },
				"east": { "uv": [ 13.5, 1, 12.5, 0 ], "texture": "#texture", "rotation": 270 }
			}
		},
		{
			"__comment": "Cube168",
			"from": [ 6.75, 7.425, 9.075 ],
			"to": [ 9.375, 8.549999, 10.2 ],
			"faces": {
				"down": { "uv": [ 8.5, 2, 9, 2.5 ], "texture": "#texture" },
				"up": { "uv": [ 10, 2, 10.5, 2.5 ], "texture": "#texture" },
				"north": { "uv": [ 9, 2, 11.5, 4 ], "texture": "#texture" },
				"south": { "uv": [ 11, 3, 11.5, 3.5 ], "texture": "#texture" },
				"west": { "uv": [ 12.5, 1.5, 16, 5 ], "texture": "#texture" },
				"east": { "uv": [ 12.5, 1.5, 16, 5 ], "texture": "#texture" }
			}
		},
		{
			"__comment": "Cube169",
			"from": [ 5.375, 5.375, 4.875 ],
			"to": [ 10.75, 10.625, 5 ],
			"faces": {
				"down": { "uv": [ 12, 2.5, 12, 3 ], "texture": "#texture" },
				"up": { "uv": [ 11.5, 2, 11.5, 2.5 ], "texture": "#texture" },
				"north": { "uv": [ 2, 5, 12, 15 ], "texture": "#texture" },
				"south": { "uv": [ 11, 2, 12, 3 ], "texture": "#texture" },
				"west": { "uv": [ 12, 2, 12.5, 2.5 ], "texture": "#texture" },
				"east": { "uv": [ 11, 2.5, 11.5, 2.875 ], "texture": "#texture" }
			}
		},
		{
			"__comment": "Cube1",
			"from": [ 7.5, 10, 6.5 ],
			"to": [ 7.625, 10.125, 6.625 ],
			"faces": {
				"down": { "uv": [ 1, 1, 0, 0 ], "texture": "#texture", "rotation": 270 },
				"up": { "uv": [ 0, 0, 1, 1 ], "texture": "#texture", "rotation": 90 },
				"north": { "uv": [ 0, 0, 1, 1 ], "texture": "#texture", "rotation": 270 },
				"south": { "uv": [ 0, 0, 1, 1 ], "texture": "#texture", "rotation": 90 },
				"west": { "uv": [ 0, 0, 1, 1 ], "texture": "#texture" },
				"east": { "uv": [ 1, 1, 0, 0 ], "texture": "#texture" }
			}
		},
		{
			"__comment": "Cube1",
			"from": [ 6.25, 8.625, 4.75 ],
			"to": [ 6.375, 8.75, 5 ],
			"faces": {
				"down": { "uv": [ 1, 1, 0, 0 ], "texture": "#texture", "rotation": 270 },
				"up": { "uv": [ 0, 0, 1, 1 ], "texture": "#texture", "rotation": 90 },
				"north": { "uv": [ 0, 0, 1, 1 ], "texture": "#texture", "rotation": 270 },
				"south": { "uv": [ 0, 0, 1, 1 ], "texture": "#texture", "rotation": 90 },
				"west": { "uv": [ 0, 0, 1, 1 ], "texture": "#texture" },
				"east": { "uv": [ 1, 1, 0, 0 ], "texture": "#texture" }
			}
		},
		{
			"__comment": "Cube1",
			"from": [ 7.375, 9.5, 4.75 ],
			"to": [ 7.5, 9.625, 5 ],
			"faces": {
				"down": { "uv": [ 1, 1, 0, 0 ], "texture": "#texture", "rotation": 270 },
				"up": { "uv": [ 0, 0, 1, 1 ], "texture": "#texture", "rotation": 90 },
				"north": { "uv": [ 0, 0, 1, 1 ], "texture": "#texture", "rotation": 270 },
				"south": { "uv": [ 0, 0, 1, 1 ], "texture": "#texture", "rotation": 90 },
				"west": { "uv": [ 0, 0, 1, 1 ], "texture": "#texture" },
				"east": { "uv": [ 1, 1, 0, 0 ], "texture": "#texture" }
			}
		},
		{
			"__comment": "Cube1",
			"from": [ 9.5, 8.625, 4.75 ],
			"to": [ 9.625, 8.75, 5 ],
			"faces": {
				"down": { "uv": [ 1, 1, 0, 0 ], "texture": "#texture", "rotation": 270 },
				"up": { "uv": [ 0, 0, 1, 1 ], "texture": "#texture", "rotation": 90 },
				"north": { "uv": [ 0, 0, 1, 1 ], "texture": "#texture", "rotation": 270 },
				"south": { "uv": [ 0, 0, 1, 1 ], "texture": "#texture", "rotation": 90 },
				"west": { "uv": [ 0, 0, 1, 1 ], "texture": "#texture" },
				"east": { "uv": [ 1, 1, 0, 0 ], "texture": "#texture" }
			}
		},
		{
			"__comment": "Cube1",
			"from": [ 9.5, 7.375, 4.75 ],
			"to": [ 9.625, 7.5, 5 ],
			"faces": {
				"down": { "uv": [ 1, 1, 0, 0 ], "texture": "#texture", "rotation": 270 },
				"up": { "uv": [ 0, 0, 1, 1 ], "texture": "#texture", "rotation": 90 },
				"north": { "uv": [ 0, 0, 1, 1 ], "texture": "#texture", "rotation": 270 },
				"south": { "uv": [ 0, 0, 1, 1 ], "texture": "#texture", "rotation": 90 },
				"west": { "uv": [ 0, 0, 1, 1 ], "texture": "#texture" },
				"east": { "uv": [ 1, 1, 0, 0 ], "texture": "#texture" }
			}
		},
		{
			"__comment": "Cube1",
			"from": [ 8.625, 6.25, 4.75 ],
			"to": [ 8.75, 6.375, 5 ],
			"faces": {
				"down": { "uv": [ 1, 1, 0, 0 ], "texture": "#texture", "rotation": 270 },
				"up": { "uv": [ 0, 0, 1, 1 ], "texture": "#texture", "rotation": 90 },
				"north": { "uv": [ 0, 0, 1, 1 ], "texture": "#texture", "rotation": 270 },
				"south": { "uv": [ 0, 0, 1, 1 ], "texture": "#texture", "rotation": 90 },
				"west": { "uv": [ 0, 0, 1, 1 ], "texture": "#texture" },
				"east": { "uv": [ 1, 1, 0, 0 ], "texture": "#texture" }
			}
		},
		{
			"__comment": "Cube1",
			"from": [ 6.25, 7.375, 4.75 ],
			"to": [ 6.375, 7.5, 5 ],
			"faces": {
				"down": { "uv": [ 1, 1, 0, 0 ], "texture": "#texture", "rotation": 270 },
				"up": { "uv": [ 0, 0, 1, 1 ], "texture": "#texture", "rotation": 90 },
				"north": { "uv": [ 0, 0, 1, 1 ], "texture": "#texture", "rotation": 270 },
				"south": { "uv": [ 0, 0, 1, 1 ], "texture": "#texture", "rotation": 90 },
				"west": { "uv": [ 0, 0, 1, 1 ], "texture": "#texture" },
				"east": { "uv": [ 1, 1, 0, 0 ], "texture": "#texture" }
			}
		},
		{
			"__comment": "Cube1",
			"from": [ 7.25, 6.25, 4.75 ],
			"to": [ 7.375, 6.375, 5 ],
			"faces": {
				"down": { "uv": [ 1, 1, 0, 0 ], "texture": "#texture", "rotation": 270 },
				"up": { "uv": [ 0, 0, 1, 1 ], "texture": "#texture", "rotation": 90 },
				"north": { "uv": [ 0, 0, 1, 1 ], "texture": "#texture", "rotation": 270 },
				"south": { "uv": [ 0, 0, 1, 1 ], "texture": "#texture", "rotation": 90 },
				"west": { "uv": [ 0, 0, 1, 1 ], "texture": "#texture" },
				"east": { "uv": [ 1, 1, 0, 0 ], "texture": "#texture" }
			}
		}
	],
	"display": {
		"thirdperson_righthand": {
			"translation":  [ 0, 2.0869, -2.782 ],
			"scale":  [ 1.5, 1.5, 1.5 ]
		},
		"thirdperson_lefthand": {
			"translation":  [ 0, 2.0869, -2.782 ],
			"scale":  [ 1.5, 1.5, 1.5 ]
		},
		"firstperson_righthand": {
			"translation":  [ 0, 3.4782, 2.7826 ]
		},
		"firstperson_lefthand": {
			"translation":  [ 0, 3.4782, 2.7826 ]
		},
		"gui": {
			"rotation":  [ 19, 59, 0 ],
			"scale":  [ 1.5, 1.5, 1.5 ]
		},
		"head": {
			"rotation":  [ -1, 0, 0 ],
			"translation":  [ 9.7391, -22.25, -15.3 ],
			"scale":  [ 0.0001, 0.0001, 0.0001 ]
		},
		"fixed": {
			"rotation":  [ 0, 90, 0 ],
			"translation":  [ -0.695, -0.695, 0 ],
			"scale":  [ 2, 2, 2 ]
		}
	}
}