{
	"__comment": "Designed by Mcmakistein with Cubik Studio - https://cubik.studio",
	"textures": {
		"particle": "custom/1",
		"texture": "custom/1"
	},
	"elements": [ 	 
		{
			"__comment": "Box1",
			"from": [ -1, 5.5, 11.5 ],
			"to": [ 6.5, 8.5, 14.5 ],
			"faces": {
				"down": { "uv": [ 6, 0, 6.5, 0.5 ], "texture": "#texture" },
				"up": { "uv": [ 6, 0, 6.5, 0.5 ], "texture": "#texture" },
				"north": { "uv": [ 6, 0, 6.5, 0.5 ], "texture": "#texture" },
				"south": { "uv": [ 6, 0, 6.5, 0.5 ], "texture": "#texture" },
				"west": { "uv": [ 6, 0, 6.5, 0.5 ], "texture": "#texture" },
				"east": { "uv": [ 6, 0, 6.5, 0.5 ], "texture": "#texture" }
			}
		},
		{
			"__comment": "Box1",
			"from": [ 6.5, 5, 11 ],
			"to": [ 16, 9, 15 ],
			"faces": {
				"down": { "uv": [ 5, 0, 5.5, 0.5 ], "texture": "#texture" },
				"up": { "uv": [ 5, 0, 5.5, 0.5 ], "texture": "#texture" },
				"north": { "uv": [ 5, 0, 5.5, 0.5 ], "texture": "#texture" },
				"south": { "uv": [ 5, 0, 5.5, 0.5 ], "texture": "#texture" },
				"west": { "uv": [ 5, 0, 5.5, 0.5 ], "texture": "#texture" },
				"east": { "uv": [ 5, 0, 5.5, 0.5 ], "texture": "#texture" }
			}
		},
		{
			"__comment": "Box1",
			"from": [ -3, 5, 11 ],
			"to": [ 6.5, 9, 15 ],
			"rotation": { "origin": [ 6.5, 9, 11 ], "axis": "z", "angle": 22.5 },
			"faces": {
				"down": { "uv": [ 5, 0, 5.5, 0.5 ], "texture": "#texture", "rotation": 180 },
				"up": { "uv": [ 5, 0, 5.5, 0.5 ], "texture": "#texture", "rotation": 180 },
				"north": { "uv": [ 5.5, 0.5, 5, 0 ], "texture": "#texture" },
				"south": { "uv": [ 5.5, 0.5, 5, 0 ], "texture": "#texture" },
				"west": { "uv": [ 5, 0, 5.5, 0.5 ], "texture": "#texture", "rotation": 180 },
				"east": { "uv": [ 5, 0, 5.5, 0.5 ], "texture": "#texture", "rotation": 180 }
			}
		},
		{
			"__comment": "Box1",
			"from": [ 1.5, -2.5, 11.5 ],
			"to": [ 4, 3.5, 14.5 ],
			"rotation": { "origin": [ 4, -2.5, 11.5 ], "axis": "z", "angle": 22.5 },
			"faces": {
				"down": { "uv": [ 0, 0, 0.5, 0.5 ], "texture": "#texture", "rotation": 270 },
				"up": { "uv": [ 0, 0, 0.5, 0.5 ], "texture": "#texture", "rotation": 270 },
				"north": { "uv": [ 0, 0, 0.5, 0.5 ], "texture": "#texture", "rotation": 270 },
				"south": { "uv": [ 0, 0, 0.5, 0.5 ], "texture": "#texture", "rotation": 270 },
				"west": { "uv": [ 0, 0, 0.5, 0.5 ], "texture": "#texture", "rotation": 270 },
				"east": { "uv": [ 0, 0, 0.5, 0.5 ], "texture": "#texture", "rotation": 270 }
			}
		},
		{
			"__comment": "Box1",
			"from": [ 21.5, 0, 11.5 ],
			"to": [ 24, 6, 14.5 ],
			"rotation": { "origin": [ 24, 0, 11.5 ], "axis": "z", "angle": 22.5 },
			"faces": {
				"down": { "uv": [ 10, 0, 10.5, 0.5 ], "texture": "#texture", "rotation": 270 },
				"up": { "uv": [ 10, 0, 10.5, 0.5 ], "texture": "#texture", "rotation": 270 },
				"north": { "uv": [ 10, 0, 10.5, 0.5 ], "texture": "#texture", "rotation": 270 },
				"south": { "uv": [ 10, 0, 10.5, 0.5 ], "texture": "#texture", "rotation": 270 },
				"west": { "uv": [ 10, 0, 10.5, 0.5 ], "texture": "#texture", "rotation": 270 },
				"east": { "uv": [ 10, 0, 10.5, 0.5 ], "texture": "#texture", "rotation": 270 }
			}
		},
		{
			"__comment": "Box1",
			"from": [ 7.5, -2.5, 11 ],
			"to": [ 11.5, 5.5, 15 ],
			"rotation": { "origin": [ 11.5, -2.5, 11 ], "axis": "z", "angle": 22.5 },
			"faces": {
				"down": { "uv": [ 9, 0, 9.5, 0.5 ], "texture": "#texture", "rotation": 270 },
				"up": { "uv": [ 9, 0, 9.5, 0.5 ], "texture": "#texture", "rotation": 270 },
				"north": { "uv": [ 9, 0, 9.5, 0.5 ], "texture": "#texture", "rotation": 270 },
				"south": { "uv": [ 9, 0, 9.5, 0.5 ], "texture": "#texture", "rotation": 270 },
				"west": { "uv": [ 9, 0, 9.5, 0.5 ], "texture": "#texture", "rotation": 270 },
				"east": { "uv": [ 9, 0, 9.5, 0.5 ], "texture": "#texture", "rotation": 270 }
			}
		},
		{
			"__comment": "Box1",
			"from": [ 4.625, 4.125, 11.5 ],
			"to": [ 7.625, 5.625, 14.5 ],
			"rotation": { "origin": [ 7.625, 5.625, 11.5 ], "axis": "z", "angle": 22.5 },
			"faces": {
				"down": { "uv": [ 5, 0, 5.5, 0.5 ], "texture": "#texture", "rotation": 180 },
				"up": { "uv": [ 5, 0, 5.5, 0.5 ], "texture": "#texture", "rotation": 180 },
				"north": { "uv": [ 5.5, 0.5, 5, 0 ], "texture": "#texture" },
				"south": { "uv": [ 5.5, 0.5, 5, 0 ], "texture": "#texture" },
				"west": { "uv": [ 5, 0, 5.5, 0.5 ], "texture": "#texture", "rotation": 180 },
				"east": { "uv": [ 5, 0, 5.5, 0.5 ], "texture": "#texture", "rotation": 180 }
			}
		},
		{
			"__comment": "Box1",
			"from": [ 4, -2.5, 11.5 ],
			"to": [ 5, 2, 14.5 ],
			"rotation": { "origin": [ 5, 2, 11.5 ], "axis": "z", "angle": 22.5 },
			"faces": {
				"down": { "uv": [ 5, 0, 5.5, 0.5 ], "texture": "#texture", "rotation": 180 },
				"up": { "uv": [ 5, 0, 5.5, 0.5 ], "texture": "#texture", "rotation": 180 },
				"north": { "uv": [ 5.5, 0.5, 5, 0 ], "texture": "#texture" },
				"south": { "uv": [ 5.5, 0.5, 5, 0 ], "texture": "#texture" },
				"west": { "uv": [ 5, 0, 5.5, 0.5 ], "texture": "#texture", "rotation": 180 },
				"east": { "uv": [ 5, 0, 5.5, 0.5 ], "texture": "#texture", "rotation": 180 }
			}
		},
		{
			"__comment": "Box1",
			"from": [ 2.625, 1.125, 11 ],
			"to": [ 4.125, 4.125, 15 ],
			"rotation": { "origin": [ 4.125, 4.125, 11 ], "axis": "z", "angle": 22.5 },
			"faces": {
				"down": { "uv": [ 5, 0, 5.5, 0.5 ], "texture": "#texture", "rotation": 180 },
				"up": { "uv": [ 5, 0, 5.5, 0.5 ], "texture": "#texture", "rotation": 180 },
				"north": { "uv": [ 5.5, 0.5, 5, 0 ], "texture": "#texture" },
				"south": { "uv": [ 5.5, 0.5, 5, 0 ], "texture": "#texture" },
				"west": { "uv": [ 5, 0, 5.5, 0.5 ], "texture": "#texture", "rotation": 180 },
				"east": { "uv": [ 5, 0, 5.5, 0.5 ], "texture": "#texture", "rotation": 180 }
			}
		},
		{
			"__comment": "Box1",
			"from": [ 1, 2, 11 ],
			"to": [ 4, 3, 15 ],
			"rotation": { "origin": [ 4, 2, 11 ], "axis": "z", "angle": -22.5 },
			"faces": {
				"down": { "uv": [ 5, 0, 5.5, 0.5 ], "texture": "#texture", "rotation": 270 },
				"up": { "uv": [ 5.5, 0.5, 5, 0 ], "texture": "#texture", "rotation": 90 },
				"north": { "uv": [ 5.5, 0.5, 5, 0 ], "texture": "#texture", "rotation": 270 },
				"south": { "uv": [ 5.5, 0.5, 5, 0 ], "texture": "#texture", "rotation": 90 },
				"west": { "uv": [ 5, 0, 5.5, 0.5 ], "texture": "#texture", "rotation": 270 },
				"east": { "uv": [ 5.5, 0.5, 5, 0 ], "texture": "#texture", "rotation": 90 }
			}
		},
		{
			"__comment": "Box1",
			"from": [ 0.5, 2.625, 11 ],
			"to": [ 3.5, 3.625, 15 ],
			"rotation": { "origin": [ 3.5, 2.625, 11 ], "axis": "z", "angle": 0 },
			"faces": {
				"down": { "uv": [ 5, 0, 5.5, 0.5 ], "texture": "#texture", "rotation": 270 },
				"up": { "uv": [ 5.5, 0.5, 5, 0 ], "texture": "#texture", "rotation": 90 },
				"north": { "uv": [ 5.5, 0.5, 5, 0 ], "texture": "#texture", "rotation": 270 },
				"south": { "uv": [ 5.5, 0.5, 5, 0 ], "texture": "#texture", "rotation": 90 },
				"west": { "uv": [ 5, 0, 5.5, 0.5 ], "texture": "#texture", "rotation": 270 },
				"east": { "uv": [ 5.5, 0.5, 5, 0 ], "texture": "#texture", "rotation": 90 }
			}
		},
		{
			"__comment": "Box1",
			"from": [ 6.25, -0.625, 10.875 ],
			"to": [ 10.375, 0.375, 15.125 ],
			"rotation": { "origin": [ 10.375, 0.375, 10.875 ], "axis": "z", "angle": 22.5 },
			"faces": {
				"down": { "uv": [ 5, 0, 5.5, 0.5 ], "texture": "#texture", "rotation": 180 },
				"up": { "uv": [ 5, 0, 5.5, 0.5 ], "texture": "#texture", "rotation": 180 },
				"north": { "uv": [ 5.5, 0.5, 5, 0 ], "texture": "#texture" },
				"south": { "uv": [ 5.5, 0.5, 5, 0 ], "texture": "#texture" },
				"west": { "uv": [ 5, 0, 5.5, 0.5 ], "texture": "#texture", "rotation": 180 },
				"east": { "uv": [ 5, 0, 5.5, 0.5 ], "texture": "#texture", "rotation": 180 }
			}
		},
		{
			"__comment": "Box1",
			"from": [ 5.875, -2, 11.5 ],
			"to": [ 6.875, -1, 14.5 ],
			"rotation": { "origin": [ 6.875, -1, 11.5 ], "axis": "z", "angle": 22.5 },
			"faces": {
				"down": { "uv": [ 5, 0, 5.5, 0.5 ], "texture": "#texture", "rotation": 180 },
				"up": { "uv": [ 5, 0, 5.5, 0.5 ], "texture": "#texture", "rotation": 180 },
				"north": { "uv": [ 5.5, 0.5, 5, 0 ], "texture": "#texture" },
				"south": { "uv": [ 5.5, 0.5, 5, 0 ], "texture": "#texture" },
				"west": { "uv": [ 5, 0, 5.5, 0.5 ], "texture": "#texture", "rotation": 180 },
				"east": { "uv": [ 5, 0, 5.5, 0.5 ], "texture": "#texture", "rotation": 180 }
			}
		},
		{
			"__comment": "Box1",
			"from": [ 8.625, -1.625, 10.875 ],
			"to": [ 10.625, -0.25, 15.125 ],
			"rotation": { "origin": [ 10.625, -0.25, 10.875 ], "axis": "z", "angle": 22.5 },
			"faces": {
				"down": { "uv": [ 5, 0, 5.5, 0.5 ], "texture": "#texture", "rotation": 180 },
				"up": { "uv": [ 5, 0, 5.5, 0.5 ], "texture": "#texture", "rotation": 180 },
				"north": { "uv": [ 5.5, 0.5, 5, 0 ], "texture": "#texture" },
				"south": { "uv": [ 5.5, 0.5, 5, 0 ], "texture": "#texture" },
				"west": { "uv": [ 5, 0, 5.5, 0.5 ], "texture": "#texture", "rotation": 180 },
				"east": { "uv": [ 5, 0, 5.5, 0.5 ], "texture": "#texture", "rotation": 180 }
			}
		},
		{
			"__comment": "Box1",
			"from": [ 8.375, -2, 10.875 ],
			"to": [ 9.5, -1.375, 15.125 ],
			"rotation": { "origin": [ 9.5, -1.375, 10.875 ], "axis": "z", "angle": -22.5 },
			"faces": {
				"down": { "uv": [ 5, 0, 5.5, 0.5 ], "texture": "#texture", "rotation": 180 },
				"up": { "uv": [ 5, 0, 5.5, 0.5 ], "texture": "#texture", "rotation": 180 },
				"north": { "uv": [ 5.5, 0.5, 5, 0 ], "texture": "#texture" },
				"south": { "uv": [ 5.5, 0.5, 5, 0 ], "texture": "#texture" },
				"west": { "uv": [ 5, 0, 5.5, 0.5 ], "texture": "#texture", "rotation": 180 },
				"east": { "uv": [ 5, 0, 5.5, 0.5 ], "texture": "#texture", "rotation": 180 }
			}
		},
		{
			"__comment": "Box1",
			"from": [ 16, 5.5, 11.5 ],
			"to": [ 23, 8.5, 14.5 ],
			"faces": {
				"down": { "uv": [ 0, 0, 0.5, 0.5 ], "texture": "#texture", "rotation": 270 },
				"up": { "uv": [ 0, 0, 0.5, 0.5 ], "texture": "#texture", "rotation": 270 },
				"north": { "uv": [ 0, 0, 0.5, 0.5 ], "texture": "#texture", "rotation": 270 },
				"south": { "uv": [ 0, 0, 0.5, 0.5 ], "texture": "#texture", "rotation": 270 },
				"west": { "uv": [ 0, 0, 0.5, 0.5 ], "texture": "#texture", "rotation": 270 },
				"east": { "uv": [ 0, 0, 0.5, 0.5 ], "texture": "#texture", "rotation": 270 }
			}
		},
		{
			"__comment": "Box1",
			"from": [ 13.5, 9, 11 ],
			"to": [ 16, 11.5, 15 ],
			"faces": {
				"down": { "uv": [ 5, 0, 5.5, 0.5 ], "texture": "#texture" },
				"up": { "uv": [ 5, 0, 5.5, 0.5 ], "texture": "#texture" },
				"north": { "uv": [ 5, 0, 5.5, 0.5 ], "texture": "#texture" },
				"south": { "uv": [ 5, 0, 5.5, 0.5 ], "texture": "#texture" },
				"west": { "uv": [ 5, 0, 5.5, 0.5 ], "texture": "#texture" },
				"east": { "uv": [ 5, 0, 5.5, 0.5 ], "texture": "#texture" }
			}
		},
		{
			"__comment": "Box1",
			"from": [ 16, 9, 12.5 ],
			"to": [ 22, 9.5, 13.5 ],
			"faces": {
				"down": { "uv": [ 5, 0, 5.5, 0.5 ], "texture": "#texture" },
				"up": { "uv": [ 5, 0, 5.5, 0.5 ], "texture": "#texture" },
				"north": { "uv": [ 5, 0, 5.5, 0.5 ], "texture": "#texture" },
				"south": { "uv": [ 5, 0, 5.5, 0.5 ], "texture": "#texture" },
				"west": { "uv": [ 5, 0, 5.5, 0.5 ], "texture": "#texture" },
				"east": { "uv": [ 5, 0, 5.5, 0.5 ], "texture": "#texture" }
			}
		},
		{
			"__comment": "Box1",
			"from": [ 15.5, 4.5, 11 ],
			"to": [ 22.5, 5.5, 15 ],
			"faces": {
				"down": { "uv": [ 5, 0, 5.5, 0.5 ], "texture": "#texture" },
				"up": { "uv": [ 5, 0, 5.5, 0.5 ], "texture": "#texture" },
				"north": { "uv": [ 5, 0, 5.5, 0.5 ], "texture": "#texture" },
				"south": { "uv": [ 5, 0, 5.5, 0.5 ], "texture": "#texture" },
				"west": { "uv": [ 5, 0, 5.5, 0.5 ], "texture": "#texture" },
				"east": { "uv": [ 5, 0, 5.5, 0.5 ], "texture": "#texture" }
			}
		},
		{
			"__comment": "Box1",
			"from": [ 18, 5, 11 ],
			"to": [ 18.5, 9, 15 ],
			"faces": {
				"down": { "uv": [ 5, 0, 5.5, 0.5 ], "texture": "#texture" },
				"up": { "uv": [ 5, 0, 5.5, 0.5 ], "texture": "#texture" },
				"north": { "uv": [ 5, 0, 5.5, 0.5 ], "texture": "#texture" },
				"south": { "uv": [ 5, 0, 5.5, 0.5 ], "texture": "#texture" },
				"west": { "uv": [ 5, 0, 5.5, 0.5 ], "texture": "#texture" },
				"east": { "uv": [ 5, 0, 5.5, 0.5 ], "texture": "#texture" }
			}
		},
		{
			"__comment": "Box1",
			"from": [ 21.5, 5, 11 ],
			"to": [ 22, 9, 15 ],
			"faces": {
				"down": { "uv": [ 5, 0, 5.5, 0.5 ], "texture": "#texture" },
				"up": { "uv": [ 5, 0, 5.5, 0.5 ], "texture": "#texture" },
				"north": { "uv": [ 5, 0, 5.5, 0.5 ], "texture": "#texture" },
				"south": { "uv": [ 5, 0, 5.5, 0.5 ], "texture": "#texture" },
				"west": { "uv": [ 5, 0, 5.5, 0.5 ], "texture": "#texture" },
				"east": { "uv": [ 5, 0, 5.5, 0.5 ], "texture": "#texture" }
			}
		},
		{
			"__comment": "Box1",
			"from": [ 13, 11, 12 ],
			"to": [ 16, 12, 14 ],
			"faces": {
				"down": { "uv": [ 5, 0, 5.5, 0.5 ], "texture": "#texture" },
				"up": { "uv": [ 5, 0, 5.5, 0.5 ], "texture": "#texture" },
				"north": { "uv": [ 5, 0, 5.5, 0.5 ], "texture": "#texture" },
				"south": { "uv": [ 5, 0, 5.5, 0.5 ], "texture": "#texture" },
				"west": { "uv": [ 5, 0, 5.5, 0.5 ], "texture": "#texture" },
				"east": { "uv": [ 5, 0, 5.5, 0.5 ], "texture": "#texture" }
			}
		},
		{
			"__comment": "Box1",
			"from": [ 7.625, 10.875, 12.375 ],
			"to": [ 12.875, 12.125, 13.625 ],
			"faces": {
				"down": { "uv": [ 0, 0, 0.5, 0.5 ], "texture": "#texture", "rotation": 270 },
				"up": { "uv": [ 0, 0, 0.5, 0.5 ], "texture": "#texture", "rotation": 270 },
				"north": { "uv": [ 0, 0, 0.5, 0.5 ], "texture": "#texture", "rotation": 270 },
				"south": { "uv": [ 0, 0, 0.5, 0.5 ], "texture": "#texture", "rotation": 270 },
				"west": { "uv": [ 0, 0, 0.5, 0.5 ], "texture": "#texture", "rotation": 270 },
				"east": { "uv": [ 0, 0, 0.5, 0.5 ], "texture": "#texture", "rotation": 270 }
			}
		},
		{
			"__comment": "Box1",
			"from": [ 8, 11, 12.5 ],
			"to": [ 13, 12, 13.5 ],
			"faces": {
				"down": { "uv": [ 5, 0, 5.5, 0.5 ], "texture": "#texture" },
				"up": { "uv": [ 5, 0, 5.5, 0.5 ], "texture": "#texture" },
				"north": { "uv": [ 5, 0, 5.5, 0.5 ], "texture": "#texture" },
				"south": { "uv": [ 5, 0, 5.5, 0.5 ], "texture": "#texture" },
				"west": { "uv": [ 5, 0, 5.5, 0.5 ], "texture": "#texture" },
				"east": { "uv": [ 5, 0, 5.5, 0.5 ], "texture": "#texture" }
			}
		},
		{
			"__comment": "Box1",
			"from": [ 7.875, 10.625, 12.375 ],
			"to": [ 8.625, 10.875, 13.625 ],
			"faces": {
				"down": { "uv": [ 0, 0, 0.5, 0.5 ], "texture": "#texture", "rotation": 270 },
				"up": { "uv": [ 0, 0, 0.5, 0.5 ], "texture": "#texture", "rotation": 270 },
				"north": { "uv": [ 0, 0, 0.5, 0.5 ], "texture": "#texture", "rotation": 270 },
				"south": { "uv": [ 0, 0, 0.5, 0.5 ], "texture": "#texture", "rotation": 270 },
				"west": { "uv": [ 0, 0, 0.5, 0.5 ], "texture": "#texture", "rotation": 270 },
				"east": { "uv": [ 0, 0, 0.5, 0.5 ], "texture": "#texture", "rotation": 270 }
			}
		},
		{
			"__comment": "Box1",
			"from": [ 9.375, 10.625, 12.375 ],
			"to": [ 10.125, 10.875, 13.625 ],
			"faces": {
				"down": { "uv": [ 0, 0, 0.5, 0.5 ], "texture": "#texture", "rotation": 270 },
				"up": { "uv": [ 0, 0, 0.5, 0.5 ], "texture": "#texture", "rotation": 270 },
				"north": { "uv": [ 0, 0, 0.5, 0.5 ], "texture": "#texture", "rotation": 270 },
				"south": { "uv": [ 0, 0, 0.5, 0.5 ], "texture": "#texture", "rotation": 270 },
				"west": { "uv": [ 0, 0, 0.5, 0.5 ], "texture": "#texture", "rotation": 270 },
				"east": { "uv": [ 0, 0, 0.5, 0.5 ], "texture": "#texture", "rotation": 270 }
			}
		},
		{
			"__comment": "Box1",
			"from": [ 10.75, 10.625, 12.375 ],
			"to": [ 11.5, 10.875, 13.625 ],
			"faces": {
				"down": { "uv": [ 0, 0, 0.5, 0.5 ], "texture": "#texture", "rotation": 270 },
				"up": { "uv": [ 0, 0, 0.5, 0.5 ], "texture": "#texture", "rotation": 270 },
				"north": { "uv": [ 0, 0, 0.5, 0.5 ], "texture": "#texture", "rotation": 270 },
				"south": { "uv": [ 0, 0, 0.5, 0.5 ], "texture": "#texture", "rotation": 270 },
				"west": { "uv": [ 0, 0, 0.5, 0.5 ], "texture": "#texture", "rotation": 270 },
				"east": { "uv": [ 0, 0, 0.5, 0.5 ], "texture": "#texture", "rotation": 270 }
			}
		},
		{
			"__comment": "Box1",
			"from": [ 12.125, 10.625, 12.375 ],
			"to": [ 12.875, 10.875, 13.625 ],
			"faces": {
				"down": { "uv": [ 0, 0, 0.5, 0.5 ], "texture": "#texture", "rotation": 270 },
				"up": { "uv": [ 0, 0, 0.5, 0.5 ], "texture": "#texture", "rotation": 270 },
				"north": { "uv": [ 0, 0, 0.5, 0.5 ], "texture": "#texture", "rotation": 270 },
				"south": { "uv": [ 0, 0, 0.5, 0.5 ], "texture": "#texture", "rotation": 270 },
				"west": { "uv": [ 0, 0, 0.5, 0.5 ], "texture": "#texture", "rotation": 270 },
				"east": { "uv": [ 0, 0, 0.5, 0.5 ], "texture": "#texture", "rotation": 270 }
			}
		},
		{
			"__comment": "Box1",
			"from": [ 13, 3.5, 11 ],
			"to": [ 20.5, 5, 15 ],
			"faces": {
				"down": { "uv": [ 5, 0, 5.5, 0.5 ], "texture": "#texture" },
				"up": { "uv": [ 5, 0, 5.5, 0.5 ], "texture": "#texture" },
				"north": { "uv": [ 5, 0, 5.5, 0.5 ], "texture": "#texture" },
				"south": { "uv": [ 5, 0, 5.5, 0.5 ], "texture": "#texture" },
				"west": { "uv": [ 5, 0, 5.5, 0.5 ], "texture": "#texture" },
				"east": { "uv": [ 5, 0, 5.5, 0.5 ], "texture": "#texture" }
			}
		},
		{
			"__comment": "Box1",
			"from": [ 11.5, -0.5, 11 ],
			"to": [ 13, 6.5, 15 ],
			"rotation": { "origin": [ 13, -0.5, 11 ], "axis": "z", "angle": 22.5 },
			"faces": {
				"down": { "uv": [ 5.5, 0.5, 5, 0 ], "texture": "#texture", "rotation": 90 },
				"up": { "uv": [ 5, 0, 5.5, 0.5 ], "texture": "#texture", "rotation": 270 },
				"north": { "uv": [ 5, 0, 5.5, 0.5 ], "texture": "#texture", "rotation": 90 },
				"south": { "uv": [ 5, 0, 5.5, 0.5 ], "texture": "#texture", "rotation": 270 },
				"west": { "uv": [ 5, 0, 5.5, 0.5 ], "texture": "#texture", "rotation": 270 },
				"east": { "uv": [ 5.5, 0.5, 5, 0 ], "texture": "#texture", "rotation": 90 }
			}
		},
		{
			"__comment": "Box1",
			"from": [ 11.5, 1, 10.875 ],
			"to": [ 14, 3.5, 15.125 ],
			"rotation": { "origin": [ 11.5, 1, 10.875 ], "axis": "z", "angle": 22.5 },
			"faces": {
				"down": { "uv": [ 10, 0, 10.5, 0.5 ], "texture": "#texture" },
				"up": { "uv": [ 10.5, 0.5, 10, 0 ], "texture": "#texture", "rotation": 180 },
				"north": { "uv": [ 10, 0, 10.5, 0.5 ], "texture": "#texture", "rotation": 180 },
				"south": { "uv": [ 10, 0, 10.5, 0.5 ], "texture": "#texture" },
				"west": { "uv": [ 10, 0, 10.5, 0.5 ], "texture": "#texture" },
				"east": { "uv": [ 10.5, 0.5, 10, 0 ], "texture": "#texture", "rotation": 180 }
			}
		},
		{
			"__comment": "Box1",
			"from": [ 11.1946, 1.8233, 11 ],
			"to": [ 14.4446, 2.8233, 15 ],
			"rotation": { "origin": [ 14, 0.75, 11 ], "axis": "z", "angle": 22.5 },
			"faces": {
				"down": { "uv": [ 5.5, 0.5, 5, 0 ], "texture": "#texture", "rotation": 90 },
				"up": { "uv": [ 5, 0, 5.5, 0.5 ], "texture": "#texture", "rotation": 270 },
				"north": { "uv": [ 5, 0, 5.5, 0.5 ], "texture": "#texture", "rotation": 90 },
				"south": { "uv": [ 5, 0, 5.5, 0.5 ], "texture": "#texture", "rotation": 270 },
				"west": { "uv": [ 5, 0, 5.5, 0.5 ], "texture": "#texture", "rotation": 270 },
				"east": { "uv": [ 5.5, 0.5, 5, 0 ], "texture": "#texture", "rotation": 90 }
			}
		},
		{
			"__comment": "Box1",
			"from": [ 13.375, 2.5016, 11 ],
			"to": [ 17.375, 3.5016, 15 ],
			"rotation": { "origin": [ 13.375, 2.5, 11 ], "axis": "z", "angle": 22.5 },
			"faces": {
				"down": { "uv": [ 5.5, 0.5, 5, 0 ], "texture": "#texture", "rotation": 90 },
				"up": { "uv": [ 5, 0, 5.5, 0.5 ], "texture": "#texture", "rotation": 270 },
				"north": { "uv": [ 5, 0, 5.5, 0.5 ], "texture": "#texture", "rotation": 90 },
				"south": { "uv": [ 5, 0, 5.5, 0.5 ], "texture": "#texture", "rotation": 270 },
				"west": { "uv": [ 5, 0, 5.5, 0.5 ], "texture": "#texture", "rotation": 270 },
				"east": { "uv": [ 5.5, 0.5, 5, 0 ], "texture": "#texture", "rotation": 90 }
			}
		},
		{
			"__comment": "Box1",
			"from": [ 18.5, 2, 12.5 ],
			"to": [ 19, 3.5, 13.5 ],
			"rotation": { "origin": [ 19, 2, 12.5 ], "axis": "z", "angle": 0 },
			"faces": {
				"down": { "uv": [ 10, 0, 10.5, 0.5 ], "texture": "#texture", "rotation": 270 },
				"up": { "uv": [ 10, 0, 10.5, 0.5 ], "texture": "#texture", "rotation": 270 },
				"north": { "uv": [ 10, 0, 10.5, 0.5 ], "texture": "#texture", "rotation": 270 },
				"south": { "uv": [ 10, 0, 10.5, 0.5 ], "texture": "#texture", "rotation": 270 },
				"west": { "uv": [ 10, 0, 10.5, 0.5 ], "texture": "#texture", "rotation": 270 },
				"east": { "uv": [ 10, 0, 10.5, 0.5 ], "texture": "#texture", "rotation": 270 }
			}
		},
		{
			"__comment": "Box1",
			"from": [ 10.875, 2.5016, 11 ],
			"to": [ 14.875, 3.5016, 15 ],
			"rotation": { "origin": [ 10.875, 2.5, 11 ], "axis": "z", "angle": 22.5 },
			"faces": {
				"down": { "uv": [ 5.5, 0.5, 5, 0 ], "texture": "#texture", "rotation": 90 },
				"up": { "uv": [ 5, 0, 5.5, 0.5 ], "texture": "#texture", "rotation": 270 },
				"north": { "uv": [ 5, 0, 5.5, 0.5 ], "texture": "#texture", "rotation": 90 },
				"south": { "uv": [ 5, 0, 5.5, 0.5 ], "texture": "#texture", "rotation": 270 },
				"west": { "uv": [ 5, 0, 5.5, 0.5 ], "texture": "#texture", "rotation": 270 },
				"east": { "uv": [ 5.5, 0.5, 5, 0 ], "texture": "#texture", "rotation": 90 }
			}
		},
		{
			"__comment": "Box1",
			"from": [ -10, 6, 12 ],
			"to": [ -1, 8, 14 ],
			"faces": {
				"down": { "uv": [ 6, 0, 6.5, 0.5 ], "texture": "#texture" },
				"up": { "uv": [ 6, 0, 6.5, 0.5 ], "texture": "#texture" },
				"north": { "uv": [ 6, 0, 6.5, 0.5 ], "texture": "#texture" },
				"south": { "uv": [ 6, 0, 6.5, 0.5 ], "texture": "#texture" },
				"west": { "uv": [ 6, 0, 6.5, 0.5 ], "texture": "#texture" },
				"east": { "uv": [ 6, 0, 6.5, 0.5 ], "texture": "#texture" }
			}
		},
		{
			"__comment": "Box1",
			"from": [ -2, 5.625, 11.625 ],
			"to": [ -1, 8.375, 14.375 ],
			"faces": {
				"down": { "uv": [ 10, 0, 10.5, 0.5 ], "texture": "#texture" },
				"up": { "uv": [ 10, 0, 10.5, 0.5 ], "texture": "#texture" },
				"north": { "uv": [ 10, 0, 10.5, 0.5 ], "texture": "#texture" },
				"south": { "uv": [ 10, 0, 10.5, 0.5 ], "texture": "#texture" },
				"west": { "uv": [ 10, 0, 10.5, 0.5 ], "texture": "#texture" },
				"east": { "uv": [ 10, 0, 10.5, 0.5 ], "texture": "#texture" }
			}
		},
		{
			"__comment": "Box1",
			"from": [ -3.5, 5.5, 11.5 ],
			"to": [ -2, 8.5, 14.5 ],
			"faces": {
				"down": { "uv": [ 10, 0, 10.5, 0.5 ], "texture": "#texture" },
				"up": { "uv": [ 10, 0, 10.5, 0.5 ], "texture": "#texture" },
				"north": { "uv": [ 10, 0, 10.5, 0.5 ], "texture": "#texture" },
				"south": { "uv": [ 10, 0, 10.5, 0.5 ], "texture": "#texture" },
				"west": { "uv": [ 10, 0, 10.5, 0.5 ], "texture": "#texture" },
				"east": { "uv": [ 10, 0, 10.5, 0.5 ], "texture": "#texture" }
			}
		},
		{
			"__comment": "Box1",
			"from": [ -5.5, 5.375, 11.5 ],
			"to": [ -3.5, 8.625, 14.75 ],
			"faces": {
				"down": { "uv": [ 10, 0, 10.5, 0.5 ], "texture": "#texture" },
				"up": { "uv": [ 10, 0, 10.5, 0.5 ], "texture": "#texture" },
				"north": { "uv": [ 10, 0, 10.5, 0.5 ], "texture": "#texture" },
				"south": { "uv": [ 10, 0, 10.5, 0.5 ], "texture": "#texture" },
				"west": { "uv": [ 10, 0, 10.5, 0.5 ], "texture": "#texture" },
				"east": { "uv": [ 10, 0, 10.5, 0.5 ], "texture": "#texture" }
			}
		},
		{
			"__comment": "Box1",
			"from": [ -4, 4, 13 ],
			"to": [ 0, 4.5, 13.5 ],
			"faces": {
				"down": { "uv": [ 0, 0, 0.5, 0.5 ], "texture": "#texture", "rotation": 270 },
				"up": { "uv": [ 0, 0, 0.5, 0.5 ], "texture": "#texture", "rotation": 270 },
				"north": { "uv": [ 0, 0, 0.5, 0.5 ], "texture": "#texture", "rotation": 270 },
				"south": { "uv": [ 0, 0, 0.5, 0.5 ], "texture": "#texture", "rotation": 270 },
				"west": { "uv": [ 0, 0, 0.5, 0.5 ], "texture": "#texture", "rotation": 270 },
				"east": { "uv": [ 0, 0, 0.5, 0.5 ], "texture": "#texture", "rotation": 270 }
			}
		},
		{
			"__comment": "Box1",
			"from": [ -4, 4, 13 ],
			"to": [ -3.5, 6, 13.5 ],
			"rotation": { "origin": [ -4, 4, 13 ], "axis": "z", "angle": 45 },
			"faces": {
				"down": { "uv": [ 0, 0, 0.5, 0.5 ], "texture": "#texture", "rotation": 270 },
				"up": { "uv": [ 0, 0, 0.5, 0.5 ], "texture": "#texture", "rotation": 270 },
				"north": { "uv": [ 0, 0, 0.5, 0.5 ], "texture": "#texture", "rotation": 270 },
				"south": { "uv": [ 0, 0, 0.5, 0.5 ], "texture": "#texture", "rotation": 270 },
				"west": { "uv": [ 0, 0, 0.5, 0.5 ], "texture": "#texture", "rotation": 270 },
				"east": { "uv": [ 0, 0, 0.5, 0.5 ], "texture": "#texture", "rotation": 270 }
			}
		},
		{
			"__comment": "Box1",
			"from": [ 12.75, 11.25, 12.5 ],
			"to": [ 14.75, 12.25, 13.5 ],
			"rotation": { "origin": [ 12.75, 11.25, 12.5 ], "axis": "z", "angle": -45 },
			"faces": {
				"down": { "uv": [ 5, 0, 5.5, 0.5 ], "texture": "#texture" },
				"up": { "uv": [ 5, 0, 5.5, 0.5 ], "texture": "#texture" },
				"north": { "uv": [ 5, 0, 5.5, 0.5 ], "texture": "#texture" },
				"south": { "uv": [ 5, 0, 5.5, 0.5 ], "texture": "#texture" },
				"west": { "uv": [ 5, 0, 5.5, 0.5 ], "texture": "#texture" },
				"east": { "uv": [ 5, 0, 5.5, 0.5 ], "texture": "#texture" }
			}
		},
		{
			"__comment": "Box1",
			"from": [ -12.5, 5.875, 11.875 ],
			"to": [ -10, 8.125, 14.125 ],
			"faces": {
				"down": { "uv": [ 5, 0, 5.5, 0.5 ], "texture": "#texture", "rotation": 180 },
				"up": { "uv": [ 5, 0, 5.5, 0.5 ], "texture": "#texture", "rotation": 180 },
				"north": { "uv": [ 5.5, 0.5, 5, 0 ], "texture": "#texture" },
				"south": { "uv": [ 5.5, 0.5, 5, 0 ], "texture": "#texture" },
				"west": { "uv": [ 5, 0, 5.5, 0.5 ], "texture": "#texture", "rotation": 180 },
				"east": { "uv": [ 5, 0, 5.5, 0.5 ], "texture": "#texture", "rotation": 180 }
			}
		},
		{
			"__comment": "Box1",
			"from": [ -13.875, 5.375, 12.875 ],
			"to": [ -12.75, 6.875, 13.125 ],
			"faces": {
				"down": { "uv": [ 5, 0, 5.5, 0.5 ], "texture": "#texture", "rotation": 180 },
				"up": { "uv": [ 5, 0, 5.5, 0.5 ], "texture": "#texture", "rotation": 180 },
				"north": { "uv": [ 5.5, 0.5, 5, 0 ], "texture": "#texture" },
				"south": { "uv": [ 5.5, 0.5, 5, 0 ], "texture": "#texture" },
				"west": { "uv": [ 5, 0, 5.5, 0.5 ], "texture": "#texture", "rotation": 180 },
				"east": { "uv": [ 5, 0, 5.5, 0.5 ], "texture": "#texture", "rotation": 180 }
			}
		},
		{
			"__comment": "Box1",
			"from": [ -13.875, 5.375, 12.875 ],
			"to": [ -12.25, 6.375, 13.125 ],
			"rotation": { "origin": [ -13.875, 5.375, 12.875 ], "axis": "z", "angle": -22.5 },
			"faces": {
				"down": { "uv": [ 5, 0, 5.5, 0.5 ], "texture": "#texture", "rotation": 180 },
				"up": { "uv": [ 5, 0, 5.5, 0.5 ], "texture": "#texture", "rotation": 180 },
				"north": { "uv": [ 5.5, 0.5, 5, 0 ], "texture": "#texture" },
				"south": { "uv": [ 5.5, 0.5, 5, 0 ], "texture": "#texture" },
				"west": { "uv": [ 5, 0, 5.5, 0.5 ], "texture": "#texture", "rotation": 180 },
				"east": { "uv": [ 5, 0, 5.5, 0.5 ], "texture": "#texture", "rotation": 180 }
			}
		},
		{
			"__comment": "Box1",
			"from": [ -12.375, 4.75, 12.875 ],
			"to": [ -10.25, 5.75, 13.125 ],
			"faces": {
				"down": { "uv": [ 5, 0, 5.5, 0.5 ], "texture": "#texture", "rotation": 180 },
				"up": { "uv": [ 5, 0, 5.5, 0.5 ], "texture": "#texture", "rotation": 180 },
				"north": { "uv": [ 5.5, 0.5, 5, 0 ], "texture": "#texture" },
				"south": { "uv": [ 5.5, 0.5, 5, 0 ], "texture": "#texture" },
				"west": { "uv": [ 5, 0, 5.5, 0.5 ], "texture": "#texture", "rotation": 180 },
				"east": { "uv": [ 5, 0, 5.5, 0.5 ], "texture": "#texture", "rotation": 180 }
			}
		},
		{
			"__comment": "Box1",
			"from": [ -11.2317, 4.8308, 12.875 ],
			"to": [ -10.2317, 7.3308, 13.125 ],
			"rotation": { "origin": [ -10.25, 4.875, 12.875 ], "axis": "z", "angle": -45 },
			"faces": {
				"down": { "uv": [ 5.5, 0.5, 5, 0 ], "texture": "#texture", "rotation": 270 },
				"up": { "uv": [ 5, 0, 5.5, 0.5 ], "texture": "#texture", "rotation": 90 },
				"north": { "uv": [ 5, 0, 5.5, 0.5 ], "texture": "#texture", "rotation": 270 },
				"south": { "uv": [ 5, 0, 5.5, 0.5 ], "texture": "#texture", "rotation": 90 },
				"west": { "uv": [ 5.5, 0.5, 5, 0 ], "texture": "#texture", "rotation": 270 },
				"east": { "uv": [ 5, 0, 5.5, 0.5 ], "texture": "#texture", "rotation": 90 }
			}
		},
		{
			"__comment": "Box1",
			"from": [ -10.5, 8, 12.75 ],
			"to": [ -9.5, 8.375, 13.25 ],
			"faces": {
				"down": { "uv": [ 0, 0, 0.5, 0.5 ], "texture": "#texture", "rotation": 270 },
				"up": { "uv": [ 0, 0, 0.5, 0.5 ], "texture": "#texture", "rotation": 270 },
				"north": { "uv": [ 0, 0, 0.5, 0.5 ], "texture": "#texture", "rotation": 270 },
				"south": { "uv": [ 0, 0, 0.5, 0.5 ], "texture": "#texture", "rotation": 270 },
				"west": { "uv": [ 0, 0, 0.5, 0.5 ], "texture": "#texture", "rotation": 270 },
				"east": { "uv": [ 0, 0, 0.5, 0.5 ], "texture": "#texture", "rotation": 270 }
			}
		},
		{
			"__comment": "Box1",
			"from": [ 2.625, 3.125, 10.875 ],
			"to": [ 2.875, 3.375, 15.125 ],
			"rotation": { "origin": [ 2.625, 3.125, 10.875 ], "axis": "z", "angle": 22.5 },
			"faces": {
				"down": { "uv": [ 0, 0, 0.5, 0.5 ], "texture": "#texture", "rotation": 270 },
				"up": { "uv": [ 0, 0, 0.5, 0.5 ], "texture": "#texture", "rotation": 270 },
				"north": { "uv": [ 0, 0, 0.5, 0.5 ], "texture": "#texture", "rotation": 270 },
				"south": { "uv": [ 0, 0, 0.5, 0.5 ], "texture": "#texture", "rotation": 270 },
				"west": { "uv": [ 0, 0, 0.5, 0.5 ], "texture": "#texture", "rotation": 270 },
				"east": { "uv": [ 0, 0, 0.5, 0.5 ], "texture": "#texture", "rotation": 270 }
			}
		},
		{
			"__comment": "Box1",
			"from": [ 6, 4.75, 10.875 ],
			"to": [ 6.5, 5.25, 15.125 ],
			"rotation": { "origin": [ 6, 4.75, 10.875 ], "axis": "z", "angle": 22.5 },
			"faces": {
				"down": { "uv": [ 0, 0, 0.5, 0.5 ], "texture": "#texture", "rotation": 270 },
				"up": { "uv": [ 0, 0, 0.5, 0.5 ], "texture": "#texture", "rotation": 270 },
				"north": { "uv": [ 0, 0, 0.5, 0.5 ], "texture": "#texture", "rotation": 270 },
				"south": { "uv": [ 0, 0, 0.5, 0.5 ], "texture": "#texture", "rotation": 270 },
				"west": { "uv": [ 0, 0, 0.5, 0.5 ], "texture": "#texture", "rotation": 270 },
				"east": { "uv": [ 0, 0, 0.5, 0.5 ], "texture": "#texture", "rotation": 270 }
			}
		},
		{
			"__comment": "Box1",
			"from": [ 10.25, 3.75, 10.875 ],
			"to": [ 10.5, 4, 15.125 ],
			"rotation": { "origin": [ 10.25, 3.75, 10.875 ], "axis": "z", "angle": 22.5 },
			"faces": {
				"down": { "uv": [ 0, 0, 0.5, 0.5 ], "texture": "#texture", "rotation": 270 },
				"up": { "uv": [ 0, 0, 0.5, 0.5 ], "texture": "#texture", "rotation": 270 },
				"north": { "uv": [ 0, 0, 0.5, 0.5 ], "texture": "#texture", "rotation": 270 },
				"south": { "uv": [ 0, 0, 0.5, 0.5 ], "texture": "#texture", "rotation": 270 },
				"west": { "uv": [ 0, 0, 0.5, 0.5 ], "texture": "#texture", "rotation": 270 },
				"east": { "uv": [ 0, 0, 0.5, 0.5 ], "texture": "#texture", "rotation": 270 }
			}
		},
		{
			"__comment": "Box1",
			"from": [ 14.375, 6.625, 10.875 ],
			"to": [ 14.875, 7.125, 15.125 ],
			"rotation": { "origin": [ 14.375, 6.625, 10.875 ], "axis": "z", "angle": 0 },
			"faces": {
				"down": { "uv": [ 0, 0, 0.5, 0.5 ], "texture": "#texture", "rotation": 270 },
				"up": { "uv": [ 0, 0, 0.5, 0.5 ], "texture": "#texture", "rotation": 270 },
				"north": { "uv": [ 0, 0, 0.5, 0.5 ], "texture": "#texture", "rotation": 270 },
				"south": { "uv": [ 0, 0, 0.5, 0.5 ], "texture": "#texture", "rotation": 270 },
				"west": { "uv": [ 0, 0, 0.5, 0.5 ], "texture": "#texture", "rotation": 270 },
				"east": { "uv": [ 0, 0, 0.5, 0.5 ], "texture": "#texture", "rotation": 270 }
			}
		},
		{
			"__comment": "Box1",
			"from": [ 18.125, 9.125, 12.375 ],
			"to": [ 18.375, 9.375, 13.625 ],
			"faces": {
				"down": { "uv": [ 0, 0, 0.5, 0.5 ], "texture": "#texture", "rotation": 270 },
				"up": { "uv": [ 0, 0, 0.5, 0.5 ], "texture": "#texture", "rotation": 270 },
				"north": { "uv": [ 0, 0, 0.5, 0.5 ], "texture": "#texture", "rotation": 270 },
				"south": { "uv": [ 0, 0, 0.5, 0.5 ], "texture": "#texture", "rotation": 270 },
				"west": { "uv": [ 0, 0, 0.5, 0.5 ], "texture": "#texture", "rotation": 270 },
				"east": { "uv": [ 0, 0, 0.5, 0.5 ], "texture": "#texture", "rotation": 270 }
			}
		},
		{
			"__comment": "Box1",
			"from": [ 21.625, 9.125, 12.375 ],
			"to": [ 21.875, 9.375, 13.625 ],
			"faces": {
				"down": { "uv": [ 0, 0, 0.5, 0.5 ], "texture": "#texture", "rotation": 270 },
				"up": { "uv": [ 0, 0, 0.5, 0.5 ], "texture": "#texture", "rotation": 270 },
				"north": { "uv": [ 0, 0, 0.5, 0.5 ], "texture": "#texture", "rotation": 270 },
				"south": { "uv": [ 0, 0, 0.5, 0.5 ], "texture": "#texture", "rotation": 270 },
				"west": { "uv": [ 0, 0, 0.5, 0.5 ], "texture": "#texture", "rotation": 270 },
				"east": { "uv": [ 0, 0, 0.5, 0.5 ], "texture": "#texture", "rotation": 270 }
			}
		},
		{
			"__comment": "Box1",
			"from": [ -10.625, 5.125, 12.75 ],
			"to": [ -10.375, 5.375, 13.25 ],
			"faces": {
				"down": { "uv": [ 0, 0, 0.5, 0.5 ], "texture": "#texture", "rotation": 270 },
				"up": { "uv": [ 0, 0, 0.5, 0.5 ], "texture": "#texture", "rotation": 270 },
				"north": { "uv": [ 0, 0, 0.5, 0.5 ], "texture": "#texture", "rotation": 270 },
				"south": { "uv": [ 0, 0, 0.5, 0.5 ], "texture": "#texture", "rotation": 270 },
				"west": { "uv": [ 0, 0, 0.5, 0.5 ], "texture": "#texture", "rotation": 270 },
				"east": { "uv": [ 0, 0, 0.5, 0.5 ], "texture": "#texture", "rotation": 270 }
			}
		}
	],
	"display": {
		"thirdperson_righthand": {
			"rotation":  [ 4, -90, -5 ],
			"translation":  [ 2.7826, 2.7826, 0.0016 ],
			"scale":  [ 0.55, 0.55, 0.55 ]
		},
		"thirdperson_lefthand": {
			"rotation":  [ 4, 90, -5 ],
			"translation":  [ -2.782, 2.7826, 0.0016 ],
			"scale":  [ 0.55, 0.55, 0.55 ]
		},
		"firstperson_righthand": {
			"rotation":  [ 33, -87, 26 ],
			"translation":  [ 4.1739, 0.6956, -11.12 ],
			"scale":  [ 0.7, 0.7, 0.7 ]
		},
		"firstperson_lefthand": {
			"rotation":  [ 33, -87, 26 ],
			"translation":  [ 4.1739, 0.6956, -11.12 ],
			"scale":  [ 0.7, 0.7, 0.7 ]
		},
		"gui": {
			"rotation":  [ 2, -39, 2 ],
			"translation":  [ 2.7826, 1.3913, 11.13 ],
			"scale":  [ 0.6, 0.6, 0.6 ]
		},
		"ground": {
			"translation":  [ 0, 2.7826, 0 ],
			"scale":  [ 0.4, 0.4, 0.4 ]
		}
	}
}