{
	"__comment": "Designed by Mcmakistein with Cubik Studio - https://cubik.studio",
	"textures": {
		"particle": "custom/1",
		"texture": "custom/1",
		"texture1": "custom/skin1"
	},
	"elements": [ 	 
		{
			"__comment": "Box10",
			"from": [ 26.5, 5, 3 ],
			"to": [ 31, 9, 9 ],
			"faces": {
				"down": { "uv": [ 1, 0, 1.5, 0.5 ], "texture": "#texture" },
				"up": { "uv": [ 1, 0, 1.5, 0.5 ], "texture": "#texture" },
				"north": { "uv": [ 1, 0, 1.5, 0.5 ], "texture": "#texture" },
				"south": { "uv": [ 1, 0, 1.5, 0.5 ], "texture": "#texture" },
				"west": { "uv": [ 1, 0, 1.5, 0.5 ], "texture": "#texture" },
				"east": { "uv": [ 1, 0, 1.5, 0.5 ], "texture": "#texture" }
			}
		},
		{
			"__comment": "Box10",
			"from": [ -15, 6, 5 ],
			"to": [ 26.5, 8, 8 ],
			"faces": {
				"down": { "uv": [ 2, 0, 2.5, 0.5 ], "texture": "#texture" },
				"up": { "uv": [ 2, 0, 2.5, 0.5 ], "texture": "#texture" },
				"north": { "uv": [ 2, 0, 2.5, 0.5 ], "texture": "#texture" },
				"south": { "uv": [ 2, 0, 2.5, 0.5 ], "texture": "#texture" },
				"west": { "uv": [ 2, 0, 2.5, 0.5 ], "texture": "#texture" },
				"east": { "uv": [ 2, 0, 2.5, 0.5 ], "texture": "#texture" }
			}
		},
		{
			"__comment": "Box10",
			"from": [ -15, 5.5, 5.5 ],
			"to": [ 26.5, 8.5, 7.5 ],
			"faces": {
				"down": { "uv": [ 2, 0, 2.5, 0.5 ], "texture": "#texture" },
				"up": { "uv": [ 2, 0, 2.5, 0.5 ], "texture": "#texture" },
				"north": { "uv": [ 2, 0, 2.5, 0.5 ], "texture": "#texture" },
				"south": { "uv": [ 2, 0, 2.5, 0.5 ], "texture": "#texture" },
				"west": { "uv": [ 2, 0, 2.5, 0.5 ], "texture": "#texture" },
				"east": { "uv": [ 2, 0, 2.5, 0.5 ], "texture": "#texture" }
			}
		},
		{
			"__comment": "Box10",
			"from": [ -15.5, 6, 5.5 ],
			"to": [ -15, 8, 7.5 ],
			"faces": {
				"down": { "uv": [ 2, 0, 2.5, 0.5 ], "texture": "#texture" },
				"up": { "uv": [ 2, 0, 2.5, 0.5 ], "texture": "#texture" },
				"north": { "uv": [ 2, 0, 2.5, 0.5 ], "texture": "#texture" },
				"south": { "uv": [ 2, 0, 2.5, 0.5 ], "texture": "#texture" },
				"west": { "uv": [ 2, 0, 2.5, 0.5 ], "texture": "#texture" },
				"east": { "uv": [ 2, 0, 2.5, 0.5 ], "texture": "#texture" }
			}
		},
		{
			"__comment": "Box10",
			"from": [ 31, 6, 5.5 ],
			"to": [ 31.5, 8, 7.5 ],
			"faces": {
				"down": { "uv": [ 2, 0, 2.5, 0.5 ], "texture": "#texture" },
				"up": { "uv": [ 2, 0, 2.5, 0.5 ], "texture": "#texture" },
				"north": { "uv": [ 2, 0, 2.5, 0.5 ], "texture": "#texture" },
				"south": { "uv": [ 2, 0, 2.5, 0.5 ], "texture": "#texture" },
				"west": { "uv": [ 2, 0, 2.5, 0.5 ], "texture": "#texture" },
				"east": { "uv": [ 2, 0, 2.5, 0.5 ], "texture": "#texture" }
			}
		},
		{
			"__comment": "Box10",
			"from": [ 27, 5.5, 0 ],
			"to": [ 30.5, 8.5, 3 ],
			"faces": {
				"down": { "uv": [ 1, 0, 1.5, 0.5 ], "texture": "#texture" },
				"up": { "uv": [ 1, 0, 1.5, 0.5 ], "texture": "#texture" },
				"north": { "uv": [ 1, 0, 1.5, 0.5 ], "texture": "#texture" },
				"south": { "uv": [ 1, 0, 1.5, 0.5 ], "texture": "#texture" },
				"west": { "uv": [ 1, 0, 1.5, 0.5 ], "texture": "#texture" },
				"east": { "uv": [ 1, 0, 1.5, 0.5 ], "texture": "#texture" }
			}
		},
		{
			"__comment": "Box10",
			"from": [ 28, 6, -1 ],
			"to": [ 29, 8, 0 ],
			"faces": {
				"down": { "uv": [ 1, 0, 1.5, 0.5 ], "texture": "#texture" },
				"up": { "uv": [ 1, 0, 1.5, 0.5 ], "texture": "#texture" },
				"north": { "uv": [ 1, 0, 1.5, 0.5 ], "texture": "#texture" },
				"south": { "uv": [ 1, 0, 1.5, 0.5 ], "texture": "#texture" },
				"west": { "uv": [ 1, 0, 1.5, 0.5 ], "texture": "#texture" },
				"east": { "uv": [ 1, 0, 1.5, 0.5 ], "texture": "#texture" }
			}
		}
	],
	"display": {
		"head": {
			"rotation":  [ 90, 90, 86 ],
			"translation":  [ 3.4788, -36.81, -34.77 ],
			"scale":  [ 1.6, 1.4, 1.4 ]
		}
	}
}