{
	"__comment": "Designed by Mcmakistein with Cubik Studio - https://cubik.studio",
	"textures": {
		"particle": "custom/1",
		"texture": "custom/1"
	},
	"elements": [ 	 
		{
			"__comment": "Box1",
			"from": [ 7, -1, 7 ],
			"to": [ 9, 19, 9 ],
			"faces": {
				"down": { "uv": [ 0, 2, 0.5, 2.5 ], "texture": "#texture" },
				"up": { "uv": [ 0, 2, 0.5, 2.5 ], "texture": "#texture" },
				"north": { "uv": [ 0, 2, 0.5, 2.5 ], "texture": "#texture" },
				"south": { "uv": [ 0, 2, 0.5, 2.5 ], "texture": "#texture" },
				"west": { "uv": [ 0, 2, 0.5, 2.5 ], "texture": "#texture" },
				"east": { "uv": [ 0, 2, 0.5, 2.5 ], "texture": "#texture" }
			}
		},
		{
			"__comment": "Box1",
			"from": [ 4, -3, 4 ],
			"to": [ 12, -1, 12 ],
			"faces": {
				"down": { "uv": [ 0, 2, 0.5, 2.5 ], "texture": "#texture" },
				"up": { "uv": [ 0, 2, 0.5, 2.5 ], "texture": "#texture" },
				"north": { "uv": [ 0, 2, 0.5, 2.5 ], "texture": "#texture" },
				"south": { "uv": [ 0, 2, 0.5, 2.5 ], "texture": "#texture" },
				"west": { "uv": [ 0, 2, 0.5, 2.5 ], "texture": "#texture" },
				"east": { "uv": [ 0, 2, 0.5, 2.5 ], "texture": "#texture" }
			}
		},
		{
			"__comment": "Box1",
			"from": [ 9, -2.5, 5.5 ],
			"to": [ 13, 0, 10.5 ],
			"faces": {
				"down": { "uv": [ 1, 2, 1.5, 2.5 ], "texture": "#texture" },
				"up": { "uv": [ 1, 2, 1.5, 2.5 ], "texture": "#texture" },
				"north": { "uv": [ 1, 2, 1.5, 2.5 ], "texture": "#texture" },
				"south": { "uv": [ 1, 2, 1.5, 2.5 ], "texture": "#texture" },
				"west": { "uv": [ 1, 2, 1.5, 2.5 ], "texture": "#texture" },
				"east": { "uv": [ 1, 2, 1.5, 2.5 ], "texture": "#texture" }
			}
		},
		{
			"__comment": "Box1",
			"from": [ 3, -6.5, 5.5 ],
			"to": [ 13, -4.5, 10.5 ],
			"faces": {
				"down": { "uv": [ 1, 2, 1.5, 2.5 ], "texture": "#texture" },
				"up": { "uv": [ 1, 2, 1.5, 2.5 ], "texture": "#texture" },
				"north": { "uv": [ 1, 2, 1.5, 2.5 ], "texture": "#texture" },
				"south": { "uv": [ 1, 2, 1.5, 2.5 ], "texture": "#texture" },
				"west": { "uv": [ 1, 2, 1.5, 2.5 ], "texture": "#texture" },
				"east": { "uv": [ 1, 2, 1.5, 2.5 ], "texture": "#texture" }
			}
		},
		{
			"__comment": "Box1",
			"from": [ 3, -4.5, 5.5 ],
			"to": [ 13, -2.5, 7 ],
			"faces": {
				"down": { "uv": [ 1, 2, 1.5, 2.5 ], "texture": "#texture" },
				"up": { "uv": [ 1, 2, 1.5, 2.5 ], "texture": "#texture" },
				"north": { "uv": [ 1, 2, 1.5, 2.5 ], "texture": "#texture" },
				"south": { "uv": [ 1, 2, 1.5, 2.5 ], "texture": "#texture" },
				"west": { "uv": [ 1, 2, 1.5, 2.5 ], "texture": "#texture" },
				"east": { "uv": [ 1, 2, 1.5, 2.5 ], "texture": "#texture" }
			}
		},
		{
			"__comment": "Box1",
			"from": [ 3, -4.5, 9 ],
			"to": [ 13, -2.5, 10.5 ],
			"faces": {
				"down": { "uv": [ 1, 2, 1.5, 2.5 ], "texture": "#texture" },
				"up": { "uv": [ 1, 2, 1.5, 2.5 ], "texture": "#texture" },
				"north": { "uv": [ 1, 2, 1.5, 2.5 ], "texture": "#texture" },
				"south": { "uv": [ 1, 2, 1.5, 2.5 ], "texture": "#texture" },
				"west": { "uv": [ 1, 2, 1.5, 2.5 ], "texture": "#texture" },
				"east": { "uv": [ 1, 2, 1.5, 2.5 ], "texture": "#texture" }
			}
		},
		{
			"__comment": "Box1",
			"from": [ 3.25, -4.5, 7 ],
			"to": [ 12.75, -2.5, 9 ],
			"faces": {
				"down": { "uv": [ 2, 2, 2.5, 2.5 ], "texture": "#texture" },
				"up": { "uv": [ 2, 2, 2.5, 2.5 ], "texture": "#texture" },
				"north": { "uv": [ 2, 2, 2.5, 2.5 ], "texture": "#texture" },
				"south": { "uv": [ 2, 2, 2.5, 2.5 ], "texture": "#texture" },
				"west": { "uv": [ 2, 2, 2.5, 2.5 ], "texture": "#texture" },
				"east": { "uv": [ 2, 2, 2.5, 2.5 ], "texture": "#texture" }
			}
		},
		{
			"__comment": "Box1",
			"from": [ 3, -2.5, 5.5 ],
			"to": [ 7, 0, 10.5 ],
			"faces": {
				"down": { "uv": [ 1, 2, 1.5, 2.5 ], "texture": "#texture" },
				"up": { "uv": [ 1, 2, 1.5, 2.5 ], "texture": "#texture" },
				"north": { "uv": [ 1, 2, 1.5, 2.5 ], "texture": "#texture" },
				"south": { "uv": [ 1, 2, 1.5, 2.5 ], "texture": "#texture" },
				"west": { "uv": [ 1, 2, 1.5, 2.5 ], "texture": "#texture" },
				"east": { "uv": [ 1, 2, 1.5, 2.5 ], "texture": "#texture" }
			}
		},
		{
			"__comment": "Box1",
			"from": [ 4, -6.5, 4 ],
			"to": [ 12, -4.5, 12 ],
			"faces": {
				"down": { "uv": [ 0, 2, 0.5, 2.5 ], "texture": "#texture" },
				"up": { "uv": [ 0, 2, 0.5, 2.5 ], "texture": "#texture" },
				"north": { "uv": [ 0, 2, 0.5, 2.5 ], "texture": "#texture" },
				"south": { "uv": [ 0, 2, 0.5, 2.5 ], "texture": "#texture" },
				"west": { "uv": [ 0, 2, 0.5, 2.5 ], "texture": "#texture" },
				"east": { "uv": [ 0, 2, 0.5, 2.5 ], "texture": "#texture" }
			}
		},
		{
			"__comment": "Box1",
			"from": [ 4, -5, 5 ],
			"to": [ 12, -3, 11 ],
			"faces": {
				"down": { "uv": [ 0, 2, 0.5, 2.5 ], "texture": "#texture" },
				"up": { "uv": [ 0, 2, 0.5, 2.5 ], "texture": "#texture" },
				"north": { "uv": [ 0, 2, 0.5, 2.5 ], "texture": "#texture" },
				"south": { "uv": [ 0, 2, 0.5, 2.5 ], "texture": "#texture" },
				"west": { "uv": [ 0, 2, 0.5, 2.5 ], "texture": "#texture" },
				"east": { "uv": [ 0, 2, 0.5, 2.5 ], "texture": "#texture" }
			}
		},
		{
			"__comment": "Box1",
			"from": [ 5, -5, 4 ],
			"to": [ 11, -3, 12 ],
			"faces": {
				"down": { "uv": [ 0, 2, 0.5, 2.5 ], "texture": "#texture" },
				"up": { "uv": [ 0, 2, 0.5, 2.5 ], "texture": "#texture" },
				"north": { "uv": [ 0, 2, 0.5, 2.5 ], "texture": "#texture" },
				"south": { "uv": [ 0, 2, 0.5, 2.5 ], "texture": "#texture" },
				"west": { "uv": [ 0, 2, 0.5, 2.5 ], "texture": "#texture" },
				"east": { "uv": [ 0, 2, 0.5, 2.5 ], "texture": "#texture" }
			}
		},
		{
			"__comment": "Box1",
			"from": [ 4.125, -4.5, 4.125 ],
			"to": [ 11.875, -3, 5.625 ],
			"faces": {
				"down": { "uv": [ 1, 2, 1.5, 2.5 ], "texture": "#texture" },
				"up": { "uv": [ 1, 2, 1.5, 2.5 ], "texture": "#texture" },
				"north": { "uv": [ 1, 2, 1.5, 2.5 ], "texture": "#texture" },
				"south": { "uv": [ 1, 2, 1.5, 2.5 ], "texture": "#texture" },
				"west": { "uv": [ 1, 2, 1.5, 2.5 ], "texture": "#texture" },
				"east": { "uv": [ 1, 2, 1.5, 2.5 ], "texture": "#texture" }
			}
		},
		{
			"__comment": "Box1",
			"from": [ 4.125, -4.5, 10.375 ],
			"to": [ 11.875, -3, 11.875 ],
			"faces": {
				"down": { "uv": [ 1, 2, 1.5, 2.5 ], "texture": "#texture" },
				"up": { "uv": [ 1, 2, 1.5, 2.5 ], "texture": "#texture" },
				"north": { "uv": [ 1, 2, 1.5, 2.5 ], "texture": "#texture" },
				"south": { "uv": [ 1, 2, 1.5, 2.5 ], "texture": "#texture" },
				"west": { "uv": [ 1, 2, 1.5, 2.5 ], "texture": "#texture" },
				"east": { "uv": [ 1, 2, 1.5, 2.5 ], "texture": "#texture" }
			}
		},
		{
			"__comment": "Box1",
			"from": [ 5.5, -2.5, 3 ],
			"to": [ 10.5, 0, 7 ],
			"faces": {
				"down": { "uv": [ 1, 2, 1.5, 2.5 ], "texture": "#texture", "rotation": 270 },
				"up": { "uv": [ 1, 2, 1.5, 2.5 ], "texture": "#texture", "rotation": 90 },
				"north": { "uv": [ 1, 2, 1.5, 2.5 ], "texture": "#texture" },
				"south": { "uv": [ 1, 2, 1.5, 2.5 ], "texture": "#texture" },
				"west": { "uv": [ 1, 2, 1.5, 2.5 ], "texture": "#texture" },
				"east": { "uv": [ 1, 2, 1.5, 2.5 ], "texture": "#texture" }
			}
		},
		{
			"__comment": "Box1",
			"from": [ 5.5, -4.5, 3 ],
			"to": [ 7, -2.5, 13 ],
			"faces": {
				"down": { "uv": [ 1, 2, 1.5, 2.5 ], "texture": "#texture", "rotation": 270 },
				"up": { "uv": [ 1, 2, 1.5, 2.5 ], "texture": "#texture", "rotation": 90 },
				"north": { "uv": [ 1, 2, 1.5, 2.5 ], "texture": "#texture" },
				"south": { "uv": [ 1, 2, 1.5, 2.5 ], "texture": "#texture" },
				"west": { "uv": [ 1, 2, 1.5, 2.5 ], "texture": "#texture" },
				"east": { "uv": [ 1, 2, 1.5, 2.5 ], "texture": "#texture" }
			}
		},
		{
			"__comment": "Box1",
			"from": [ 9, -4.5, 3 ],
			"to": [ 10.5, -2.5, 13 ],
			"faces": {
				"down": { "uv": [ 1, 2, 1.5, 2.5 ], "texture": "#texture", "rotation": 270 },
				"up": { "uv": [ 1, 2, 1.5, 2.5 ], "texture": "#texture", "rotation": 90 },
				"north": { "uv": [ 1, 2, 1.5, 2.5 ], "texture": "#texture" },
				"south": { "uv": [ 1, 2, 1.5, 2.5 ], "texture": "#texture" },
				"west": { "uv": [ 1, 2, 1.5, 2.5 ], "texture": "#texture" },
				"east": { "uv": [ 1, 2, 1.5, 2.5 ], "texture": "#texture" }
			}
		},
		{
			"__comment": "Box1",
			"from": [ 7, -4.5, 3.25 ],
			"to": [ 9, -2.5, 12.75 ],
			"faces": {
				"down": { "uv": [ 2, 2, 2.5, 2.5 ], "texture": "#texture", "rotation": 270 },
				"up": { "uv": [ 2, 2, 2.5, 2.5 ], "texture": "#texture", "rotation": 90 },
				"north": { "uv": [ 2, 2, 2.5, 2.5 ], "texture": "#texture" },
				"south": { "uv": [ 2, 2, 2.5, 2.5 ], "texture": "#texture" },
				"west": { "uv": [ 2, 2, 2.5, 2.5 ], "texture": "#texture" },
				"east": { "uv": [ 2, 2, 2.5, 2.5 ], "texture": "#texture" }
			}
		},
		{
			"__comment": "Box1",
			"from": [ 5.5, -6.5, 3 ],
			"to": [ 10.5, -4.5, 13 ],
			"faces": {
				"down": { "uv": [ 1, 2, 1.5, 2.5 ], "texture": "#texture", "rotation": 270 },
				"up": { "uv": [ 1, 2, 1.5, 2.5 ], "texture": "#texture", "rotation": 90 },
				"north": { "uv": [ 1, 2, 1.5, 2.5 ], "texture": "#texture" },
				"south": { "uv": [ 1, 2, 1.5, 2.5 ], "texture": "#texture" },
				"west": { "uv": [ 1, 2, 1.5, 2.5 ], "texture": "#texture" },
				"east": { "uv": [ 1, 2, 1.5, 2.5 ], "texture": "#texture" }
			}
		},
		{
			"__comment": "Box1",
			"from": [ 5.5, -2.5, 9 ],
			"to": [ 10.5, 0, 13 ],
			"faces": {
				"down": { "uv": [ 1, 2, 1.5, 2.5 ], "texture": "#texture", "rotation": 270 },
				"up": { "uv": [ 1, 2, 1.5, 2.5 ], "texture": "#texture", "rotation": 90 },
				"north": { "uv": [ 1, 2, 1.5, 2.5 ], "texture": "#texture" },
				"south": { "uv": [ 1, 2, 1.5, 2.5 ], "texture": "#texture" },
				"west": { "uv": [ 1, 2, 1.5, 2.5 ], "texture": "#texture" },
				"east": { "uv": [ 1, 2, 1.5, 2.5 ], "texture": "#texture" }
			}
		},
		{
			"__comment": "Box1",
			"from": [ 5.5, -0.5, 6 ],
			"to": [ 10.5, 2.5, 10 ],
			"faces": {
				"down": { "uv": [ 2, 2, 2.5, 2.5 ], "texture": "#texture", "rotation": 270 },
				"up": { "uv": [ 2, 2, 2.5, 2.5 ], "texture": "#texture", "rotation": 90 },
				"north": { "uv": [ 2, 2, 2.5, 2.5 ], "texture": "#texture" },
				"south": { "uv": [ 2, 2, 2.5, 2.5 ], "texture": "#texture" },
				"west": { "uv": [ 2, 2, 2.5, 2.5 ], "texture": "#texture" },
				"east": { "uv": [ 2, 2, 2.5, 2.5 ], "texture": "#texture" }
			}
		},
		{
			"__comment": "Box1",
			"from": [ 6, -0.5, 5.5 ],
			"to": [ 10, 2.5, 10.5 ],
			"faces": {
				"down": { "uv": [ 2, 2, 2.5, 2.5 ], "texture": "#texture", "rotation": 270 },
				"up": { "uv": [ 2, 2, 2.5, 2.5 ], "texture": "#texture", "rotation": 90 },
				"north": { "uv": [ 2, 2, 2.5, 2.5 ], "texture": "#texture" },
				"south": { "uv": [ 2, 2, 2.5, 2.5 ], "texture": "#texture" },
				"west": { "uv": [ 2, 2, 2.5, 2.5 ], "texture": "#texture" },
				"east": { "uv": [ 2, 2, 2.5, 2.5 ], "texture": "#texture" }
			}
		},
		{
			"__comment": "Box1",
			"from": [ 6.5, 2.5, 6.5 ],
			"to": [ 9.5, 3, 9.5 ],
			"faces": {
				"down": { "uv": [ 2, 2, 2.5, 2.5 ], "texture": "#texture", "rotation": 270 },
				"up": { "uv": [ 2, 2, 2.5, 2.5 ], "texture": "#texture", "rotation": 90 },
				"north": { "uv": [ 2, 2, 2.5, 2.5 ], "texture": "#texture" },
				"south": { "uv": [ 2, 2, 2.5, 2.5 ], "texture": "#texture" },
				"west": { "uv": [ 2, 2, 2.5, 2.5 ], "texture": "#texture" },
				"east": { "uv": [ 2, 2, 2.5, 2.5 ], "texture": "#texture" }
			}
		},
		{
			"__comment": "Box1",
			"from": [ 10.25, 0.25, 7.375 ],
			"to": [ 11.375, 2, 8.625 ],
			"faces": {
				"down": { "uv": [ 0, 0, 0.5, 0.5 ], "texture": "#texture" },
				"up": { "uv": [ 0, 0, 0.5, 0.5 ], "texture": "#texture" },
				"north": { "uv": [ 0, 0, 0.5, 0.5 ], "texture": "#texture" },
				"south": { "uv": [ 0, 0, 0.5, 0.5 ], "texture": "#texture" },
				"west": { "uv": [ 0, 0, 0.5, 0.5 ], "texture": "#texture" },
				"east": { "uv": [ 0, 0, 0.5, 0.5 ], "texture": "#texture" }
			}
		},
		{
			"__comment": "Box1",
			"from": [ 10.25, 0.125, 7.25 ],
			"to": [ 11.25, 2.125, 8.75 ],
			"faces": {
				"down": { "uv": [ 0, 2, 0.5, 2.5 ], "texture": "#texture" },
				"up": { "uv": [ 0, 2, 0.5, 2.5 ], "texture": "#texture" },
				"north": { "uv": [ 0, 2, 0.5, 2.5 ], "texture": "#texture" },
				"south": { "uv": [ 0, 2, 0.5, 2.5 ], "texture": "#texture" },
				"west": { "uv": [ 0, 2, 0.5, 2.5 ], "texture": "#texture" },
				"east": { "uv": [ 0, 2, 0.5, 2.5 ], "texture": "#texture" }
			}
		},
		{
			"__comment": "Box1",
			"from": [ 9.75, 0.25, 5.625 ],
			"to": [ 10.875, 2, 6.875 ],
			"rotation": { "origin": [ 9.75, 2, 6.25 ], "axis": "y", "angle": 45 },
			"faces": {
				"down": { "uv": [ 0, 0, 0.5, 0.5 ], "texture": "#texture" },
				"up": { "uv": [ 0, 0, 0.5, 0.5 ], "texture": "#texture" },
				"north": { "uv": [ 0, 0, 0.5, 0.5 ], "texture": "#texture" },
				"south": { "uv": [ 0, 0, 0.5, 0.5 ], "texture": "#texture" },
				"west": { "uv": [ 0, 0, 0.5, 0.5 ], "texture": "#texture" },
				"east": { "uv": [ 0, 0, 0.5, 0.5 ], "texture": "#texture" }
			}
		},
		{
			"__comment": "Box1",
			"from": [ 9.75, 0.125, 5.5 ],
			"to": [ 10.75, 2.125, 7 ],
			"rotation": { "origin": [ 9.75, 2, 6.25 ], "axis": "y", "angle": 45 },
			"faces": {
				"down": { "uv": [ 0, 2, 0.5, 2.5 ], "texture": "#texture" },
				"up": { "uv": [ 0, 2, 0.5, 2.5 ], "texture": "#texture" },
				"north": { "uv": [ 0, 2, 0.5, 2.5 ], "texture": "#texture" },
				"south": { "uv": [ 0, 2, 0.5, 2.5 ], "texture": "#texture" },
				"west": { "uv": [ 0, 2, 0.5, 2.5 ], "texture": "#texture" },
				"east": { "uv": [ 0, 2, 0.5, 2.5 ], "texture": "#texture" }
			}
		},
		{
			"__comment": "Box1",
			"from": [ 5.625, 0.25, 5.125 ],
			"to": [ 6.875, 2, 6.25 ],
			"rotation": { "origin": [ 6.25, 2, 6.25 ], "axis": "y", "angle": 45 },
			"faces": {
				"down": { "uv": [ 0, 0, 0.5, 0.5 ], "texture": "#texture", "rotation": 90 },
				"up": { "uv": [ 0, 0, 0.5, 0.5 ], "texture": "#texture", "rotation": 270 },
				"north": { "uv": [ 0, 0, 0.5, 0.5 ], "texture": "#texture" },
				"south": { "uv": [ 0, 0, 0.5, 0.5 ], "texture": "#texture" },
				"west": { "uv": [ 0, 0, 0.5, 0.5 ], "texture": "#texture" },
				"east": { "uv": [ 0, 0, 0.5, 0.5 ], "texture": "#texture" }
			}
		},
		{
			"__comment": "Box1",
			"from": [ 5.5, 0.125, 5.25 ],
			"to": [ 7, 2.125, 6.25 ],
			"rotation": { "origin": [ 6.25, 2, 6.25 ], "axis": "y", "angle": 45 },
			"faces": {
				"down": { "uv": [ 0, 2, 0.5, 2.5 ], "texture": "#texture", "rotation": 90 },
				"up": { "uv": [ 0, 2, 0.5, 2.5 ], "texture": "#texture", "rotation": 270 },
				"north": { "uv": [ 0, 2, 0.5, 2.5 ], "texture": "#texture" },
				"south": { "uv": [ 0, 2, 0.5, 2.5 ], "texture": "#texture" },
				"west": { "uv": [ 0, 2, 0.5, 2.5 ], "texture": "#texture" },
				"east": { "uv": [ 0, 2, 0.5, 2.5 ], "texture": "#texture" }
			}
		},
		{
			"__comment": "Box1",
			"from": [ 4.625, 0.25, 7.375 ],
			"to": [ 5.75, 2, 8.625 ],
			"faces": {
				"down": { "uv": [ 0, 0, 0.5, 0.5 ], "texture": "#texture", "rotation": 180 },
				"up": { "uv": [ 0, 0, 0.5, 0.5 ], "texture": "#texture", "rotation": 180 },
				"north": { "uv": [ 0, 0, 0.5, 0.5 ], "texture": "#texture" },
				"south": { "uv": [ 0, 0, 0.5, 0.5 ], "texture": "#texture" },
				"west": { "uv": [ 0, 0, 0.5, 0.5 ], "texture": "#texture" },
				"east": { "uv": [ 0, 0, 0.5, 0.5 ], "texture": "#texture" }
			}
		},
		{
			"__comment": "Box1",
			"from": [ 4.75, 0.125, 7.25 ],
			"to": [ 5.75, 2.125, 8.75 ],
			"faces": {
				"down": { "uv": [ 0, 2, 0.5, 2.5 ], "texture": "#texture", "rotation": 180 },
				"up": { "uv": [ 0, 2, 0.5, 2.5 ], "texture": "#texture", "rotation": 180 },
				"north": { "uv": [ 0, 2, 0.5, 2.5 ], "texture": "#texture" },
				"south": { "uv": [ 0, 2, 0.5, 2.5 ], "texture": "#texture" },
				"west": { "uv": [ 0, 2, 0.5, 2.5 ], "texture": "#texture" },
				"east": { "uv": [ 0, 2, 0.5, 2.5 ], "texture": "#texture" }
			}
		},
		{
			"__comment": "Box1",
			"from": [ 7.375, 0.25, 10.25 ],
			"to": [ 8.625, 2, 11.375 ],
			"faces": {
				"down": { "uv": [ 0, 0, 0.5, 0.5 ], "texture": "#texture", "rotation": 270 },
				"up": { "uv": [ 0, 0, 0.5, 0.5 ], "texture": "#texture", "rotation": 90 },
				"north": { "uv": [ 0, 0, 0.5, 0.5 ], "texture": "#texture" },
				"south": { "uv": [ 0, 0, 0.5, 0.5 ], "texture": "#texture" },
				"west": { "uv": [ 0, 0, 0.5, 0.5 ], "texture": "#texture" },
				"east": { "uv": [ 0, 0, 0.5, 0.5 ], "texture": "#texture" }
			}
		},
		{
			"__comment": "Box1",
			"from": [ 7.25, 0.125, 10.25 ],
			"to": [ 8.75, 2.125, 11.25 ],
			"faces": {
				"down": { "uv": [ 0, 2, 0.5, 2.5 ], "texture": "#texture", "rotation": 270 },
				"up": { "uv": [ 0, 2, 0.5, 2.5 ], "texture": "#texture", "rotation": 90 },
				"north": { "uv": [ 0, 2, 0.5, 2.5 ], "texture": "#texture" },
				"south": { "uv": [ 0, 2, 0.5, 2.5 ], "texture": "#texture" },
				"west": { "uv": [ 0, 2, 0.5, 2.5 ], "texture": "#texture" },
				"east": { "uv": [ 0, 2, 0.5, 2.5 ], "texture": "#texture" }
			}
		},
		{
			"__comment": "Box1",
			"from": [ 5.625, 0.25, 9.75 ],
			"to": [ 6.875, 2, 10.875 ],
			"rotation": { "origin": [ 6.25, 2, 9.75 ], "axis": "y", "angle": -45 },
			"faces": {
				"down": { "uv": [ 0, 0, 0.5, 0.5 ], "texture": "#texture", "rotation": 270 },
				"up": { "uv": [ 0, 0, 0.5, 0.5 ], "texture": "#texture", "rotation": 90 },
				"north": { "uv": [ 0, 0, 0.5, 0.5 ], "texture": "#texture" },
				"south": { "uv": [ 0, 0, 0.5, 0.5 ], "texture": "#texture" },
				"west": { "uv": [ 0, 0, 0.5, 0.5 ], "texture": "#texture" },
				"east": { "uv": [ 0, 0, 0.5, 0.5 ], "texture": "#texture" }
			}
		},
		{
			"__comment": "Box1",
			"from": [ 5.5, 0.125, 9.75 ],
			"to": [ 7, 2.125, 10.75 ],
			"rotation": { "origin": [ 6.25, 2, 9.75 ], "axis": "y", "angle": -45 },
			"faces": {
				"down": { "uv": [ 0, 2, 0.5, 2.5 ], "texture": "#texture", "rotation": 270 },
				"up": { "uv": [ 0, 2, 0.5, 2.5 ], "texture": "#texture", "rotation": 90 },
				"north": { "uv": [ 0, 2, 0.5, 2.5 ], "texture": "#texture" },
				"south": { "uv": [ 0, 2, 0.5, 2.5 ], "texture": "#texture" },
				"west": { "uv": [ 0, 2, 0.5, 2.5 ], "texture": "#texture" },
				"east": { "uv": [ 0, 2, 0.5, 2.5 ], "texture": "#texture" }
			}
		},
		{
			"__comment": "Box1",
			"from": [ 8.875, 0.125, 9.75 ],
			"to": [ 10.375, 2.125, 10.75 ],
			"rotation": { "origin": [ 9.625, 2, 9.75 ], "axis": "y", "angle": 45 },
			"faces": {
				"down": { "uv": [ 0, 2, 0.5, 2.5 ], "texture": "#texture", "rotation": 270 },
				"up": { "uv": [ 0, 2, 0.5, 2.5 ], "texture": "#texture", "rotation": 90 },
				"north": { "uv": [ 0, 2, 0.5, 2.5 ], "texture": "#texture" },
				"south": { "uv": [ 0, 2, 0.5, 2.5 ], "texture": "#texture" },
				"west": { "uv": [ 0, 2, 0.5, 2.5 ], "texture": "#texture" },
				"east": { "uv": [ 0, 2, 0.5, 2.5 ], "texture": "#texture" }
			}
		},
		{
			"__comment": "Box1",
			"from": [ 9, 0.25, 9.75 ],
			"to": [ 10.25, 2, 10.875 ],
			"rotation": { "origin": [ 9.625, 2, 9.75 ], "axis": "y", "angle": 45 },
			"faces": {
				"down": { "uv": [ 0, 0, 0.5, 0.5 ], "texture": "#texture", "rotation": 270 },
				"up": { "uv": [ 0, 0, 0.5, 0.5 ], "texture": "#texture", "rotation": 90 },
				"north": { "uv": [ 0, 0, 0.5, 0.5 ], "texture": "#texture" },
				"south": { "uv": [ 0, 0, 0.5, 0.5 ], "texture": "#texture" },
				"west": { "uv": [ 0, 0, 0.5, 0.5 ], "texture": "#texture" },
				"east": { "uv": [ 0, 0, 0.5, 0.5 ], "texture": "#texture" }
			}
		},
		{
			"__comment": "Box1",
			"from": [ 7.25, 0.125, 4.75 ],
			"to": [ 8.75, 2.125, 5.75 ],
			"faces": {
				"down": { "uv": [ 0, 2, 0.5, 2.5 ], "texture": "#texture", "rotation": 90 },
				"up": { "uv": [ 0, 2, 0.5, 2.5 ], "texture": "#texture", "rotation": 270 },
				"north": { "uv": [ 0, 2, 0.5, 2.5 ], "texture": "#texture" },
				"south": { "uv": [ 0, 2, 0.5, 2.5 ], "texture": "#texture" },
				"west": { "uv": [ 0, 2, 0.5, 2.5 ], "texture": "#texture" },
				"east": { "uv": [ 0, 2, 0.5, 2.5 ], "texture": "#texture" }
			}
		},
		{
			"__comment": "Box1",
			"from": [ 7.375, 0.25, 4.625 ],
			"to": [ 8.625, 2, 5.75 ],
			"faces": {
				"down": { "uv": [ 0, 0, 0.5, 0.5 ], "texture": "#texture", "rotation": 90 },
				"up": { "uv": [ 0, 0, 0.5, 0.5 ], "texture": "#texture", "rotation": 270 },
				"north": { "uv": [ 0, 0, 0.5, 0.5 ], "texture": "#texture" },
				"south": { "uv": [ 0, 0, 0.5, 0.5 ], "texture": "#texture" },
				"west": { "uv": [ 0, 0, 0.5, 0.5 ], "texture": "#texture" },
				"east": { "uv": [ 0, 0, 0.5, 0.5 ], "texture": "#texture" }
			}
		},
		{
			"__comment": "Box1",
			"from": [ 6.875, -1, 8.625 ],
			"to": [ 7.375, 19, 9.125 ],
			"faces": {
				"down": { "uv": [ 0, 0, 0.5, 0.5 ], "texture": "#texture" },
				"up": { "uv": [ 0, 0, 0.5, 0.5 ], "texture": "#texture" },
				"north": { "uv": [ 0, 0, 0.5, 0.5 ], "texture": "#texture" },
				"south": { "uv": [ 0, 0, 0.5, 0.5 ], "texture": "#texture" },
				"west": { "uv": [ 0, 0, 0.5, 0.5 ], "texture": "#texture" },
				"east": { "uv": [ 0, 0, 0.5, 0.5 ], "texture": "#texture" }
			}
		},
		{
			"__comment": "Box1",
			"from": [ 6.875, -1, 6.875 ],
			"to": [ 7.375, 19, 7.375 ],
			"faces": {
				"down": { "uv": [ 0, 0, 0.5, 0.5 ], "texture": "#texture" },
				"up": { "uv": [ 0, 0, 0.5, 0.5 ], "texture": "#texture" },
				"north": { "uv": [ 0, 0, 0.5, 0.5 ], "texture": "#texture" },
				"south": { "uv": [ 0, 0, 0.5, 0.5 ], "texture": "#texture" },
				"west": { "uv": [ 0, 0, 0.5, 0.5 ], "texture": "#texture" },
				"east": { "uv": [ 0, 0, 0.5, 0.5 ], "texture": "#texture" }
			}
		},
		{
			"__comment": "Box1",
			"from": [ 8.625, -1, 6.875 ],
			"to": [ 9.125, 19, 7.375 ],
			"faces": {
				"down": { "uv": [ 0, 0, 0.5, 0.5 ], "texture": "#texture" },
				"up": { "uv": [ 0, 0, 0.5, 0.5 ], "texture": "#texture" },
				"north": { "uv": [ 0, 0, 0.5, 0.5 ], "texture": "#texture" },
				"south": { "uv": [ 0, 0, 0.5, 0.5 ], "texture": "#texture" },
				"west": { "uv": [ 0, 0, 0.5, 0.5 ], "texture": "#texture" },
				"east": { "uv": [ 0, 0, 0.5, 0.5 ], "texture": "#texture" }
			}
		},
		{
			"__comment": "Box1",
			"from": [ 8.625, -1, 8.625 ],
			"to": [ 9.125, 19, 9.125 ],
			"faces": {
				"down": { "uv": [ 0, 0, 0.5, 0.5 ], "texture": "#texture" },
				"up": { "uv": [ 0, 0, 0.5, 0.5 ], "texture": "#texture" },
				"north": { "uv": [ 0, 0, 0.5, 0.5 ], "texture": "#texture" },
				"south": { "uv": [ 0, 0, 0.5, 0.5 ], "texture": "#texture" },
				"west": { "uv": [ 0, 0, 0.5, 0.5 ], "texture": "#texture" },
				"east": { "uv": [ 0, 0, 0.5, 0.5 ], "texture": "#texture" }
			}
		},
		{
			"__comment": "Box1",
			"from": [ 6.5, 19, 6.5 ],
			"to": [ 9.5, 22, 9.5 ],
			"faces": {
				"down": { "uv": [ 2, 2, 2.5, 2.5 ], "texture": "#texture", "rotation": 270 },
				"up": { "uv": [ 2, 2, 2.5, 2.5 ], "texture": "#texture", "rotation": 90 },
				"north": { "uv": [ 2, 2, 2.5, 2.5 ], "texture": "#texture" },
				"south": { "uv": [ 2, 2, 2.5, 2.5 ], "texture": "#texture" },
				"west": { "uv": [ 2, 2, 2.5, 2.5 ], "texture": "#texture" },
				"east": { "uv": [ 2, 2, 2.5, 2.5 ], "texture": "#texture" }
			}
		},
		{
			"__comment": "Box1",
			"from": [ 7, 19.5, 6 ],
			"to": [ 9, 21.5, 10 ],
			"faces": {
				"down": { "uv": [ 1, 2, 1.5, 2.5 ], "texture": "#texture" },
				"up": { "uv": [ 1, 2, 1.5, 2.5 ], "texture": "#texture" },
				"north": { "uv": [ 1, 2, 1.5, 2.5 ], "texture": "#texture" },
				"south": { "uv": [ 1, 2, 1.5, 2.5 ], "texture": "#texture" },
				"west": { "uv": [ 1, 2, 1.5, 2.5 ], "texture": "#texture" },
				"east": { "uv": [ 1, 2, 1.5, 2.5 ], "texture": "#texture" }
			}
		},
		{
			"__comment": "Box1",
			"from": [ 6, 19.5, 7 ],
			"to": [ 10, 21.5, 9 ],
			"faces": {
				"down": { "uv": [ 1, 2, 1.5, 2.5 ], "texture": "#texture", "rotation": 90 },
				"up": { "uv": [ 1, 2, 1.5, 2.5 ], "texture": "#texture", "rotation": 270 },
				"north": { "uv": [ 1, 2, 1.5, 2.5 ], "texture": "#texture" },
				"south": { "uv": [ 1, 2, 1.5, 2.5 ], "texture": "#texture" },
				"west": { "uv": [ 1, 2, 1.5, 2.5 ], "texture": "#texture" },
				"east": { "uv": [ 1, 2, 1.5, 2.5 ], "texture": "#texture" }
			}
		},
		{
			"__comment": "Box1",
			"from": [ 7, 22, 7 ],
			"to": [ 9, 22.5, 9 ],
			"faces": {
				"down": { "uv": [ 1, 2, 1.5, 2.5 ], "texture": "#texture" },
				"up": { "uv": [ 1, 2, 1.5, 2.5 ], "texture": "#texture" },
				"north": { "uv": [ 1, 2, 1.5, 2.5 ], "texture": "#texture" },
				"south": { "uv": [ 1, 2, 1.5, 2.5 ], "texture": "#texture" },
				"west": { "uv": [ 1, 2, 1.5, 2.5 ], "texture": "#texture" },
				"east": { "uv": [ 1, 2, 1.5, 2.5 ], "texture": "#texture" }
			}
		},
		{
			"__comment": "Box1",
			"from": [ 7.25, 22.5, 7.25 ],
			"to": [ 8.75, 23, 8.75 ],
			"faces": {
				"down": { "uv": [ 1, 2, 1.5, 2.5 ], "texture": "#texture" },
				"up": { "uv": [ 1, 2, 1.5, 2.5 ], "texture": "#texture" },
				"north": { "uv": [ 1, 2, 1.5, 2.5 ], "texture": "#texture" },
				"south": { "uv": [ 1, 2, 1.5, 2.5 ], "texture": "#texture" },
				"west": { "uv": [ 1, 2, 1.5, 2.5 ], "texture": "#texture" },
				"east": { "uv": [ 1, 2, 1.5, 2.5 ], "texture": "#texture" }
			}
		},
		{
			"__comment": "Box1",
			"from": [ 7.5, 23, 7.5 ],
			"to": [ 8.5, 23.5, 8.5 ],
			"faces": {
				"down": { "uv": [ 1, 2, 1.5, 2.5 ], "texture": "#texture" },
				"up": { "uv": [ 1, 2, 1.5, 2.5 ], "texture": "#texture" },
				"north": { "uv": [ 1, 2, 1.5, 2.5 ], "texture": "#texture" },
				"south": { "uv": [ 1, 2, 1.5, 2.5 ], "texture": "#texture" },
				"west": { "uv": [ 1, 2, 1.5, 2.5 ], "texture": "#texture" },
				"east": { "uv": [ 1, 2, 1.5, 2.5 ], "texture": "#texture" }
			}
		},
		{
			"__comment": "Box1",
			"from": [ 7.75, 23.5, 7.75 ],
			"to": [ 8.25, 24.5, 8.25 ],
			"faces": {
				"down": { "uv": [ 1, 2, 1.5, 2.5 ], "texture": "#texture" },
				"up": { "uv": [ 1, 2, 1.5, 2.5 ], "texture": "#texture" },
				"north": { "uv": [ 1, 2, 1.5, 2.5 ], "texture": "#texture" },
				"south": { "uv": [ 1, 2, 1.5, 2.5 ], "texture": "#texture" },
				"west": { "uv": [ 1, 2, 1.5, 2.5 ], "texture": "#texture" },
				"east": { "uv": [ 1, 2, 1.5, 2.5 ], "texture": "#texture" }
			}
		},
		{
			"__comment": "Box1",
			"from": [ 6.875, 3.25, 6.875 ],
			"to": [ 9.125, 3.5, 9.125 ],
			"faces": {
				"down": { "uv": [ 0, 0, 0.5, 0.5 ], "texture": "#texture" },
				"up": { "uv": [ 0, 0, 0.5, 0.5 ], "texture": "#texture" },
				"north": { "uv": [ 0, 0, 0.5, 0.5 ], "texture": "#texture" },
				"south": { "uv": [ 0, 0, 0.5, 0.5 ], "texture": "#texture" },
				"west": { "uv": [ 0, 0, 0.5, 0.5 ], "texture": "#texture" },
				"east": { "uv": [ 0, 0, 0.5, 0.5 ], "texture": "#texture" }
			}
		},
		{
			"__comment": "Box1",
			"from": [ 6.875, 6.375, 6.875 ],
			"to": [ 9.125, 6.625, 9.125 ],
			"faces": {
				"down": { "uv": [ 0, 0, 0.5, 0.5 ], "texture": "#texture" },
				"up": { "uv": [ 0, 0, 0.5, 0.5 ], "texture": "#texture" },
				"north": { "uv": [ 0, 0, 0.5, 0.5 ], "texture": "#texture" },
				"south": { "uv": [ 0, 0, 0.5, 0.5 ], "texture": "#texture" },
				"west": { "uv": [ 0, 0, 0.5, 0.5 ], "texture": "#texture" },
				"east": { "uv": [ 0, 0, 0.5, 0.5 ], "texture": "#texture" }
			}
		},
		{
			"__comment": "Box1",
			"from": [ 6.875, 3.875, 6.875 ],
			"to": [ 9.125, 4.125, 9.125 ],
			"faces": {
				"down": { "uv": [ 0, 0, 0.5, 0.5 ], "texture": "#texture" },
				"up": { "uv": [ 0, 0, 0.5, 0.5 ], "texture": "#texture" },
				"north": { "uv": [ 0, 0, 0.5, 0.5 ], "texture": "#texture" },
				"south": { "uv": [ 0, 0, 0.5, 0.5 ], "texture": "#texture" },
				"west": { "uv": [ 0, 0, 0.5, 0.5 ], "texture": "#texture" },
				"east": { "uv": [ 0, 0, 0.5, 0.5 ], "texture": "#texture" }
			}
		},
		{
			"__comment": "Box1",
			"from": [ 6.875, 4.875, 6.875 ],
			"to": [ 9.125, 5.125, 9.125 ],
			"faces": {
				"down": { "uv": [ 0, 0, 0.5, 0.5 ], "texture": "#texture" },
				"up": { "uv": [ 0, 0, 0.5, 0.5 ], "texture": "#texture" },
				"north": { "uv": [ 0, 0, 0.5, 0.5 ], "texture": "#texture" },
				"south": { "uv": [ 0, 0, 0.5, 0.5 ], "texture": "#texture" },
				"west": { "uv": [ 0, 0, 0.5, 0.5 ], "texture": "#texture" },
				"east": { "uv": [ 0, 0, 0.5, 0.5 ], "texture": "#texture" }
			}
		},
		{
			"__comment": "Box1",
			"from": [ 6.875, 18.5, 6.875 ],
			"to": [ 9.125, 18.75, 9.125 ],
			"faces": {
				"down": { "uv": [ 0, 0, 0.5, 0.5 ], "texture": "#texture" },
				"up": { "uv": [ 0, 0, 0.5, 0.5 ], "texture": "#texture" },
				"north": { "uv": [ 0, 0, 0.5, 0.5 ], "texture": "#texture" },
				"south": { "uv": [ 0, 0, 0.5, 0.5 ], "texture": "#texture" },
				"west": { "uv": [ 0, 0, 0.5, 0.5 ], "texture": "#texture" },
				"east": { "uv": [ 0, 0, 0.5, 0.5 ], "texture": "#texture" }
			}
		},
		{
			"__comment": "Box1",
			"from": [ 6.875, 17.75, 6.875 ],
			"to": [ 9.125, 18, 9.125 ],
			"faces": {
				"down": { "uv": [ 0, 0, 0.5, 0.5 ], "texture": "#texture" },
				"up": { "uv": [ 0, 0, 0.5, 0.5 ], "texture": "#texture" },
				"north": { "uv": [ 0, 0, 0.5, 0.5 ], "texture": "#texture" },
				"south": { "uv": [ 0, 0, 0.5, 0.5 ], "texture": "#texture" },
				"west": { "uv": [ 0, 0, 0.5, 0.5 ], "texture": "#texture" },
				"east": { "uv": [ 0, 0, 0.5, 0.5 ], "texture": "#texture" }
			}
		},
		{
			"__comment": "Box1",
			"from": [ 6.875, 16.5, 6.875 ],
			"to": [ 9.125, 16.75, 9.125 ],
			"faces": {
				"down": { "uv": [ 0, 0, 0.5, 0.5 ], "texture": "#texture" },
				"up": { "uv": [ 0, 0, 0.5, 0.5 ], "texture": "#texture" },
				"north": { "uv": [ 0, 0, 0.5, 0.5 ], "texture": "#texture" },
				"south": { "uv": [ 0, 0, 0.5, 0.5 ], "texture": "#texture" },
				"west": { "uv": [ 0, 0, 0.5, 0.5 ], "texture": "#texture" },
				"east": { "uv": [ 0, 0, 0.5, 0.5 ], "texture": "#texture" }
			}
		},
		{
			"__comment": "Box1",
			"from": [ 6.875, 14.5, 6.875 ],
			"to": [ 9.125, 14.75, 9.125 ],
			"faces": {
				"down": { "uv": [ 0, 0, 0.5, 0.5 ], "texture": "#texture" },
				"up": { "uv": [ 0, 0, 0.5, 0.5 ], "texture": "#texture" },
				"north": { "uv": [ 0, 0, 0.5, 0.5 ], "texture": "#texture" },
				"south": { "uv": [ 0, 0, 0.5, 0.5 ], "texture": "#texture" },
				"west": { "uv": [ 0, 0, 0.5, 0.5 ], "texture": "#texture" },
				"east": { "uv": [ 0, 0, 0.5, 0.5 ], "texture": "#texture" }
			}
		},
		{
			"__comment": "Box1",
			"from": [ 2.75, -2, 6.75 ],
			"to": [ 13.25, -1.75, 7.001 ],
			"faces": {
				"down": { "uv": [ 0, 0, 0.5, 0.5 ], "texture": "#texture" },
				"up": { "uv": [ 0, 0, 0.5, 0.5 ], "texture": "#texture" },
				"north": { "uv": [ 0, 0, 0.5, 0.5 ], "texture": "#texture" },
				"south": { "uv": [ 0, 0, 0.5, 0.5 ], "texture": "#texture" },
				"west": { "uv": [ 0, 0, 0.5, 0.5 ], "texture": "#texture" },
				"east": { "uv": [ 0, 0, 0.5, 0.5 ], "texture": "#texture" }
			}
		},
		{
			"__comment": "Box1",
			"from": [ 2.75, -2, 9 ],
			"to": [ 13.25, -1.75, 9.251 ],
			"faces": {
				"down": { "uv": [ 0, 0, 0.5, 0.5 ], "texture": "#texture" },
				"up": { "uv": [ 0, 0, 0.5, 0.5 ], "texture": "#texture" },
				"north": { "uv": [ 0, 0, 0.5, 0.5 ], "texture": "#texture" },
				"south": { "uv": [ 0, 0, 0.5, 0.5 ], "texture": "#texture" },
				"west": { "uv": [ 0, 0, 0.5, 0.5 ], "texture": "#texture" },
				"east": { "uv": [ 0, 0, 0.5, 0.5 ], "texture": "#texture" }
			}
		},
		{
			"__comment": "Box1",
			"from": [ 6.749, -2, 2.75 ],
			"to": [ 7, -1.75, 13.25 ],
			"faces": {
				"down": { "uv": [ 0, 0, 0.5, 0.5 ], "texture": "#texture", "rotation": 270 },
				"up": { "uv": [ 0, 0, 0.5, 0.5 ], "texture": "#texture", "rotation": 90 },
				"north": { "uv": [ 0, 0, 0.5, 0.5 ], "texture": "#texture" },
				"south": { "uv": [ 0, 0, 0.5, 0.5 ], "texture": "#texture" },
				"west": { "uv": [ 0, 0, 0.5, 0.5 ], "texture": "#texture" },
				"east": { "uv": [ 0, 0, 0.5, 0.5 ], "texture": "#texture" }
			}
		},
		{
			"__comment": "Box1",
			"from": [ 8.999, -2, 2.75 ],
			"to": [ 9.25, -1.75, 13.25 ],
			"faces": {
				"down": { "uv": [ 0, 0, 0.5, 0.5 ], "texture": "#texture", "rotation": 270 },
				"up": { "uv": [ 0, 0, 0.5, 0.5 ], "texture": "#texture", "rotation": 90 },
				"north": { "uv": [ 0, 0, 0.5, 0.5 ], "texture": "#texture" },
				"south": { "uv": [ 0, 0, 0.5, 0.5 ], "texture": "#texture" },
				"west": { "uv": [ 0, 0, 0.5, 0.5 ], "texture": "#texture" },
				"east": { "uv": [ 0, 0, 0.5, 0.5 ], "texture": "#texture" }
			}
		},
		{
			"__comment": "Box1",
			"from": [ 3.5, -6.5, 3.5 ],
			"to": [ 5.5, -6, 5.5 ],
			"faces": {
				"down": { "uv": [ 0, 0, 0.5, 0.5 ], "texture": "#texture" },
				"up": { "uv": [ 0, 0, 0.5, 0.5 ], "texture": "#texture" },
				"north": { "uv": [ 0, 0, 0.5, 0.5 ], "texture": "#texture" },
				"south": { "uv": [ 0, 0, 0.5, 0.5 ], "texture": "#texture" },
				"west": { "uv": [ 0, 0, 0.5, 0.5 ], "texture": "#texture" },
				"east": { "uv": [ 0, 0, 0.5, 0.5 ], "texture": "#texture" }
			}
		},
		{
			"__comment": "Box1",
			"from": [ 10.5, -6.5, 3.5 ],
			"to": [ 12.5, -6, 5.5 ],
			"faces": {
				"down": { "uv": [ 0, 0, 0.5, 0.5 ], "texture": "#texture" },
				"up": { "uv": [ 0, 0, 0.5, 0.5 ], "texture": "#texture" },
				"north": { "uv": [ 0, 0, 0.5, 0.5 ], "texture": "#texture" },
				"south": { "uv": [ 0, 0, 0.5, 0.5 ], "texture": "#texture" },
				"west": { "uv": [ 0, 0, 0.5, 0.5 ], "texture": "#texture" },
				"east": { "uv": [ 0, 0, 0.5, 0.5 ], "texture": "#texture" }
			}
		},
		{
			"__comment": "Box1",
			"from": [ 10.5, -6.5, 10.5 ],
			"to": [ 12.5, -6, 12.5 ],
			"faces": {
				"down": { "uv": [ 0, 0, 0.5, 0.5 ], "texture": "#texture" },
				"up": { "uv": [ 0, 0, 0.5, 0.5 ], "texture": "#texture" },
				"north": { "uv": [ 0, 0, 0.5, 0.5 ], "texture": "#texture" },
				"south": { "uv": [ 0, 0, 0.5, 0.5 ], "texture": "#texture" },
				"west": { "uv": [ 0, 0, 0.5, 0.5 ], "texture": "#texture" },
				"east": { "uv": [ 0, 0, 0.5, 0.5 ], "texture": "#texture" }
			}
		},
		{
			"__comment": "Box1",
			"from": [ 3.5, -6.5, 10.5 ],
			"to": [ 5.5, -6, 12.5 ],
			"faces": {
				"down": { "uv": [ 0, 0, 0.5, 0.5 ], "texture": "#texture" },
				"up": { "uv": [ 0, 0, 0.5, 0.5 ], "texture": "#texture" },
				"north": { "uv": [ 0, 0, 0.5, 0.5 ], "texture": "#texture" },
				"south": { "uv": [ 0, 0, 0.5, 0.5 ], "texture": "#texture" },
				"west": { "uv": [ 0, 0, 0.5, 0.5 ], "texture": "#texture" },
				"east": { "uv": [ 0, 0, 0.5, 0.5 ], "texture": "#texture" }
			}
		}
	],
	"display": {
		"head": {
			"translation":  [ 0, -16.46, 0 ],
			"scale":  [ 1.9, 1.8, 1.9 ]
		}
	}
}