{
	"__comment": "Designed by Mcmakistein with Cubik Studio - https://cubik.studio",
	"textures": {
		"particle": "custom/lego1",
		"texture": "custom/lego9"
	},
	"elements": [ 	 
		{
			"__comment": "Box1",
			"from": [ 0, 3.5, 3.5 ],
			"to": [ 17.5, 9, 12 ],
			"faces": {
				"down": { "uv": [ 0, 4, 16, 12.5 ], "texture": "#texture" },
				"up": { "uv": [ 0, 3.5, 16, 12 ], "texture": "#texture" },
				"north": { "uv": [ 0, 7, 16, 12.5 ], "texture": "#texture" },
				"south": { "uv": [ 0, 7, 16, 12.5 ], "texture": "#texture" },
				"west": { "uv": [ 3.5, 7, 12, 12.5 ], "texture": "#texture" },
				"east": { "uv": [ 4, 7, 12.5, 12.5 ], "texture": "#texture" }
			}
		},
		{
			"__comment": "Box1",
			"from": [ 2, 9, 8.5 ],
			"to": [ 3.5, 10, 11 ],
			"faces": {
				"down": { "uv": [ 2, 5, 3.5, 7.5 ], "texture": "#texture" },
				"up": { "uv": [ 2, 8.5, 3.5, 11 ], "texture": "#texture" },
				"north": { "uv": [ 12.5, 6, 14, 7 ], "texture": "#texture" },
				"south": { "uv": [ 2, 6, 3.5, 7 ], "texture": "#texture" },
				"west": { "uv": [ 8.5, 6, 11, 7 ], "texture": "#texture" },
				"east": { "uv": [ 5, 6, 7.5, 7 ], "texture": "#texture" }
			}
		},
		{
			"__comment": "Box1",
			"from": [ 1.5, 9, 9 ],
			"to": [ 4, 10, 10.5 ],
			"faces": {
				"down": { "uv": [ 1.5, 9, 4, 10.5 ], "texture": "#texture" },
				"up": { "uv": [ 1.5, 5.5, 4, 7 ], "texture": "#texture" },
				"north": { "uv": [ 12, 6, 14.5, 7 ], "texture": "#texture" },
				"south": { "uv": [ 1.5, 6, 4, 7 ], "texture": "#texture" },
				"west": { "uv": [ 5.5, 6, 7, 7 ], "texture": "#texture" },
				"east": { "uv": [ 9, 6, 10.5, 7 ], "texture": "#texture" }
			}
		},
		{
			"__comment": "Box1",
			"from": [ 6, 9, 8.5 ],
			"to": [ 7.5, 10, 11 ],
			"faces": {
				"down": { "uv": [ 6, 5, 7.5, 7.5 ], "texture": "#texture" },
				"up": { "uv": [ 6, 8.5, 7.5, 11 ], "texture": "#texture" },
				"north": { "uv": [ 8.5, 6, 10, 7 ], "texture": "#texture" },
				"south": { "uv": [ 6, 6, 7.5, 7 ], "texture": "#texture" },
				"west": { "uv": [ 8.5, 6, 11, 7 ], "texture": "#texture" },
				"east": { "uv": [ 5, 6, 7.5, 7 ], "texture": "#texture" }
			}
		},
		{
			"__comment": "Box1",
			"from": [ 5.5, 9, 9 ],
			"to": [ 8, 10, 10.5 ],
			"faces": {
				"down": { "uv": [ 1.5, 5.5, 4, 7 ], "texture": "#texture" },
				"up": { "uv": [ 1.5, 9, 4, 10.5 ], "texture": "#texture" },
				"north": { "uv": [ 12, 6, 14.5, 7 ], "texture": "#texture" },
				"south": { "uv": [ 1.5, 6, 4, 7 ], "texture": "#texture" },
				"west": { "uv": [ 9, 6, 10.5, 7 ], "texture": "#texture" },
				"east": { "uv": [ 5.5, 6, 7, 7 ], "texture": "#texture" }
			}
		},
		{
			"__comment": "Box1",
			"from": [ 10, 9, 8.5 ],
			"to": [ 11.5, 10, 11 ],
			"faces": {
				"down": { "uv": [ 10, 5, 11.5, 7.5 ], "texture": "#texture" },
				"up": { "uv": [ 10, 8.5, 11.5, 11 ], "texture": "#texture" },
				"north": { "uv": [ 4.5, 6, 6, 7 ], "texture": "#texture" },
				"south": { "uv": [ 10, 6, 11.5, 7 ], "texture": "#texture" },
				"west": { "uv": [ 8.5, 6, 11, 7 ], "texture": "#texture" },
				"east": { "uv": [ 5, 6, 7.5, 7 ], "texture": "#texture" }
			}
		},
		{
			"__comment": "Box1",
			"from": [ 9.5, 9, 9 ],
			"to": [ 12, 10, 10.5 ],
			"faces": {
				"down": { "uv": [ 5.5, 5.5, 8, 7 ], "texture": "#texture" },
				"up": { "uv": [ 5.5, 9, 8, 10.5 ], "texture": "#texture" },
				"north": { "uv": [ 8, 6, 10.5, 7 ], "texture": "#texture" },
				"south": { "uv": [ 5.5, 6, 8, 7 ], "texture": "#texture" },
				"west": { "uv": [ 9, 6, 10.5, 7 ], "texture": "#texture" },
				"east": { "uv": [ 5.5, 6, 7, 7 ], "texture": "#texture" }
			}
		},
		{
			"__comment": "Box1",
			"from": [ 14, 9, 8.5 ],
			"to": [ 15.5, 10, 11 ],
			"faces": {
				"down": { "uv": [ 14, 5, 15.5, 7.5 ], "texture": "#texture" },
				"up": { "uv": [ 14, 8.5, 15.5, 11 ], "texture": "#texture" },
				"north": { "uv": [ 0.5, 6, 2, 7 ], "texture": "#texture" },
				"south": { "uv": [ 14, 6, 15.5, 7 ], "texture": "#texture" },
				"west": { "uv": [ 8.5, 6, 11, 7 ], "texture": "#texture" },
				"east": { "uv": [ 5, 6, 7.5, 7 ], "texture": "#texture" }
			}
		},
		{
			"__comment": "Box1",
			"from": [ 13.5, 9, 9 ],
			"to": [ 16, 10, 10.5 ],
			"faces": {
				"down": { "uv": [ 9.5, 5.5, 12, 7 ], "texture": "#texture" },
				"up": { "uv": [ 9.5, 9, 12, 10.5 ], "texture": "#texture" },
				"north": { "uv": [ 4, 6, 6.5, 7 ], "texture": "#texture" },
				"south": { "uv": [ 9.5, 6, 12, 7 ], "texture": "#texture" },
				"west": { "uv": [ 9, 6, 10.5, 7 ], "texture": "#texture" },
				"east": { "uv": [ 5.5, 6, 7, 7 ], "texture": "#texture" }
			}
		},
		{
			"__comment": "Box1",
			"from": [ 2, 9, 4.5 ],
			"to": [ 3.5, 10, 7 ],
			"faces": {
				"down": { "uv": [ 2, 9, 3.5, 11.5 ], "texture": "#texture" },
				"up": { "uv": [ 2, 4.5, 3.5, 7 ], "texture": "#texture" },
				"north": { "uv": [ 12.5, 6, 14, 7 ], "texture": "#texture" },
				"south": { "uv": [ 2, 6, 3.5, 7 ], "texture": "#texture" },
				"west": { "uv": [ 4.5, 6, 7, 7 ], "texture": "#texture" },
				"east": { "uv": [ 9, 6, 11.5, 7 ], "texture": "#texture" }
			}
		},
		{
			"__comment": "Box1",
			"from": [ 1.5, 9, 5 ],
			"to": [ 4, 10, 6.5 ],
			"faces": {
				"down": { "uv": [ 1.5, 5.5, 4, 7 ], "texture": "#texture" },
				"up": { "uv": [ 1.5, 9, 4, 10.5 ], "texture": "#texture" },
				"north": { "uv": [ 12, 6, 14.5, 7 ], "texture": "#texture" },
				"south": { "uv": [ 1.5, 6, 4, 7 ], "texture": "#texture" },
				"west": { "uv": [ 9, 6, 10.5, 7 ], "texture": "#texture" },
				"east": { "uv": [ 5.5, 6, 7, 7 ], "texture": "#texture" }
			}
		},
		{
			"__comment": "Box1",
			"from": [ 6, 9, 4.5 ],
			"to": [ 7.5, 10, 7 ],
			"faces": {
				"down": { "uv": [ 6, 5, 7.5, 7.5 ], "texture": "#texture" },
				"up": { "uv": [ 6, 8.5, 7.5, 11 ], "texture": "#texture" },
				"north": { "uv": [ 8.5, 6, 10, 7 ], "texture": "#texture" },
				"south": { "uv": [ 6, 6, 7.5, 7 ], "texture": "#texture" },
				"west": { "uv": [ 8.5, 6, 11, 7 ], "texture": "#texture" },
				"east": { "uv": [ 5, 6, 7.5, 7 ], "texture": "#texture" }
			}
		},
		{
			"__comment": "Box1",
			"from": [ 5.5, 9, 5 ],
			"to": [ 8, 10, 6.5 ],
			"faces": {
				"down": { "uv": [ 5.5, 5.5, 8, 7 ], "texture": "#texture" },
				"up": { "uv": [ 5.5, 9, 8, 10.5 ], "texture": "#texture" },
				"north": { "uv": [ 8, 6, 10.5, 7 ], "texture": "#texture" },
				"south": { "uv": [ 5.5, 6, 8, 7 ], "texture": "#texture" },
				"west": { "uv": [ 9, 6, 10.5, 7 ], "texture": "#texture" },
				"east": { "uv": [ 5.5, 6, 7, 7 ], "texture": "#texture" }
			}
		},
		{
			"__comment": "Box1",
			"from": [ 10, 9, 4.5 ],
			"to": [ 11.5, 10, 7 ],
			"faces": {
				"down": { "uv": [ 10, 5, 11.5, 7.5 ], "texture": "#texture" },
				"up": { "uv": [ 10, 8.5, 11.5, 11 ], "texture": "#texture" },
				"north": { "uv": [ 4.5, 6, 6, 7 ], "texture": "#texture" },
				"south": { "uv": [ 10, 6, 11.5, 7 ], "texture": "#texture" },
				"west": { "uv": [ 8.5, 6, 11, 7 ], "texture": "#texture" },
				"east": { "uv": [ 5, 6, 7.5, 7 ], "texture": "#texture" }
			}
		},
		{
			"__comment": "Box1",
			"from": [ 9.5, 9, 5 ],
			"to": [ 12, 10, 6.5 ],
			"faces": {
				"down": { "uv": [ 9.5, 5.5, 12, 7 ], "texture": "#texture" },
				"up": { "uv": [ 9.5, 9, 12, 10.5 ], "texture": "#texture" },
				"north": { "uv": [ 4, 6, 6.5, 7 ], "texture": "#texture" },
				"south": { "uv": [ 9.5, 6, 12, 7 ], "texture": "#texture" },
				"west": { "uv": [ 9, 6, 10.5, 7 ], "texture": "#texture" },
				"east": { "uv": [ 5.5, 6, 7, 7 ], "texture": "#texture" }
			}
		},
		{
			"__comment": "Box1",
			"from": [ 14, 9, 4.5 ],
			"to": [ 15.5, 10, 7 ],
			"faces": {
				"down": { "uv": [ 14, 5, 15.5, 7.5 ], "texture": "#texture" },
				"up": { "uv": [ 14, 8.5, 15.5, 11 ], "texture": "#texture" },
				"north": { "uv": [ 0.5, 6, 2, 7 ], "texture": "#texture" },
				"south": { "uv": [ 14, 6, 15.5, 7 ], "texture": "#texture" },
				"west": { "uv": [ 8.5, 6, 11, 7 ], "texture": "#texture" },
				"east": { "uv": [ 5, 6, 7.5, 7 ], "texture": "#texture" }
			}
		},
		{
			"__comment": "Box1",
			"from": [ 13.5, 9, 5 ],
			"to": [ 16, 10, 6.5 ],
			"faces": {
				"down": { "uv": [ 13.5, 5.5, 16, 7 ], "texture": "#texture" },
				"up": { "uv": [ 13.5, 9, 16, 10.5 ], "texture": "#texture" },
				"north": { "uv": [ 0, 6, 2.5, 7 ], "texture": "#texture" },
				"south": { "uv": [ 13.5, 6, 16, 7 ], "texture": "#texture" },
				"west": { "uv": [ 9, 6, 10.5, 7 ], "texture": "#texture" },
				"east": { "uv": [ 5.5, 6, 7, 7 ], "texture": "#texture" }
			}
		}
	],
	"display": {
		"thirdperson_righthand": {
			"rotation":  [ 58, 64, -14 ],
			"translation":  [ 2.0869, 0, 0 ],
			"scale":  [ 0.2, 0.2, 0.2 ]
		},
		"thirdperson_lefthand": {
			"rotation":  [ 58, 64, -14 ],
			"translation":  [ 2.0869, 0, 0 ],
			"scale":  [ 0.2, 0.2, 0.2 ]
		},
		"firstperson_righthand": {
			"rotation":  [ 7, -163, 0 ],
			"translation":  [ 1.3919, 2.0869, 0 ],
			"scale":  [ 0.2, 0.2, 0.2 ]
		},
		"firstperson_lefthand": {
			"rotation":  [ 7, -163, 0 ],
			"translation":  [ 1.3919, 2.0869, 0 ],
			"scale":  [ 0.2, 0.2, 0.2 ]
		},
		"gui": {
			"rotation":  [ 25, -39, 0 ],
			"scale":  [ 0.6, 0.6, 0.6 ]
		},
		"head": {
			"translation":  [ 0, -42, 0 ],
			"scale":  [ 0.25, 0.25, 0.25 ]
		},
		"ground": {
			"scale":  [ 0.15, 0.15, 0.15 ]
		}
	}
}