{
	"__comment": "Designed by Mcmakistein with Cubik Studio - https://cubik.studio",
	"textures": {
		"particle": "custom/1",
		"texture": "custom/1"
	},
	"elements": [ 	 
		{
			"__comment": "Box1",
			"from": [ 4, 6, 9 ],
			"to": [ 5, 10, 23 ],
			"faces": {
				"down": { "uv": [ 4, 0, 4.5, 0.5 ], "texture": "#texture" },
				"up": { "uv": [ 4, 0, 4.5, 0.5 ], "texture": "#texture" },
				"north": { "uv": [ 4, 0, 4.5, 0.5 ], "texture": "#texture" },
				"south": { "uv": [ 4, 0, 4.5, 0.5 ], "texture": "#texture" },
				"west": { "uv": [ 4, 0, 4.5, 0.5 ], "texture": "#texture" },
				"east": { "uv": [ 4, 0, 4.5, 0.5 ], "texture": "#texture" }
			}
		},
		{
			"__comment": "Box1",
			"from": [ 9, 6, 9 ],
			"to": [ 10, 10, 23 ],
			"faces": {
				"down": { "uv": [ 4, 0, 4.5, 0.5 ], "texture": "#texture" },
				"up": { "uv": [ 4, 0, 4.5, 0.5 ], "texture": "#texture" },
				"north": { "uv": [ 4, 0, 4.5, 0.5 ], "texture": "#texture" },
				"south": { "uv": [ 4, 0, 4.5, 0.5 ], "texture": "#texture" },
				"west": { "uv": [ 4, 0, 4.5, 0.5 ], "texture": "#texture" },
				"east": { "uv": [ 4, 0, 4.5, 0.5 ], "texture": "#texture" }
			}
		},
		{
			"__comment": "Box1",
			"from": [ 5, 10, 9 ],
			"to": [ 9, 11, 23 ],
			"faces": {
				"down": { "uv": [ 4, 0, 4.5, 0.5 ], "texture": "#texture" },
				"up": { "uv": [ 4, 0, 4.5, 0.5 ], "texture": "#texture" },
				"north": { "uv": [ 4, 0, 4.5, 0.5 ], "texture": "#texture" },
				"south": { "uv": [ 4, 0, 4.5, 0.5 ], "texture": "#texture" },
				"west": { "uv": [ 4, 0, 4.5, 0.5 ], "texture": "#texture" },
				"east": { "uv": [ 4, 0, 4.5, 0.5 ], "texture": "#texture" }
			}
		},
		{
			"__comment": "Box1",
			"from": [ 5, 5, 9 ],
			"to": [ 9, 6, 23 ],
			"faces": {
				"down": { "uv": [ 4, 0, 4.5, 0.5 ], "texture": "#texture" },
				"up": { "uv": [ 4, 0, 4.5, 0.5 ], "texture": "#texture" },
				"north": { "uv": [ 4, 0, 4.5, 0.5 ], "texture": "#texture" },
				"south": { "uv": [ 4, 0, 4.5, 0.5 ], "texture": "#texture" },
				"west": { "uv": [ 4, 0, 4.5, 0.5 ], "texture": "#texture" },
				"east": { "uv": [ 4, 0, 4.5, 0.5 ], "texture": "#texture" }
			}
		},
		{
			"__comment": "Box1",
			"from": [ 5, 11, 23 ],
			"to": [ 9, 12, 25 ],
			"faces": {
				"down": { "uv": [ 6, 0, 6.5, 0.5 ], "texture": "#texture" },
				"up": { "uv": [ 6, 0, 6.5, 0.5 ], "texture": "#texture" },
				"north": { "uv": [ 6, 0, 6.5, 0.5 ], "texture": "#texture" },
				"south": { "uv": [ 6, 0, 6.5, 0.5 ], "texture": "#texture" },
				"west": { "uv": [ 6, 0, 6.5, 0.5 ], "texture": "#texture" },
				"east": { "uv": [ 6, 0, 6.5, 0.5 ], "texture": "#texture" }
			}
		},
		{
			"__comment": "Box1",
			"from": [ 4, 10, 23 ],
			"to": [ 5, 11, 25 ],
			"faces": {
				"down": { "uv": [ 6, 0, 6.5, 0.5 ], "texture": "#texture" },
				"up": { "uv": [ 6, 0, 6.5, 0.5 ], "texture": "#texture" },
				"north": { "uv": [ 6, 0, 6.5, 0.5 ], "texture": "#texture" },
				"south": { "uv": [ 6, 0, 6.5, 0.5 ], "texture": "#texture" },
				"west": { "uv": [ 6, 0, 6.5, 0.5 ], "texture": "#texture" },
				"east": { "uv": [ 6, 0, 6.5, 0.5 ], "texture": "#texture" }
			}
		},
		{
			"__comment": "Box1",
			"from": [ 5, 4, 23 ],
			"to": [ 9, 5, 25 ],
			"faces": {
				"down": { "uv": [ 6, 0, 6.5, 0.5 ], "texture": "#texture" },
				"up": { "uv": [ 6, 0, 6.5, 0.5 ], "texture": "#texture" },
				"north": { "uv": [ 6, 0, 6.5, 0.5 ], "texture": "#texture" },
				"south": { "uv": [ 6, 0, 6.5, 0.5 ], "texture": "#texture" },
				"west": { "uv": [ 6, 0, 6.5, 0.5 ], "texture": "#texture" },
				"east": { "uv": [ 6, 0, 6.5, 0.5 ], "texture": "#texture" }
			}
		},
		{
			"__comment": "Box1",
			"from": [ 10, 6, 23 ],
			"to": [ 11, 10, 25 ],
			"faces": {
				"down": { "uv": [ 6, 0, 6.5, 0.5 ], "texture": "#texture" },
				"up": { "uv": [ 6, 0, 6.5, 0.5 ], "texture": "#texture" },
				"north": { "uv": [ 6, 0, 6.5, 0.5 ], "texture": "#texture" },
				"south": { "uv": [ 6, 0, 6.5, 0.5 ], "texture": "#texture" },
				"west": { "uv": [ 6, 0, 6.5, 0.5 ], "texture": "#texture" },
				"east": { "uv": [ 6, 0, 6.5, 0.5 ], "texture": "#texture" }
			}
		},
		{
			"__comment": "Box1",
			"from": [ 3, 6, 23 ],
			"to": [ 4, 10, 25 ],
			"faces": {
				"down": { "uv": [ 6, 0, 6.5, 0.5 ], "texture": "#texture" },
				"up": { "uv": [ 6, 0, 6.5, 0.5 ], "texture": "#texture" },
				"north": { "uv": [ 6, 0, 6.5, 0.5 ], "texture": "#texture" },
				"south": { "uv": [ 6, 0, 6.5, 0.5 ], "texture": "#texture" },
				"west": { "uv": [ 6, 0, 6.5, 0.5 ], "texture": "#texture" },
				"east": { "uv": [ 6, 0, 6.5, 0.5 ], "texture": "#texture" }
			}
		},
		{
			"__comment": "Box1",
			"from": [ 4, 5, 23 ],
			"to": [ 5, 6, 25 ],
			"faces": {
				"down": { "uv": [ 6, 0, 6.5, 0.5 ], "texture": "#texture" },
				"up": { "uv": [ 6, 0, 6.5, 0.5 ], "texture": "#texture" },
				"north": { "uv": [ 6, 0, 6.5, 0.5 ], "texture": "#texture" },
				"south": { "uv": [ 6, 0, 6.5, 0.5 ], "texture": "#texture" },
				"west": { "uv": [ 6, 0, 6.5, 0.5 ], "texture": "#texture" },
				"east": { "uv": [ 6, 0, 6.5, 0.5 ], "texture": "#texture" }
			}
		},
		{
			"__comment": "Box1",
			"from": [ 9, 10, 23 ],
			"to": [ 10, 11, 25 ],
			"faces": {
				"down": { "uv": [ 6, 0, 6.5, 0.5 ], "texture": "#texture" },
				"up": { "uv": [ 6, 0, 6.5, 0.5 ], "texture": "#texture" },
				"north": { "uv": [ 6, 0, 6.5, 0.5 ], "texture": "#texture" },
				"south": { "uv": [ 6, 0, 6.5, 0.5 ], "texture": "#texture" },
				"west": { "uv": [ 6, 0, 6.5, 0.5 ], "texture": "#texture" },
				"east": { "uv": [ 6, 0, 6.5, 0.5 ], "texture": "#texture" }
			}
		},
		{
			"__comment": "Box1",
			"from": [ 9, 5, 23 ],
			"to": [ 10, 6, 25 ],
			"faces": {
				"down": { "uv": [ 6, 0, 6.5, 0.5 ], "texture": "#texture" },
				"up": { "uv": [ 6, 0, 6.5, 0.5 ], "texture": "#texture" },
				"north": { "uv": [ 6, 0, 6.5, 0.5 ], "texture": "#texture" },
				"south": { "uv": [ 6, 0, 6.5, 0.5 ], "texture": "#texture" },
				"west": { "uv": [ 6, 0, 6.5, 0.5 ], "texture": "#texture" },
				"east": { "uv": [ 6, 0, 6.5, 0.5 ], "texture": "#texture" }
			}
		},
		{
			"__comment": "Box1",
			"from": [ 5, 6, 21 ],
			"to": [ 9, 10, 22 ],
			"faces": {
				"down": { "uv": [ 5, 0, 5.5, 0.5 ], "texture": "#texture" },
				"up": { "uv": [ 5, 0, 5.5, 0.5 ], "texture": "#texture" },
				"north": { "uv": [ 5, 0, 5.5, 0.5 ], "texture": "#texture" },
				"south": { "uv": [ 5, 0, 5.5, 0.5 ], "texture": "#texture" },
				"west": { "uv": [ 5, 0, 5.5, 0.5 ], "texture": "#texture" },
				"east": { "uv": [ 5, 0, 5.5, 0.5 ], "texture": "#texture" }
			}
		},
		{
			"__comment": "Box1",
			"from": [ 3, 7, 22 ],
			"to": [ 4, 9, 23 ],
			"faces": {
				"down": { "uv": [ 6, 0, 6.5, 0.5 ], "texture": "#texture" },
				"up": { "uv": [ 6, 0, 6.5, 0.5 ], "texture": "#texture" },
				"north": { "uv": [ 6, 0, 6.5, 0.5 ], "texture": "#texture" },
				"south": { "uv": [ 6, 0, 6.5, 0.5 ], "texture": "#texture" },
				"west": { "uv": [ 6, 0, 6.5, 0.5 ], "texture": "#texture" },
				"east": { "uv": [ 6, 0, 6.5, 0.5 ], "texture": "#texture" }
			}
		},
		{
			"__comment": "Box1",
			"from": [ 10, 7, 22 ],
			"to": [ 11, 9, 23 ],
			"faces": {
				"down": { "uv": [ 6, 0, 6.5, 0.5 ], "texture": "#texture" },
				"up": { "uv": [ 6, 0, 6.5, 0.5 ], "texture": "#texture" },
				"north": { "uv": [ 6, 0, 6.5, 0.5 ], "texture": "#texture" },
				"south": { "uv": [ 6, 0, 6.5, 0.5 ], "texture": "#texture" },
				"west": { "uv": [ 6, 0, 6.5, 0.5 ], "texture": "#texture" },
				"east": { "uv": [ 6, 0, 6.5, 0.5 ], "texture": "#texture" }
			}
		},
		{
			"__comment": "Box1",
			"from": [ 6, 11, 22 ],
			"to": [ 8, 12, 23 ],
			"faces": {
				"down": { "uv": [ 6, 0, 6.5, 0.5 ], "texture": "#texture" },
				"up": { "uv": [ 6, 0, 6.5, 0.5 ], "texture": "#texture" },
				"north": { "uv": [ 6, 0, 6.5, 0.5 ], "texture": "#texture" },
				"south": { "uv": [ 6, 0, 6.5, 0.5 ], "texture": "#texture" },
				"west": { "uv": [ 6, 0, 6.5, 0.5 ], "texture": "#texture" },
				"east": { "uv": [ 6, 0, 6.5, 0.5 ], "texture": "#texture" }
			}
		},
		{
			"__comment": "Box1",
			"from": [ 6, 4, 22 ],
			"to": [ 8, 5, 23 ],
			"faces": {
				"down": { "uv": [ 6, 0, 6.5, 0.5 ], "texture": "#texture" },
				"up": { "uv": [ 6, 0, 6.5, 0.5 ], "texture": "#texture" },
				"north": { "uv": [ 6, 0, 6.5, 0.5 ], "texture": "#texture" },
				"south": { "uv": [ 6, 0, 6.5, 0.5 ], "texture": "#texture" },
				"west": { "uv": [ 6, 0, 6.5, 0.5 ], "texture": "#texture" },
				"east": { "uv": [ 6, 0, 6.5, 0.5 ], "texture": "#texture" }
			}
		},
		{
			"__comment": "Box1",
			"from": [ 4, 4, 0 ],
			"to": [ 10, 12, 9 ],
			"faces": {
				"down": { "uv": [ 8, 0, 8.5, 0.5 ], "texture": "#texture" },
				"up": { "uv": [ 8, 0, 8.5, 0.5 ], "texture": "#texture" },
				"north": { "uv": [ 8, 0, 8.5, 0.5 ], "texture": "#texture" },
				"south": { "uv": [ 8, 0, 8.5, 0.5 ], "texture": "#texture" },
				"west": { "uv": [ 8, 0, 8.5, 0.5 ], "texture": "#texture" },
				"east": { "uv": [ 8, 0, 8.5, 0.5 ], "texture": "#texture" }
			}
		},
		{
			"__comment": "Box1",
			"from": [ 3, 5, 0 ],
			"to": [ 11, 11, 9 ],
			"faces": {
				"down": { "uv": [ 8, 0, 8.5, 0.5 ], "texture": "#texture" },
				"up": { "uv": [ 8, 0, 8.5, 0.5 ], "texture": "#texture" },
				"north": { "uv": [ 8, 0, 8.5, 0.5 ], "texture": "#texture" },
				"south": { "uv": [ 8, 0, 8.5, 0.5 ], "texture": "#texture" },
				"west": { "uv": [ 8, 0, 8.5, 0.5 ], "texture": "#texture" },
				"east": { "uv": [ 8, 0, 8.5, 0.5 ], "texture": "#texture" }
			}
		},
		{
			"__comment": "Box1",
			"from": [ 6, -4, 1 ],
			"to": [ 8, 4, 4 ],
			"faces": {
				"down": { "uv": [ 0, 0, 0.5, 0.5 ], "texture": "#texture" },
				"up": { "uv": [ 0, 0, 0.5, 0.5 ], "texture": "#texture" },
				"north": { "uv": [ 0, 0, 0.5, 0.5 ], "texture": "#texture" },
				"south": { "uv": [ 0, 0, 0.5, 0.5 ], "texture": "#texture" },
				"west": { "uv": [ 0, 0, 0.5, 0.5 ], "texture": "#texture" },
				"east": { "uv": [ 0, 0, 0.5, 0.5 ], "texture": "#texture" }
			}
		},
		{
			"__comment": "Box1",
			"from": [ 6, 3, 1 ],
			"to": [ 8, 8, 4 ],
			"rotation": { "origin": [ 6, 3, 1 ], "axis": "x", "angle": 45 },
			"faces": {
				"down": { "uv": [ 0, 0, 0.5, 0.5 ], "texture": "#texture" },
				"up": { "uv": [ 0, 0, 0.5, 0.5 ], "texture": "#texture" },
				"north": { "uv": [ 0, 0, 0.5, 0.5 ], "texture": "#texture" },
				"south": { "uv": [ 0, 0, 0.5, 0.5 ], "texture": "#texture" },
				"west": { "uv": [ 0, 0, 0.5, 0.5 ], "texture": "#texture" },
				"east": { "uv": [ 0, 0, 0.5, 0.5 ], "texture": "#texture" }
			}
		},
		{
			"__comment": "Box1",
			"from": [ 6.5, 12, 17.5 ],
			"to": [ 7.5, 14.5, 19.5 ],
			"faces": {
				"down": { "uv": [ 8, 0, 8.5, 0.5 ], "texture": "#texture" },
				"up": { "uv": [ 8, 0, 8.5, 0.5 ], "texture": "#texture" },
				"north": { "uv": [ 8, 0, 8.5, 0.5 ], "texture": "#texture" },
				"south": { "uv": [ 8, 0, 8.5, 0.5 ], "texture": "#texture" },
				"west": { "uv": [ 8, 0, 8.5, 0.5 ], "texture": "#texture" },
				"east": { "uv": [ 8, 0, 8.5, 0.5 ], "texture": "#texture" }
			}
		},
		{
			"__comment": "Box1",
			"from": [ 6, 11, 17.5 ],
			"to": [ 8, 12, 19.5 ],
			"faces": {
				"down": { "uv": [ 5, 0, 5.5, 0.5 ], "texture": "#texture" },
				"up": { "uv": [ 5, 0, 5.5, 0.5 ], "texture": "#texture" },
				"north": { "uv": [ 5, 0, 5.5, 0.5 ], "texture": "#texture" },
				"south": { "uv": [ 5, 0, 5.5, 0.5 ], "texture": "#texture" },
				"west": { "uv": [ 5, 0, 5.5, 0.5 ], "texture": "#texture" },
				"east": { "uv": [ 5, 0, 5.5, 0.5 ], "texture": "#texture" }
			}
		},
		{
			"__comment": "Box1",
			"from": [ 6.75, 15, 16.5 ],
			"to": [ 7.25, 15.5, 20.5 ],
			"faces": {
				"down": { "uv": [ 5, 0, 5.5, 0.5 ], "texture": "#texture" },
				"up": { "uv": [ 5, 0, 5.5, 0.5 ], "texture": "#texture" },
				"north": { "uv": [ 5, 0, 5.5, 0.5 ], "texture": "#texture" },
				"south": { "uv": [ 5, 0, 5.5, 0.5 ], "texture": "#texture" },
				"west": { "uv": [ 5, 0, 5.5, 0.5 ], "texture": "#texture" },
				"east": { "uv": [ 5, 0, 5.5, 0.5 ], "texture": "#texture" }
			}
		},
		{
			"__comment": "Box1",
			"from": [ 6, 14.5, 17.5 ],
			"to": [ 8, 16, 19.5 ],
			"faces": {
				"down": { "uv": [ 7, 0, 7.5, 0.5 ], "texture": "#texture" },
				"up": { "uv": [ 7, 0, 7.5, 0.5 ], "texture": "#texture" },
				"north": { "uv": [ 7, 0, 7.5, 0.5 ], "texture": "#texture" },
				"south": { "uv": [ 7, 0, 7.5, 0.5 ], "texture": "#texture" },
				"west": { "uv": [ 7, 0, 7.5, 0.5 ], "texture": "#texture" },
				"east": { "uv": [ 7, 0, 7.5, 0.5 ], "texture": "#texture" }
			}
		},
		{
			"__comment": "Box1",
			"from": [ 4.5, 5.5, -14 ],
			"to": [ 9.5, 10.5, 0 ],
			"faces": {
				"down": { "uv": [ 5, 0, 5.5, 0.5 ], "texture": "#texture" },
				"up": { "uv": [ 5, 0, 5.5, 0.5 ], "texture": "#texture" },
				"north": { "uv": [ 5, 0, 5.5, 0.5 ], "texture": "#texture" },
				"south": { "uv": [ 5, 0, 5.5, 0.5 ], "texture": "#texture" },
				"west": { "uv": [ 5, 0, 5.5, 0.5 ], "texture": "#texture" },
				"east": { "uv": [ 5, 0, 5.5, 0.5 ], "texture": "#texture" }
			}
		},
		{
			"__comment": "Box1",
			"from": [ 5, 4.5, -2 ],
			"to": [ 9, 5.5, 0 ],
			"faces": {
				"down": { "uv": [ 8, 0, 8.5, 0.5 ], "texture": "#texture" },
				"up": { "uv": [ 8, 0, 8.5, 0.5 ], "texture": "#texture" },
				"north": { "uv": [ 8, 0, 8.5, 0.5 ], "texture": "#texture" },
				"south": { "uv": [ 8, 0, 8.5, 0.5 ], "texture": "#texture" },
				"west": { "uv": [ 8, 0, 8.5, 0.5 ], "texture": "#texture" },
				"east": { "uv": [ 8, 0, 8.5, 0.5 ], "texture": "#texture" }
			}
		},
		{
			"__comment": "Box1",
			"from": [ 5, 10.5, -2 ],
			"to": [ 9, 11.5, 0 ],
			"faces": {
				"down": { "uv": [ 8, 0, 8.5, 0.5 ], "texture": "#texture" },
				"up": { "uv": [ 8, 0, 8.5, 0.5 ], "texture": "#texture" },
				"north": { "uv": [ 8, 0, 8.5, 0.5 ], "texture": "#texture" },
				"south": { "uv": [ 8, 0, 8.5, 0.5 ], "texture": "#texture" },
				"west": { "uv": [ 8, 0, 8.5, 0.5 ], "texture": "#texture" },
				"east": { "uv": [ 8, 0, 8.5, 0.5 ], "texture": "#texture" }
			}
		},
		{
			"__comment": "Box1",
			"from": [ 3.5, 6, -2 ],
			"to": [ 4.5, 10, 0 ],
			"faces": {
				"down": { "uv": [ 8, 0, 8.5, 0.5 ], "texture": "#texture" },
				"up": { "uv": [ 8, 0, 8.5, 0.5 ], "texture": "#texture" },
				"north": { "uv": [ 8, 0, 8.5, 0.5 ], "texture": "#texture" },
				"south": { "uv": [ 8, 0, 8.5, 0.5 ], "texture": "#texture" },
				"west": { "uv": [ 8, 0, 8.5, 0.5 ], "texture": "#texture" },
				"east": { "uv": [ 8, 0, 8.5, 0.5 ], "texture": "#texture" }
			}
		},
		{
			"__comment": "Box1",
			"from": [ 9.5, 6, -2 ],
			"to": [ 10.5, 10, 0 ],
			"faces": {
				"down": { "uv": [ 8, 0, 8.5, 0.5 ], "texture": "#texture" },
				"up": { "uv": [ 8, 0, 8.5, 0.5 ], "texture": "#texture" },
				"north": { "uv": [ 8, 0, 8.5, 0.5 ], "texture": "#texture" },
				"south": { "uv": [ 8, 0, 8.5, 0.5 ], "texture": "#texture" },
				"west": { "uv": [ 8, 0, 8.5, 0.5 ], "texture": "#texture" },
				"east": { "uv": [ 8, 0, 8.5, 0.5 ], "texture": "#texture" }
			}
		},
		{
			"__comment": "Box1",
			"from": [ 6, 1.5, 1 ],
			"to": [ 8, 6.5, 4 ],
			"rotation": { "origin": [ 6, 1.5, 1 ], "axis": "x", "angle": -22.5 },
			"faces": {
				"down": { "uv": [ 0, 0, 0.5, 0.5 ], "texture": "#texture" },
				"up": { "uv": [ 0, 0, 0.5, 0.5 ], "texture": "#texture" },
				"north": { "uv": [ 0, 0, 0.5, 0.5 ], "texture": "#texture" },
				"south": { "uv": [ 0, 0, 0.5, 0.5 ], "texture": "#texture" },
				"west": { "uv": [ 0, 0, 0.5, 0.5 ], "texture": "#texture" },
				"east": { "uv": [ 0, 0, 0.5, 0.5 ], "texture": "#texture" }
			}
		},
		{
			"__comment": "Box1",
			"from": [ 5, 6, -14.5 ],
			"to": [ 9, 10, -14 ],
			"faces": {
				"down": { "uv": [ 5, 0, 5.5, 0.5 ], "texture": "#texture" },
				"up": { "uv": [ 5, 0, 5.5, 0.5 ], "texture": "#texture" },
				"north": { "uv": [ 5, 0, 5.5, 0.5 ], "texture": "#texture" },
				"south": { "uv": [ 5, 0, 5.5, 0.5 ], "texture": "#texture" },
				"west": { "uv": [ 5, 0, 5.5, 0.5 ], "texture": "#texture" },
				"east": { "uv": [ 5, 0, 5.5, 0.5 ], "texture": "#texture" }
			}
		},
		{
			"__comment": "Box1",
			"from": [ 10, 6.5, 9 ],
			"to": [ 10.5, 9.5, 10.5 ],
			"faces": {
				"down": { "uv": [ 8, 0, 8.5, 0.5 ], "texture": "#texture" },
				"up": { "uv": [ 8, 0, 8.5, 0.5 ], "texture": "#texture" },
				"north": { "uv": [ 8, 0, 8.5, 0.5 ], "texture": "#texture" },
				"south": { "uv": [ 8, 0, 8.5, 0.5 ], "texture": "#texture" },
				"west": { "uv": [ 8, 0, 8.5, 0.5 ], "texture": "#texture" },
				"east": { "uv": [ 8, 0, 8.5, 0.5 ], "texture": "#texture" }
			}
		},
		{
			"__comment": "Box1",
			"from": [ 10, 7, 10.5 ],
			"to": [ 10.5, 9, 11 ],
			"faces": {
				"down": { "uv": [ 8, 0, 8.5, 0.5 ], "texture": "#texture" },
				"up": { "uv": [ 8, 0, 8.5, 0.5 ], "texture": "#texture" },
				"north": { "uv": [ 8, 0, 8.5, 0.5 ], "texture": "#texture" },
				"south": { "uv": [ 8, 0, 8.5, 0.5 ], "texture": "#texture" },
				"west": { "uv": [ 8, 0, 8.5, 0.5 ], "texture": "#texture" },
				"east": { "uv": [ 8, 0, 8.5, 0.5 ], "texture": "#texture" }
			}
		},
		{
			"__comment": "Box1",
			"from": [ 3.5, 6.5, 9 ],
			"to": [ 4, 9.5, 10.5 ],
			"faces": {
				"down": { "uv": [ 8, 0, 8.5, 0.5 ], "texture": "#texture" },
				"up": { "uv": [ 8, 0, 8.5, 0.5 ], "texture": "#texture" },
				"north": { "uv": [ 8, 0, 8.5, 0.5 ], "texture": "#texture" },
				"south": { "uv": [ 8, 0, 8.5, 0.5 ], "texture": "#texture" },
				"west": { "uv": [ 8, 0, 8.5, 0.5 ], "texture": "#texture" },
				"east": { "uv": [ 8, 0, 8.5, 0.5 ], "texture": "#texture" }
			}
		},
		{
			"__comment": "Box1",
			"from": [ 3.5, 7, 10.5 ],
			"to": [ 4, 9, 11 ],
			"faces": {
				"down": { "uv": [ 8, 0, 8.5, 0.5 ], "texture": "#texture" },
				"up": { "uv": [ 8, 0, 8.5, 0.5 ], "texture": "#texture" },
				"north": { "uv": [ 8, 0, 8.5, 0.5 ], "texture": "#texture" },
				"south": { "uv": [ 8, 0, 8.5, 0.5 ], "texture": "#texture" },
				"west": { "uv": [ 8, 0, 8.5, 0.5 ], "texture": "#texture" },
				"east": { "uv": [ 8, 0, 8.5, 0.5 ], "texture": "#texture" }
			}
		},
		{
			"__comment": "Box1",
			"from": [ 5.5, 11, 9 ],
			"to": [ 8.5, 11.5, 10.5 ],
			"faces": {
				"down": { "uv": [ 8, 0, 8.5, 0.5 ], "texture": "#texture" },
				"up": { "uv": [ 8, 0, 8.5, 0.5 ], "texture": "#texture" },
				"north": { "uv": [ 8, 0, 8.5, 0.5 ], "texture": "#texture" },
				"south": { "uv": [ 8, 0, 8.5, 0.5 ], "texture": "#texture" },
				"west": { "uv": [ 8, 0, 8.5, 0.5 ], "texture": "#texture" },
				"east": { "uv": [ 8, 0, 8.5, 0.5 ], "texture": "#texture" }
			}
		},
		{
			"__comment": "Box1",
			"from": [ 6, 11, 10.5 ],
			"to": [ 8, 11.5, 11 ],
			"faces": {
				"down": { "uv": [ 8, 0, 8.5, 0.5 ], "texture": "#texture" },
				"up": { "uv": [ 8, 0, 8.5, 0.5 ], "texture": "#texture" },
				"north": { "uv": [ 8, 0, 8.5, 0.5 ], "texture": "#texture" },
				"south": { "uv": [ 8, 0, 8.5, 0.5 ], "texture": "#texture" },
				"west": { "uv": [ 8, 0, 8.5, 0.5 ], "texture": "#texture" },
				"east": { "uv": [ 8, 0, 8.5, 0.5 ], "texture": "#texture" }
			}
		},
		{
			"__comment": "Box1",
			"from": [ 5.5, 4.5, 9 ],
			"to": [ 8.5, 5, 10.5 ],
			"faces": {
				"down": { "uv": [ 8, 0, 8.5, 0.5 ], "texture": "#texture" },
				"up": { "uv": [ 8, 0, 8.5, 0.5 ], "texture": "#texture" },
				"north": { "uv": [ 8, 0, 8.5, 0.5 ], "texture": "#texture" },
				"south": { "uv": [ 8, 0, 8.5, 0.5 ], "texture": "#texture" },
				"west": { "uv": [ 8, 0, 8.5, 0.5 ], "texture": "#texture" },
				"east": { "uv": [ 8, 0, 8.5, 0.5 ], "texture": "#texture" }
			}
		},
		{
			"__comment": "Box1",
			"from": [ 6, 4.5, 10.5 ],
			"to": [ 8, 5, 11 ],
			"faces": {
				"down": { "uv": [ 8, 0, 8.5, 0.5 ], "texture": "#texture" },
				"up": { "uv": [ 8, 0, 8.5, 0.5 ], "texture": "#texture" },
				"north": { "uv": [ 8, 0, 8.5, 0.5 ], "texture": "#texture" },
				"south": { "uv": [ 8, 0, 8.5, 0.5 ], "texture": "#texture" },
				"west": { "uv": [ 8, 0, 8.5, 0.5 ], "texture": "#texture" },
				"east": { "uv": [ 8, 0, 8.5, 0.5 ], "texture": "#texture" }
			}
		},
		{
			"__comment": "Box1",
			"from": [ 3.5, 5.5, 17.5 ],
			"to": [ 10.5, 10.5, 19.5 ],
			"faces": {
				"down": { "uv": [ 5, 0, 5.5, 0.5 ], "texture": "#texture" },
				"up": { "uv": [ 5, 0, 5.5, 0.5 ], "texture": "#texture" },
				"north": { "uv": [ 5, 0, 5.5, 0.5 ], "texture": "#texture" },
				"south": { "uv": [ 5, 0, 5.5, 0.5 ], "texture": "#texture" },
				"west": { "uv": [ 5, 0, 5.5, 0.5 ], "texture": "#texture" },
				"east": { "uv": [ 5, 0, 5.5, 0.5 ], "texture": "#texture" }
			}
		},
		{
			"__comment": "Box1",
			"from": [ 4.5, 10, 17.5 ],
			"to": [ 9.5, 11.5, 19.5 ],
			"faces": {
				"down": { "uv": [ 5, 0, 5.5, 0.5 ], "texture": "#texture" },
				"up": { "uv": [ 5, 0, 5.5, 0.5 ], "texture": "#texture" },
				"north": { "uv": [ 5, 0, 5.5, 0.5 ], "texture": "#texture" },
				"south": { "uv": [ 5, 0, 5.5, 0.5 ], "texture": "#texture" },
				"west": { "uv": [ 5, 0, 5.5, 0.5 ], "texture": "#texture" },
				"east": { "uv": [ 5, 0, 5.5, 0.5 ], "texture": "#texture" }
			}
		},
		{
			"__comment": "Box1",
			"from": [ 4.5, 4.5, 17.5 ],
			"to": [ 9.5, 6, 19.5 ],
			"faces": {
				"down": { "uv": [ 5, 0, 5.5, 0.5 ], "texture": "#texture" },
				"up": { "uv": [ 5, 0, 5.5, 0.5 ], "texture": "#texture" },
				"north": { "uv": [ 5, 0, 5.5, 0.5 ], "texture": "#texture" },
				"south": { "uv": [ 5, 0, 5.5, 0.5 ], "texture": "#texture" },
				"west": { "uv": [ 5, 0, 5.5, 0.5 ], "texture": "#texture" },
				"east": { "uv": [ 5, 0, 5.5, 0.5 ], "texture": "#texture" }
			}
		},
		{
			"__comment": "Box1",
			"from": [ 4.5, 5.5, 9 ],
			"to": [ 9.5, 10.5, 12 ],
			"faces": {
				"down": { "uv": [ 5, 0, 5.5, 0.5 ], "texture": "#texture" },
				"up": { "uv": [ 5, 0, 5.5, 0.5 ], "texture": "#texture" },
				"north": { "uv": [ 5, 0, 5.5, 0.5 ], "texture": "#texture" },
				"south": { "uv": [ 5, 0, 5.5, 0.5 ], "texture": "#texture" },
				"west": { "uv": [ 5, 0, 5.5, 0.5 ], "texture": "#texture" },
				"east": { "uv": [ 5, 0, 5.5, 0.5 ], "texture": "#texture" }
			}
		},
		{
			"__comment": "Box1",
			"from": [ 3.5, 6.5, 16 ],
			"to": [ 10.5, 7, 17.5 ],
			"faces": {
				"down": { "uv": [ 5, 0, 5.5, 0.5 ], "texture": "#texture" },
				"up": { "uv": [ 5, 0, 5.5, 0.5 ], "texture": "#texture" },
				"north": { "uv": [ 5, 0, 5.5, 0.5 ], "texture": "#texture" },
				"south": { "uv": [ 5, 0, 5.5, 0.5 ], "texture": "#texture" },
				"west": { "uv": [ 5, 0, 5.5, 0.5 ], "texture": "#texture" },
				"east": { "uv": [ 5, 0, 5.5, 0.5 ], "texture": "#texture" }
			}
		},
		{
			"__comment": "Box1",
			"from": [ 3.5, 9, 16 ],
			"to": [ 10.5, 9.5, 17.5 ],
			"faces": {
				"down": { "uv": [ 5, 0, 5.5, 0.5 ], "texture": "#texture" },
				"up": { "uv": [ 5, 0, 5.5, 0.5 ], "texture": "#texture" },
				"north": { "uv": [ 5, 0, 5.5, 0.5 ], "texture": "#texture" },
				"south": { "uv": [ 5, 0, 5.5, 0.5 ], "texture": "#texture" },
				"west": { "uv": [ 5, 0, 5.5, 0.5 ], "texture": "#texture" },
				"east": { "uv": [ 5, 0, 5.5, 0.5 ], "texture": "#texture" }
			}
		},
		{
			"__comment": "Box1",
			"from": [ 3.5, 7.5, 14.5 ],
			"to": [ 10.5, 8.5, 17.5 ],
			"faces": {
				"down": { "uv": [ 5, 0, 5.5, 0.5 ], "texture": "#texture" },
				"up": { "uv": [ 5, 0, 5.5, 0.5 ], "texture": "#texture" },
				"north": { "uv": [ 5, 0, 5.5, 0.5 ], "texture": "#texture" },
				"south": { "uv": [ 5, 0, 5.5, 0.5 ], "texture": "#texture" },
				"west": { "uv": [ 5, 0, 5.5, 0.5 ], "texture": "#texture" },
				"east": { "uv": [ 5, 0, 5.5, 0.5 ], "texture": "#texture" }
			}
		},
		{
			"__comment": "Box1",
			"from": [ 6.5, 4.5, 14.5 ],
			"to": [ 7.5, 11.5, 17.5 ],
			"faces": {
				"down": { "uv": [ 5, 0, 5.5, 0.5 ], "texture": "#texture" },
				"up": { "uv": [ 5, 0, 5.5, 0.5 ], "texture": "#texture" },
				"north": { "uv": [ 5, 0, 5.5, 0.5 ], "texture": "#texture" },
				"south": { "uv": [ 5, 0, 5.5, 0.5 ], "texture": "#texture" },
				"west": { "uv": [ 5, 0, 5.5, 0.5 ], "texture": "#texture" },
				"east": { "uv": [ 5, 0, 5.5, 0.5 ], "texture": "#texture" }
			}
		},
		{
			"__comment": "Box1",
			"from": [ 5.5, 4.5, 16 ],
			"to": [ 6, 11.5, 17.5 ],
			"faces": {
				"down": { "uv": [ 5, 0, 5.5, 0.5 ], "texture": "#texture" },
				"up": { "uv": [ 5, 0, 5.5, 0.5 ], "texture": "#texture" },
				"north": { "uv": [ 5, 0, 5.5, 0.5 ], "texture": "#texture" },
				"south": { "uv": [ 5, 0, 5.5, 0.5 ], "texture": "#texture" },
				"west": { "uv": [ 5, 0, 5.5, 0.5 ], "texture": "#texture" },
				"east": { "uv": [ 5, 0, 5.5, 0.5 ], "texture": "#texture" }
			}
		},
		{
			"__comment": "Box1",
			"from": [ 8, 4.5, 16 ],
			"to": [ 8.5, 11.5, 17.5 ],
			"faces": {
				"down": { "uv": [ 5, 0, 5.5, 0.5 ], "texture": "#texture" },
				"up": { "uv": [ 5, 0, 5.5, 0.5 ], "texture": "#texture" },
				"north": { "uv": [ 5, 0, 5.5, 0.5 ], "texture": "#texture" },
				"south": { "uv": [ 5, 0, 5.5, 0.5 ], "texture": "#texture" },
				"west": { "uv": [ 5, 0, 5.5, 0.5 ], "texture": "#texture" },
				"east": { "uv": [ 5, 0, 5.5, 0.5 ], "texture": "#texture" }
			}
		},
		{
			"__comment": "Box1",
			"from": [ 3.5, 6.5, 19.5 ],
			"to": [ 10.5, 9.5, 20 ],
			"faces": {
				"down": { "uv": [ 5, 0, 5.5, 0.5 ], "texture": "#texture" },
				"up": { "uv": [ 5, 0, 5.5, 0.5 ], "texture": "#texture" },
				"north": { "uv": [ 5, 0, 5.5, 0.5 ], "texture": "#texture" },
				"south": { "uv": [ 5, 0, 5.5, 0.5 ], "texture": "#texture" },
				"west": { "uv": [ 5, 0, 5.5, 0.5 ], "texture": "#texture" },
				"east": { "uv": [ 5, 0, 5.5, 0.5 ], "texture": "#texture" }
			}
		},
		{
			"__comment": "Box1",
			"from": [ 5.5, 4.5, 19.5 ],
			"to": [ 8.5, 11.5, 20 ],
			"faces": {
				"down": { "uv": [ 5, 0, 5.5, 0.5 ], "texture": "#texture" },
				"up": { "uv": [ 5, 0, 5.5, 0.5 ], "texture": "#texture" },
				"north": { "uv": [ 5, 0, 5.5, 0.5 ], "texture": "#texture" },
				"south": { "uv": [ 5, 0, 5.5, 0.5 ], "texture": "#texture" },
				"west": { "uv": [ 5, 0, 5.5, 0.5 ], "texture": "#texture" },
				"east": { "uv": [ 5, 0, 5.5, 0.5 ], "texture": "#texture" }
			}
		}
	],
	"display": {
		"thirdperson_righthand": {
			"rotation":  [ -180, 2, -180 ],
			"translation":  [ 0, 2.0869, -1.391 ],
			"scale":  [ 0.5, 0.5, 0.5 ]
		},
		"thirdperson_lefthand": {
			"rotation":  [ -180, -2, -180 ],
			"translation":  [ 0, 2.0869, -1.391 ],
			"scale":  [ 0.5, 0.5, 0.5 ]
		},
		"firstperson_righthand": {
			"rotation":  [ 0, -180, 0 ],
			"translation":  [ 0, -0.695, 0 ]
		},
		"firstperson_lefthand": {
			"rotation":  [ 0, -180, 0 ],
			"translation":  [ 0, -0.695, 0 ]
		},
		"gui": {
			"rotation":  [ 3, 45, 3 ],
			"translation":  [ 1.3913, 0.6956, 11.826 ],
			"scale":  [ 0.5, 0.5, 0.5 ]
		},
		"head": {
			"scale":  [ 0.0001, 0.0001, 0.0001 ]
		},
		"ground": {
			"translation":  [ 0, 2.7826, 0 ],
			"scale":  [ 0.4, 0.4, 0.4 ]
		},
		"fixed": {
			"scale":  [ 0.0001, 0.0001, 0.0001 ]
		}
	}
}