{
	"__comment": "Designed by Mcmakistein with Cubik Studio - https://cubik.studio",
	"textures": {
		"particle": "custom/1",
		"texture": "custom/1"
	},
	"elements": [ 	 
		{
			"__comment": "Box1",
			"from": [ 7, -10.5, 7 ],
			"to": [ 9, 9.5, 9 ],
			"faces": {
				"down": { "uv": [ 4, 1, 4.5, 1.5 ], "texture": "#texture" },
				"up": { "uv": [ 4, 1, 4.5, 1.5 ], "texture": "#texture" },
				"north": { "uv": [ 4, 1, 4.5, 1.5 ], "texture": "#texture" },
				"south": { "uv": [ 4, 1, 4.5, 1.5 ], "texture": "#texture" },
				"west": { "uv": [ 4, 1, 4.5, 1.5 ], "texture": "#texture" },
				"east": { "uv": [ 4, 1, 4.5, 1.5 ], "texture": "#texture" }
			}
		},
		{
			"__comment": "Box1",
			"from": [ 6.875, -14.5, 6.875 ],
			"to": [ 9.125, -10.5, 9.125 ],
			"faces": {
				"down": { "uv": [ 5, 1, 5.5, 1.5 ], "texture": "#texture" },
				"up": { "uv": [ 5, 1, 5.5, 1.5 ], "texture": "#texture" },
				"north": { "uv": [ 5, 1, 5.5, 1.5 ], "texture": "#texture" },
				"south": { "uv": [ 5, 1, 5.5, 1.5 ], "texture": "#texture" },
				"west": { "uv": [ 5, 1, 5.5, 1.5 ], "texture": "#texture" },
				"east": { "uv": [ 5, 1, 5.5, 1.5 ], "texture": "#texture" }
			}
		},
		{
			"__comment": "Box1",
			"from": [ 6.75, -14.5, 6.75 ],
			"to": [ 9.25, -13.5, 9.25 ],
			"faces": {
				"down": { "uv": [ 6, 1, 6.5, 1.5 ], "texture": "#texture" },
				"up": { "uv": [ 6, 1, 6.5, 1.5 ], "texture": "#texture" },
				"north": { "uv": [ 6, 1, 6.5, 1.5 ], "texture": "#texture" },
				"south": { "uv": [ 6, 1, 6.5, 1.5 ], "texture": "#texture" },
				"west": { "uv": [ 6, 1, 6.5, 1.5 ], "texture": "#texture" },
				"east": { "uv": [ 6, 1, 6.5, 1.5 ], "texture": "#texture" }
			}
		},
		{
			"__comment": "Box1",
			"from": [ 7, -15.5, 7 ],
			"to": [ 9, -14.5, 9 ],
			"faces": {
				"down": { "uv": [ 7, 1, 7.5, 1.5 ], "texture": "#texture" },
				"up": { "uv": [ 7, 1, 7.5, 1.5 ], "texture": "#texture" },
				"north": { "uv": [ 7, 1, 7.5, 1.5 ], "texture": "#texture" },
				"south": { "uv": [ 7, 1, 7.5, 1.5 ], "texture": "#texture" },
				"west": { "uv": [ 7, 1, 7.5, 1.5 ], "texture": "#texture" },
				"east": { "uv": [ 7, 1, 7.5, 1.5 ], "texture": "#texture" }
			}
		},
		{
			"__comment": "Box1",
			"from": [ 7.25, -16, 7.25 ],
			"to": [ 8.75, -15.5, 8.75 ],
			"faces": {
				"down": { "uv": [ 7, 1, 7.5, 1.5 ], "texture": "#texture" },
				"up": { "uv": [ 7, 1, 7.5, 1.5 ], "texture": "#texture" },
				"north": { "uv": [ 7, 1, 7.5, 1.5 ], "texture": "#texture" },
				"south": { "uv": [ 7, 1, 7.5, 1.5 ], "texture": "#texture" },
				"west": { "uv": [ 7, 1, 7.5, 1.5 ], "texture": "#texture" },
				"east": { "uv": [ 7, 1, 7.5, 1.5 ], "texture": "#texture" }
			}
		},
		{
			"__comment": "Box1",
			"from": [ 6.75, 9.5, 6.75 ],
			"to": [ 9.25, 17, 9.25 ],
			"faces": {
				"down": { "uv": [ 4, 1, 4.5, 1.5 ], "texture": "#texture" },
				"up": { "uv": [ 4, 1, 4.5, 1.5 ], "texture": "#texture" },
				"north": { "uv": [ 4, 1, 4.5, 1.5 ], "texture": "#texture" },
				"south": { "uv": [ 4, 1, 4.5, 1.5 ], "texture": "#texture" },
				"west": { "uv": [ 4, 1, 4.5, 1.5 ], "texture": "#texture" },
				"east": { "uv": [ 4, 1, 4.5, 1.5 ], "texture": "#texture" }
			}
		},
		{
			"__comment": "Box1",
			"from": [ 6.625, 9, 6.625 ],
			"to": [ 9.375, 10, 9.375 ],
			"faces": {
				"down": { "uv": [ 5, 1, 5.5, 1.5 ], "texture": "#texture" },
				"up": { "uv": [ 5, 1, 5.5, 1.5 ], "texture": "#texture" },
				"north": { "uv": [ 5, 1, 5.5, 1.5 ], "texture": "#texture" },
				"south": { "uv": [ 5, 1, 5.5, 1.5 ], "texture": "#texture" },
				"west": { "uv": [ 5, 1, 5.5, 1.5 ], "texture": "#texture" },
				"east": { "uv": [ 5, 1, 5.5, 1.5 ], "texture": "#texture" }
			}
		},
		{
			"__comment": "Box1",
			"from": [ 8.375, 6.5, 7.125 ],
			"to": [ 9.375, 9, 8.875 ],
			"rotation": { "origin": [ 9.375, 9, 7.125 ], "axis": "z", "angle": -22.5 },
			"faces": {
				"down": { "uv": [ 5, 1, 5.5, 1.5 ], "texture": "#texture", "rotation": 180 },
				"up": { "uv": [ 5, 1, 5.5, 1.5 ], "texture": "#texture", "rotation": 180 },
				"north": { "uv": [ 5.5, 1.5, 5, 1 ], "texture": "#texture" },
				"south": { "uv": [ 5.5, 1.5, 5, 1 ], "texture": "#texture" },
				"west": { "uv": [ 5, 1, 5.5, 1.5 ], "texture": "#texture", "rotation": 180 },
				"east": { "uv": [ 5, 1, 5.5, 1.5 ], "texture": "#texture", "rotation": 180 }
			}
		},
		{
			"__comment": "Box1",
			"from": [ 6.625, 7, 7.125 ],
			"to": [ 7.625, 9, 8.875 ],
			"rotation": { "origin": [ 6.625, 9, 7.125 ], "axis": "z", "angle": 22.5 },
			"faces": {
				"down": { "uv": [ 5.5, 1.5, 5, 1 ], "texture": "#texture", "rotation": 270 },
				"up": { "uv": [ 5, 1, 5.5, 1.5 ], "texture": "#texture", "rotation": 90 },
				"north": { "uv": [ 5, 1, 5.5, 1.5 ], "texture": "#texture", "rotation": 270 },
				"south": { "uv": [ 5, 1, 5.5, 1.5 ], "texture": "#texture", "rotation": 90 },
				"west": { "uv": [ 5.5, 1.5, 5, 1 ], "texture": "#texture", "rotation": 270 },
				"east": { "uv": [ 5, 1, 5.5, 1.5 ], "texture": "#texture", "rotation": 90 }
			}
		},
		{
			"__comment": "Box1",
			"from": [ 7.125, 6.5, 6.625 ],
			"to": [ 8.875, 9, 7.625 ],
			"rotation": { "origin": [ 8.875, 9, 6.625 ], "axis": "x", "angle": -22.5 },
			"faces": {
				"down": { "uv": [ 5, 1, 5.5, 1.5 ], "texture": "#texture", "rotation": 180 },
				"up": { "uv": [ 5, 1, 5.5, 1.5 ], "texture": "#texture", "rotation": 180 },
				"north": { "uv": [ 5.5, 1.5, 5, 1 ], "texture": "#texture" },
				"south": { "uv": [ 5.5, 1.5, 5, 1 ], "texture": "#texture" },
				"west": { "uv": [ 5, 1, 5.5, 1.5 ], "texture": "#texture", "rotation": 180 },
				"east": { "uv": [ 5, 1, 5.5, 1.5 ], "texture": "#texture", "rotation": 180 }
			}
		},
		{
			"__comment": "Box1",
			"from": [ 7.125, 7, 8.375 ],
			"to": [ 8.875, 9, 9.375 ],
			"rotation": { "origin": [ 8.875, 9, 9.375 ], "axis": "x", "angle": 22.5 },
			"faces": {
				"down": { "uv": [ 5.5, 1.5, 5, 1 ], "texture": "#texture" },
				"up": { "uv": [ 5, 1, 5.5, 1.5 ], "texture": "#texture" },
				"north": { "uv": [ 5.5, 1.5, 5, 1 ], "texture": "#texture", "rotation": 180 },
				"south": { "uv": [ 5, 1, 5.5, 1.5 ], "texture": "#texture", "rotation": 180 },
				"west": { "uv": [ 5, 1, 5.5, 1.5 ], "texture": "#texture", "rotation": 270 },
				"east": { "uv": [ 5, 1, 5.5, 1.5 ], "texture": "#texture", "rotation": 90 }
			}
		},
		{
			"__comment": "Box1",
			"from": [ 6.875, 17, 6.875 ],
			"to": [ 9.125, 18.5, 9.125 ],
			"faces": {
				"down": { "uv": [ 7, 1, 7.5, 1.5 ], "texture": "#texture" },
				"up": { "uv": [ 7, 1, 7.5, 1.5 ], "texture": "#texture" },
				"north": { "uv": [ 7, 1, 7.5, 1.5 ], "texture": "#texture" },
				"south": { "uv": [ 7, 1, 7.5, 1.5 ], "texture": "#texture" },
				"west": { "uv": [ 7, 1, 7.5, 1.5 ], "texture": "#texture" },
				"east": { "uv": [ 7, 1, 7.5, 1.5 ], "texture": "#texture" }
			}
		},
		{
			"__comment": "Box1",
			"from": [ 6.75, 17.25, 6.75 ],
			"to": [ 9.25, 18.25, 9.25 ],
			"faces": {
				"down": { "uv": [ 7, 1, 7.5, 1.5 ], "texture": "#texture" },
				"up": { "uv": [ 7, 1, 7.5, 1.5 ], "texture": "#texture" },
				"north": { "uv": [ 7, 1, 7.5, 1.5 ], "texture": "#texture" },
				"south": { "uv": [ 7, 1, 7.5, 1.5 ], "texture": "#texture" },
				"west": { "uv": [ 7, 1, 7.5, 1.5 ], "texture": "#texture" },
				"east": { "uv": [ 7, 1, 7.5, 1.5 ], "texture": "#texture" }
			}
		},
		{
			"__comment": "Box1",
			"from": [ 6.875, 18.5, 6.875 ],
			"to": [ 9.125, 21, 9.125 ],
			"faces": {
				"down": { "uv": [ 4, 1, 4.5, 1.5 ], "texture": "#texture" },
				"up": { "uv": [ 4, 1, 4.5, 1.5 ], "texture": "#texture" },
				"north": { "uv": [ 4, 1, 4.5, 1.5 ], "texture": "#texture" },
				"south": { "uv": [ 4, 1, 4.5, 1.5 ], "texture": "#texture" },
				"west": { "uv": [ 4, 1, 4.5, 1.5 ], "texture": "#texture" },
				"east": { "uv": [ 4, 1, 4.5, 1.5 ], "texture": "#texture" }
			}
		},
		{
			"__comment": "Box1",
			"from": [ 6.75, 20.5, 6.75 ],
			"to": [ 8, 26.125, 9.25 ],
			"rotation": { "origin": [ 6.75, 20.5, 6.75 ], "axis": "z", "angle": 22.5 },
			"faces": {
				"down": { "uv": [ 4, 1, 4.5, 1.5 ], "texture": "#texture" },
				"up": { "uv": [ 4, 1, 4.5, 1.5 ], "texture": "#texture" },
				"north": { "uv": [ 4, 1, 4.5, 1.5 ], "texture": "#texture" },
				"south": { "uv": [ 4, 1, 4.5, 1.5 ], "texture": "#texture" },
				"west": { "uv": [ 4, 1, 4.5, 1.5 ], "texture": "#texture" },
				"east": { "uv": [ 4, 1, 4.5, 1.5 ], "texture": "#texture" }
			}
		},
		{
			"__comment": "Box1",
			"from": [ 4.5625, 25.6562, 6.4375 ],
			"to": [ 5.8125, 28.1562, 9.5625 ],
			"faces": {
				"down": { "uv": [ 4, 1, 4.5, 1.5 ], "texture": "#texture" },
				"up": { "uv": [ 4, 1, 4.5, 1.5 ], "texture": "#texture" },
				"north": { "uv": [ 4, 1, 4.5, 1.5 ], "texture": "#texture" },
				"south": { "uv": [ 4, 1, 4.5, 1.5 ], "texture": "#texture" },
				"west": { "uv": [ 4, 1, 4.5, 1.5 ], "texture": "#texture" },
				"east": { "uv": [ 4, 1, 4.5, 1.5 ], "texture": "#texture" }
			}
		},
		{
			"__comment": "Box1",
			"from": [ 8.0001, 20.5, 6.75 ],
			"to": [ 9.2501, 26.125, 9.25 ],
			"rotation": { "origin": [ 9.25, 20.5, 6.75 ], "axis": "z", "angle": -22.5 },
			"faces": {
				"down": { "uv": [ 4.5, 1.5, 4, 1 ], "texture": "#texture", "rotation": 90 },
				"up": { "uv": [ 4, 1, 4.5, 1.5 ], "texture": "#texture", "rotation": 270 },
				"north": { "uv": [ 4.5, 1.5, 4, 1 ], "texture": "#texture", "rotation": 270 },
				"south": { "uv": [ 4.5, 1.5, 4, 1 ], "texture": "#texture", "rotation": 90 },
				"west": { "uv": [ 4.5, 1.5, 4, 1 ], "texture": "#texture", "rotation": 90 },
				"east": { "uv": [ 4, 1, 4.5, 1.5 ], "texture": "#texture", "rotation": 270 }
			}
		},
		{
			"__comment": "Box1",
			"from": [ 10.1875, 25.6562, 6.4375 ],
			"to": [ 11.4375, 28.1562, 9.5625 ],
			"faces": {
				"down": { "uv": [ 4, 1, 4.5, 1.5 ], "texture": "#texture" },
				"up": { "uv": [ 4, 1, 4.5, 1.5 ], "texture": "#texture" },
				"north": { "uv": [ 4, 1, 4.5, 1.5 ], "texture": "#texture" },
				"south": { "uv": [ 4, 1, 4.5, 1.5 ], "texture": "#texture" },
				"west": { "uv": [ 4, 1, 4.5, 1.5 ], "texture": "#texture" },
				"east": { "uv": [ 4, 1, 4.5, 1.5 ], "texture": "#texture" }
			}
		},
		{
			"__comment": "Box1",
			"from": [ 4.5625, 28.1562, 6.9062 ],
			"to": [ 5.8125, 30.6562, 9.0937 ],
			"rotation": { "origin": [ 4.5625, 28.15625, 6.90625 ], "axis": "z", "angle": -22.5 },
			"faces": {
				"down": { "uv": [ 4, 1, 4.5, 1.5 ], "texture": "#texture" },
				"up": { "uv": [ 4, 1, 4.5, 1.5 ], "texture": "#texture" },
				"north": { "uv": [ 4, 1, 4.5, 1.5 ], "texture": "#texture" },
				"south": { "uv": [ 4, 1, 4.5, 1.5 ], "texture": "#texture" },
				"west": { "uv": [ 4, 1, 4.5, 1.5 ], "texture": "#texture" },
				"east": { "uv": [ 4, 1, 4.5, 1.5 ], "texture": "#texture" }
			}
		},
		{
			"__comment": "Box1",
			"from": [ 10.1875, 28.1562, 6.75 ],
			"to": [ 11.4375, 30.6562, 9.25 ],
			"rotation": { "origin": [ 11.4375, 28.15625, 6.75 ], "axis": "z", "angle": 22.5 },
			"faces": {
				"down": { "uv": [ 4.5, 1.5, 4, 1 ], "texture": "#texture", "rotation": 90 },
				"up": { "uv": [ 4, 1, 4.5, 1.5 ], "texture": "#texture", "rotation": 270 },
				"north": { "uv": [ 4.5, 1.5, 4, 1 ], "texture": "#texture", "rotation": 270 },
				"south": { "uv": [ 4.5, 1.5, 4, 1 ], "texture": "#texture", "rotation": 90 },
				"west": { "uv": [ 4.5, 1.5, 4, 1 ], "texture": "#texture", "rotation": 90 },
				"east": { "uv": [ 4, 1, 4.5, 1.5 ], "texture": "#texture", "rotation": 270 }
			}
		},
		{
			"__comment": "Box1",
			"from": [ 7.5, 22, 7.5 ],
			"to": [ 8.5, 27, 8.5 ],
			"faces": {
				"down": { "uv": [ 7, 1, 7.5, 1.5 ], "texture": "#texture" },
				"up": { "uv": [ 7, 1, 7.5, 1.5 ], "texture": "#texture" },
				"north": { "uv": [ 7, 1, 7.5, 1.5 ], "texture": "#texture" },
				"south": { "uv": [ 7, 1, 7.5, 1.5 ], "texture": "#texture" },
				"west": { "uv": [ 7, 1, 7.5, 1.5 ], "texture": "#texture" },
				"east": { "uv": [ 7, 1, 7.5, 1.5 ], "texture": "#texture" }
			}
		},
		{
			"__comment": "Box1",
			"from": [ 7.25, 23, 7.25 ],
			"to": [ 8.75, 26.5, 8.75 ],
			"faces": {
				"down": { "uv": [ 7, 1, 7.5, 1.5 ], "texture": "#texture" },
				"up": { "uv": [ 7, 1, 7.5, 1.5 ], "texture": "#texture" },
				"north": { "uv": [ 7, 1, 7.5, 1.5 ], "texture": "#texture" },
				"south": { "uv": [ 7, 1, 7.5, 1.5 ], "texture": "#texture" },
				"west": { "uv": [ 7, 1, 7.5, 1.5 ], "texture": "#texture" },
				"east": { "uv": [ 7, 1, 7.5, 1.5 ], "texture": "#texture" }
			}
		},
		{
			"__comment": "Box1",
			"from": [ 7, 24, 7 ],
			"to": [ 9, 25.5, 9 ],
			"faces": {
				"down": { "uv": [ 7, 1, 7.5, 1.5 ], "texture": "#texture" },
				"up": { "uv": [ 7, 1, 7.5, 1.5 ], "texture": "#texture" },
				"north": { "uv": [ 7, 1, 7.5, 1.5 ], "texture": "#texture" },
				"south": { "uv": [ 7, 1, 7.5, 1.5 ], "texture": "#texture" },
				"west": { "uv": [ 7, 1, 7.5, 1.5 ], "texture": "#texture" },
				"east": { "uv": [ 7, 1, 7.5, 1.5 ], "texture": "#texture" }
			}
		},
		{
			"__comment": "Box1",
			"from": [ 6.75, 20.5, 6.75 ],
			"to": [ 9.25, 26.125, 8 ],
			"rotation": { "origin": [ 6.75, 20.5, 6.75 ], "axis": "x", "angle": -22.5 },
			"faces": {
				"down": { "uv": [ 4.5, 1.5, 4, 1 ], "texture": "#texture", "rotation": 90 },
				"up": { "uv": [ 4, 1, 4.5, 1.5 ], "texture": "#texture", "rotation": 270 },
				"north": { "uv": [ 4.5, 1.5, 4, 1 ], "texture": "#texture", "rotation": 270 },
				"south": { "uv": [ 4.5, 1.5, 4, 1 ], "texture": "#texture", "rotation": 90 },
				"west": { "uv": [ 4.5, 1.5, 4, 1 ], "texture": "#texture", "rotation": 90 },
				"east": { "uv": [ 4, 1, 4.5, 1.5 ], "texture": "#texture", "rotation": 270 }
			}
		},
		{
			"__comment": "Box1",
			"from": [ 6.75, 20.5, 8 ],
			"to": [ 9.25, 26.125, 9.25 ],
			"rotation": { "origin": [ 6.75, 20.5, 9.25 ], "axis": "x", "angle": 22.5 },
			"faces": {
				"down": { "uv": [ 4, 1, 4.5, 1.5 ], "texture": "#texture", "rotation": 270 },
				"up": { "uv": [ 4.5, 1.5, 4, 1 ], "texture": "#texture", "rotation": 90 },
				"north": { "uv": [ 4.5, 1.5, 4, 1 ], "texture": "#texture", "rotation": 270 },
				"south": { "uv": [ 4.5, 1.5, 4, 1 ], "texture": "#texture", "rotation": 90 },
				"west": { "uv": [ 4.5, 1.5, 4, 1 ], "texture": "#texture" },
				"east": { "uv": [ 4, 1, 4.5, 1.5 ], "texture": "#texture" }
			}
		},
		{
			"__comment": "Box1",
			"from": [ 6.4375, 25.6562, 4.5625 ],
			"to": [ 9.5625, 28.1562, 5.8125 ],
			"faces": {
				"down": { "uv": [ 4, 1, 4.5, 1.5 ], "texture": "#texture" },
				"up": { "uv": [ 4, 1, 4.5, 1.5 ], "texture": "#texture" },
				"north": { "uv": [ 4, 1, 4.5, 1.5 ], "texture": "#texture" },
				"south": { "uv": [ 4, 1, 4.5, 1.5 ], "texture": "#texture" },
				"west": { "uv": [ 4, 1, 4.5, 1.5 ], "texture": "#texture" },
				"east": { "uv": [ 4, 1, 4.5, 1.5 ], "texture": "#texture" }
			}
		},
		{
			"__comment": "Box1",
			"from": [ 6.4375, 25.6562, 10.1875 ],
			"to": [ 9.5625, 28.1562, 11.4375 ],
			"faces": {
				"down": { "uv": [ 4, 1, 4.5, 1.5 ], "texture": "#texture" },
				"up": { "uv": [ 4, 1, 4.5, 1.5 ], "texture": "#texture" },
				"north": { "uv": [ 4, 1, 4.5, 1.5 ], "texture": "#texture" },
				"south": { "uv": [ 4, 1, 4.5, 1.5 ], "texture": "#texture" },
				"west": { "uv": [ 4, 1, 4.5, 1.5 ], "texture": "#texture" },
				"east": { "uv": [ 4, 1, 4.5, 1.5 ], "texture": "#texture" }
			}
		},
		{
			"__comment": "Box1",
			"from": [ 6.75, 28.1562, 4.5625 ],
			"to": [ 9.25, 30.6562, 5.8125 ],
			"rotation": { "origin": [ 6.75, 28.15625, 4.5625 ], "axis": "x", "angle": 22.5 },
			"faces": {
				"down": { "uv": [ 4.5, 1.5, 4, 1 ], "texture": "#texture", "rotation": 90 },
				"up": { "uv": [ 4, 1, 4.5, 1.5 ], "texture": "#texture", "rotation": 270 },
				"north": { "uv": [ 4.5, 1.5, 4, 1 ], "texture": "#texture", "rotation": 270 },
				"south": { "uv": [ 4.5, 1.5, 4, 1 ], "texture": "#texture", "rotation": 90 },
				"west": { "uv": [ 4.5, 1.5, 4, 1 ], "texture": "#texture", "rotation": 90 },
				"east": { "uv": [ 4, 1, 4.5, 1.5 ], "texture": "#texture", "rotation": 270 }
			}
		},
		{
			"__comment": "Box1",
			"from": [ 6.75, 28.1562, 10.1875 ],
			"to": [ 9.25, 30.6562, 11.4375 ],
			"rotation": { "origin": [ 6.75, 28.15625, 11.4375 ], "axis": "x", "angle": -22.5 },
			"faces": {
				"down": { "uv": [ 4, 1, 4.5, 1.5 ], "texture": "#texture", "rotation": 270 },
				"up": { "uv": [ 4.5, 1.5, 4, 1 ], "texture": "#texture", "rotation": 90 },
				"north": { "uv": [ 4.5, 1.5, 4, 1 ], "texture": "#texture", "rotation": 270 },
				"south": { "uv": [ 4.5, 1.5, 4, 1 ], "texture": "#texture", "rotation": 90 },
				"west": { "uv": [ 4.5, 1.5, 4, 1 ], "texture": "#texture" },
				"east": { "uv": [ 4, 1, 4.5, 1.5 ], "texture": "#texture" }
			}
		},
		{
			"__comment": "Box1",
			"from": [ 5, 20.5, 7.75 ],
			"to": [ 7.5, 21.5, 8.25 ],
			"rotation": { "origin": [ 7.5, 20.5, 7.75 ], "axis": "z", "angle": -22.5 },
			"faces": {
				"down": { "uv": [ 4, 1, 4.5, 1.5 ], "texture": "#texture", "rotation": 180 },
				"up": { "uv": [ 4, 1, 4.5, 1.5 ], "texture": "#texture", "rotation": 180 },
				"north": { "uv": [ 4, 1, 4.5, 1.5 ], "texture": "#texture", "rotation": 180 },
				"south": { "uv": [ 4, 1, 4.5, 1.5 ], "texture": "#texture", "rotation": 180 },
				"west": { "uv": [ 4.5, 1.5, 4, 1 ], "texture": "#texture" },
				"east": { "uv": [ 4.5, 1.5, 4, 1 ], "texture": "#texture" }
			}
		},
		{
			"__comment": "Box1",
			"from": [ 8.125, 20.5, 7.75 ],
			"to": [ 10.625, 21.5, 8.25 ],
			"rotation": { "origin": [ 8.125, 21.5, 7.75 ], "axis": "z", "angle": 22.5 },
			"faces": {
				"down": { "uv": [ 4, 1, 4.5, 1.5 ], "texture": "#texture" },
				"up": { "uv": [ 4, 1, 4.5, 1.5 ], "texture": "#texture" },
				"north": { "uv": [ 4.5, 1.5, 4, 1 ], "texture": "#texture", "rotation": 180 },
				"south": { "uv": [ 4.5, 1.5, 4, 1 ], "texture": "#texture", "rotation": 180 },
				"west": { "uv": [ 4.5, 1.5, 4, 1 ], "texture": "#texture", "rotation": 180 },
				"east": { "uv": [ 4.5, 1.5, 4, 1 ], "texture": "#texture", "rotation": 180 }
			}
		},
		{
			"__comment": "Box1",
			"from": [ 7.75, 20.375, 5.375 ],
			"to": [ 8.25, 21.375, 7.875 ],
			"rotation": { "origin": [ 7.75, 21.375, 7.875 ], "axis": "x", "angle": 22.5 },
			"faces": {
				"down": { "uv": [ 4, 1, 4.5, 1.5 ], "texture": "#texture", "rotation": 90 },
				"up": { "uv": [ 4, 1, 4.5, 1.5 ], "texture": "#texture", "rotation": 270 },
				"north": { "uv": [ 4.5, 1.5, 4, 1 ], "texture": "#texture", "rotation": 180 },
				"south": { "uv": [ 4.5, 1.5, 4, 1 ], "texture": "#texture", "rotation": 180 },
				"west": { "uv": [ 4.5, 1.5, 4, 1 ], "texture": "#texture", "rotation": 180 },
				"east": { "uv": [ 4.5, 1.5, 4, 1 ], "texture": "#texture", "rotation": 180 }
			}
		},
		{
			"__comment": "Box1",
			"from": [ 7.75, 20.5, 8.5 ],
			"to": [ 8.25, 21.5, 11 ],
			"rotation": { "origin": [ 7.75, 20.5, 8.5 ], "axis": "x", "angle": -22.5 },
			"faces": {
				"down": { "uv": [ 4, 1, 4.5, 1.5 ], "texture": "#texture", "rotation": 270 },
				"up": { "uv": [ 4, 1, 4.5, 1.5 ], "texture": "#texture", "rotation": 90 },
				"north": { "uv": [ 4, 1, 4.5, 1.5 ], "texture": "#texture", "rotation": 180 },
				"south": { "uv": [ 4, 1, 4.5, 1.5 ], "texture": "#texture", "rotation": 180 },
				"west": { "uv": [ 4.5, 1.5, 4, 1 ], "texture": "#texture" },
				"east": { "uv": [ 4.5, 1.5, 4, 1 ], "texture": "#texture" }
			}
		},
		{
			"__comment": "Box1",
			"from": [ 8.035399, 19.9104, 6.5 ],
			"to": [ 8.535399, 20.4104, 9.5 ],
			"rotation": { "origin": [ 8, 19.875, 6.5 ], "axis": "z", "angle": 45 },
			"faces": {
				"down": { "uv": [ 7, 1, 7.5, 1.5 ], "texture": "#texture" },
				"up": { "uv": [ 7, 1, 7.5, 1.5 ], "texture": "#texture" },
				"north": { "uv": [ 7, 1, 7.5, 1.5 ], "texture": "#texture" },
				"south": { "uv": [ 7, 1, 7.5, 1.5 ], "texture": "#texture" },
				"west": { "uv": [ 7, 1, 7.5, 1.5 ], "texture": "#texture" },
				"east": { "uv": [ 7, 1, 7.5, 1.5 ], "texture": "#texture" }
			}
		},
		{
			"__comment": "Box1",
			"from": [ 8, 19.75, 6.625 ],
			"to": [ 8.75, 20.5, 9.375 ],
			"rotation": { "origin": [ 8, 19.75, 6.625 ], "axis": "z", "angle": 45 },
			"faces": {
				"down": { "uv": [ 0, 0, 0.5, 0.5 ], "texture": "#texture" },
				"up": { "uv": [ 0, 0, 0.5, 0.5 ], "texture": "#texture" },
				"north": { "uv": [ 0, 0, 0.5, 0.5 ], "texture": "#texture" },
				"south": { "uv": [ 0, 0, 0.5, 0.5 ], "texture": "#texture" },
				"west": { "uv": [ 0, 0, 0.5, 0.5 ], "texture": "#texture" },
				"east": { "uv": [ 0, 0, 0.5, 0.5 ], "texture": "#texture" }
			}
		},
		{
			"__comment": "Box1",
			"from": [ 6.625, 19.5, 7.75 ],
			"to": [ 9.375, 20.25, 8.5 ],
			"rotation": { "origin": [ 6.625, 20.25, 8.5 ], "axis": "x", "angle": 45 },
			"faces": {
				"down": { "uv": [ 0, 0, 0.5, 0.5 ], "texture": "#texture", "rotation": 180 },
				"up": { "uv": [ 0.5, 0.5, 0, 0 ], "texture": "#texture", "rotation": 180 },
				"north": { "uv": [ 0.5, 0.5, 0, 0 ], "texture": "#texture", "rotation": 270 },
				"south": { "uv": [ 0, 0, 0.5, 0.5 ], "texture": "#texture", "rotation": 90 },
				"west": { "uv": [ 0, 0, 0.5, 0.5 ], "texture": "#texture", "rotation": 270 },
				"east": { "uv": [ 0, 0, 0.5, 0.5 ], "texture": "#texture", "rotation": 90 }
			}
		},
		{
			"__comment": "Box1",
			"from": [ 6.5, 19.7146, 7.8396 ],
			"to": [ 9.5, 20.2146, 8.3396 ],
			"rotation": { "origin": [ 6.5, 20.25, 8.375 ], "axis": "x", "angle": 45 },
			"faces": {
				"down": { "uv": [ 7, 1, 7.5, 1.5 ], "texture": "#texture", "rotation": 180 },
				"up": { "uv": [ 7.5, 1.5, 7, 1 ], "texture": "#texture", "rotation": 180 },
				"north": { "uv": [ 7.5, 1.5, 7, 1 ], "texture": "#texture", "rotation": 270 },
				"south": { "uv": [ 7, 1, 7.5, 1.5 ], "texture": "#texture", "rotation": 90 },
				"west": { "uv": [ 7, 1, 7.5, 1.5 ], "texture": "#texture", "rotation": 270 },
				"east": { "uv": [ 7, 1, 7.5, 1.5 ], "texture": "#texture", "rotation": 90 }
			}
		},
		{
			"__comment": "Box1",
			"from": [ 6.625, 16, 7.25 ],
			"to": [ 9.375, 16.375, 7.625 ],
			"faces": {
				"down": { "uv": [ 0, 0, 0.5, 0.5 ], "texture": "#texture", "rotation": 90 },
				"up": { "uv": [ 0, 0, 0.5, 0.5 ], "texture": "#texture", "rotation": 270 },
				"north": { "uv": [ 0.5, 0.5, 0, 0 ], "texture": "#texture", "rotation": 180 },
				"south": { "uv": [ 0.5, 0.5, 0, 0 ], "texture": "#texture", "rotation": 180 },
				"west": { "uv": [ 0, 0, 0.5, 0.5 ], "texture": "#texture" },
				"east": { "uv": [ 0, 0, 0.5, 0.5 ], "texture": "#texture" }
			}
		},
		{
			"__comment": "Box1",
			"from": [ 6.625, 16, 8.375 ],
			"to": [ 9.375, 16.375, 8.75 ],
			"faces": {
				"down": { "uv": [ 0, 0, 0.5, 0.5 ], "texture": "#texture", "rotation": 90 },
				"up": { "uv": [ 0, 0, 0.5, 0.5 ], "texture": "#texture", "rotation": 270 },
				"north": { "uv": [ 0.5, 0.5, 0, 0 ], "texture": "#texture", "rotation": 180 },
				"south": { "uv": [ 0.5, 0.5, 0, 0 ], "texture": "#texture", "rotation": 180 },
				"west": { "uv": [ 0, 0, 0.5, 0.5 ], "texture": "#texture" },
				"east": { "uv": [ 0, 0, 0.5, 0.5 ], "texture": "#texture" }
			}
		},
		{
			"__comment": "Box1",
			"from": [ 6.625, 15, 7.375 ],
			"to": [ 9.375, 15.25, 7.625 ],
			"faces": {
				"down": { "uv": [ 0, 0, 0.5, 0.5 ], "texture": "#texture", "rotation": 90 },
				"up": { "uv": [ 0, 0, 0.5, 0.5 ], "texture": "#texture", "rotation": 270 },
				"north": { "uv": [ 0.5, 0.5, 0, 0 ], "texture": "#texture", "rotation": 180 },
				"south": { "uv": [ 0.5, 0.5, 0, 0 ], "texture": "#texture", "rotation": 180 },
				"west": { "uv": [ 0, 0, 0.5, 0.5 ], "texture": "#texture" },
				"east": { "uv": [ 0, 0, 0.5, 0.5 ], "texture": "#texture" }
			}
		},
		{
			"__comment": "Box1",
			"from": [ 6.625, 15, 8.375 ],
			"to": [ 9.375, 15.25, 8.625 ],
			"faces": {
				"down": { "uv": [ 0, 0, 0.5, 0.5 ], "texture": "#texture", "rotation": 90 },
				"up": { "uv": [ 0, 0, 0.5, 0.5 ], "texture": "#texture", "rotation": 270 },
				"north": { "uv": [ 0.5, 0.5, 0, 0 ], "texture": "#texture", "rotation": 180 },
				"south": { "uv": [ 0.5, 0.5, 0, 0 ], "texture": "#texture", "rotation": 180 },
				"west": { "uv": [ 0, 0, 0.5, 0.5 ], "texture": "#texture" },
				"east": { "uv": [ 0, 0, 0.5, 0.5 ], "texture": "#texture" }
			}
		},
		{
			"__comment": "Box1",
			"from": [ 6.625, 14, 7.5 ],
			"to": [ 9.375, 14.125, 7.625 ],
			"faces": {
				"down": { "uv": [ 0, 0, 0.5, 0.5 ], "texture": "#texture", "rotation": 90 },
				"up": { "uv": [ 0, 0, 0.5, 0.5 ], "texture": "#texture", "rotation": 270 },
				"north": { "uv": [ 0.5, 0.5, 0, 0 ], "texture": "#texture", "rotation": 180 },
				"south": { "uv": [ 0.5, 0.5, 0, 0 ], "texture": "#texture", "rotation": 180 },
				"west": { "uv": [ 0, 0, 0.5, 0.5 ], "texture": "#texture" },
				"east": { "uv": [ 0, 0, 0.5, 0.5 ], "texture": "#texture" }
			}
		},
		{
			"__comment": "Box1",
			"from": [ 6.625, 14, 8.375 ],
			"to": [ 9.375, 14.125, 8.5 ],
			"faces": {
				"down": { "uv": [ 0, 0, 0.5, 0.5 ], "texture": "#texture", "rotation": 90 },
				"up": { "uv": [ 0, 0, 0.5, 0.5 ], "texture": "#texture", "rotation": 270 },
				"north": { "uv": [ 0.5, 0.5, 0, 0 ], "texture": "#texture", "rotation": 180 },
				"south": { "uv": [ 0.5, 0.5, 0, 0 ], "texture": "#texture", "rotation": 180 },
				"west": { "uv": [ 0, 0, 0.5, 0.5 ], "texture": "#texture" },
				"east": { "uv": [ 0, 0, 0.5, 0.5 ], "texture": "#texture" }
			}
		},
		{
			"__comment": "Box1",
			"from": [ 7.25, 16, 6.625 ],
			"to": [ 7.625, 16.375, 9.375 ],
			"faces": {
				"down": { "uv": [ 0, 0, 0.5, 0.5 ], "texture": "#texture", "rotation": 180 },
				"up": { "uv": [ 0, 0, 0.5, 0.5 ], "texture": "#texture", "rotation": 180 },
				"north": { "uv": [ 0, 0, 0.5, 0.5 ], "texture": "#texture" },
				"south": { "uv": [ 0, 0, 0.5, 0.5 ], "texture": "#texture" },
				"west": { "uv": [ 0.5, 0.5, 0, 0 ], "texture": "#texture", "rotation": 180 },
				"east": { "uv": [ 0.5, 0.5, 0, 0 ], "texture": "#texture", "rotation": 180 }
			}
		},
		{
			"__comment": "Box1",
			"from": [ 8.375, 16, 6.625 ],
			"to": [ 8.75, 16.375, 9.375 ],
			"faces": {
				"down": { "uv": [ 0, 0, 0.5, 0.5 ], "texture": "#texture", "rotation": 180 },
				"up": { "uv": [ 0, 0, 0.5, 0.5 ], "texture": "#texture", "rotation": 180 },
				"north": { "uv": [ 0, 0, 0.5, 0.5 ], "texture": "#texture" },
				"south": { "uv": [ 0, 0, 0.5, 0.5 ], "texture": "#texture" },
				"west": { "uv": [ 0.5, 0.5, 0, 0 ], "texture": "#texture", "rotation": 180 },
				"east": { "uv": [ 0.5, 0.5, 0, 0 ], "texture": "#texture", "rotation": 180 }
			}
		},
		{
			"__comment": "Box1",
			"from": [ 8.375, 15, 6.625 ],
			"to": [ 8.625, 15.25, 9.375 ],
			"faces": {
				"down": { "uv": [ 0, 0, 0.5, 0.5 ], "texture": "#texture", "rotation": 180 },
				"up": { "uv": [ 0, 0, 0.5, 0.5 ], "texture": "#texture", "rotation": 180 },
				"north": { "uv": [ 0, 0, 0.5, 0.5 ], "texture": "#texture" },
				"south": { "uv": [ 0, 0, 0.5, 0.5 ], "texture": "#texture" },
				"west": { "uv": [ 0.5, 0.5, 0, 0 ], "texture": "#texture", "rotation": 180 },
				"east": { "uv": [ 0.5, 0.5, 0, 0 ], "texture": "#texture", "rotation": 180 }
			}
		},
		{
			"__comment": "Box1",
			"from": [ 8.375, 14, 6.625 ],
			"to": [ 8.5, 14.125, 9.375 ],
			"faces": {
				"down": { "uv": [ 0, 0, 0.5, 0.5 ], "texture": "#texture", "rotation": 180 },
				"up": { "uv": [ 0, 0, 0.5, 0.5 ], "texture": "#texture", "rotation": 180 },
				"north": { "uv": [ 0, 0, 0.5, 0.5 ], "texture": "#texture" },
				"south": { "uv": [ 0, 0, 0.5, 0.5 ], "texture": "#texture" },
				"west": { "uv": [ 0.5, 0.5, 0, 0 ], "texture": "#texture", "rotation": 180 },
				"east": { "uv": [ 0.5, 0.5, 0, 0 ], "texture": "#texture", "rotation": 180 }
			}
		},
		{
			"__comment": "Box1",
			"from": [ 7.5, 14, 6.625 ],
			"to": [ 7.625, 14.125, 9.375 ],
			"faces": {
				"down": { "uv": [ 0, 0, 0.5, 0.5 ], "texture": "#texture", "rotation": 180 },
				"up": { "uv": [ 0, 0, 0.5, 0.5 ], "texture": "#texture", "rotation": 180 },
				"north": { "uv": [ 0, 0, 0.5, 0.5 ], "texture": "#texture" },
				"south": { "uv": [ 0, 0, 0.5, 0.5 ], "texture": "#texture" },
				"west": { "uv": [ 0.5, 0.5, 0, 0 ], "texture": "#texture", "rotation": 180 },
				"east": { "uv": [ 0.5, 0.5, 0, 0 ], "texture": "#texture", "rotation": 180 }
			}
		},
		{
			"__comment": "Box1",
			"from": [ 7.375, 15, 6.625 ],
			"to": [ 7.625, 15.25, 9.375 ],
			"faces": {
				"down": { "uv": [ 0, 0, 0.5, 0.5 ], "texture": "#texture", "rotation": 180 },
				"up": { "uv": [ 0, 0, 0.5, 0.5 ], "texture": "#texture", "rotation": 180 },
				"north": { "uv": [ 0, 0, 0.5, 0.5 ], "texture": "#texture" },
				"south": { "uv": [ 0, 0, 0.5, 0.5 ], "texture": "#texture" },
				"west": { "uv": [ 0.5, 0.5, 0, 0 ], "texture": "#texture", "rotation": 180 },
				"east": { "uv": [ 0.5, 0.5, 0, 0 ], "texture": "#texture", "rotation": 180 }
			}
		},
		{
			"__comment": "Box1",
			"from": [ 4.25, 26.125, 8 ],
			"to": [ 4.75, 27.625, 8.5 ],
			"rotation": { "origin": [ 4.25, 26.125, 8 ], "axis": "y", "angle": 45 },
			"faces": {
				"down": { "uv": [ 8, 1, 8.5, 1.5 ], "texture": "#texture" },
				"up": { "uv": [ 8, 1, 8.5, 1.5 ], "texture": "#texture" },
				"north": { "uv": [ 8, 1, 8.5, 1.5 ], "texture": "#texture" },
				"south": { "uv": [ 8, 1, 8.5, 1.5 ], "texture": "#texture" },
				"west": { "uv": [ 8, 1, 8.5, 1.5 ], "texture": "#texture" },
				"east": { "uv": [ 8, 1, 8.5, 1.5 ], "texture": "#texture" }
			}
		},
		{
			"__comment": "Box1",
			"from": [ 11, 26.125, 8 ],
			"to": [ 11.5, 27.625, 8.5 ],
			"rotation": { "origin": [ 11, 26.125, 8 ], "axis": "y", "angle": 45 },
			"faces": {
				"down": { "uv": [ 8, 1, 8.5, 1.5 ], "texture": "#texture" },
				"up": { "uv": [ 8, 1, 8.5, 1.5 ], "texture": "#texture" },
				"north": { "uv": [ 8, 1, 8.5, 1.5 ], "texture": "#texture" },
				"south": { "uv": [ 8, 1, 8.5, 1.5 ], "texture": "#texture" },
				"west": { "uv": [ 8, 1, 8.5, 1.5 ], "texture": "#texture" },
				"east": { "uv": [ 8, 1, 8.5, 1.5 ], "texture": "#texture" }
			}
		},
		{
			"__comment": "Box1",
			"from": [ 8, 26.125, 4.5 ],
			"to": [ 8.5, 27.625, 5 ],
			"rotation": { "origin": [ 8, 26.125, 5 ], "axis": "y", "angle": 45 },
			"faces": {
				"down": { "uv": [ 8, 1, 8.5, 1.5 ], "texture": "#texture", "rotation": 90 },
				"up": { "uv": [ 8, 1, 8.5, 1.5 ], "texture": "#texture", "rotation": 270 },
				"north": { "uv": [ 8, 1, 8.5, 1.5 ], "texture": "#texture" },
				"south": { "uv": [ 8, 1, 8.5, 1.5 ], "texture": "#texture" },
				"west": { "uv": [ 8, 1, 8.5, 1.5 ], "texture": "#texture" },
				"east": { "uv": [ 8, 1, 8.5, 1.5 ], "texture": "#texture" }
			}
		},
		{
			"__comment": "Box1",
			"from": [ 8, 26.125, 11 ],
			"to": [ 8.5, 27.625, 11.5 ],
			"rotation": { "origin": [ 8, 26.125, 11 ], "axis": "y", "angle": -45 },
			"faces": {
				"down": { "uv": [ 8, 1, 8.5, 1.5 ], "texture": "#texture" },
				"up": { "uv": [ 8, 1, 8.5, 1.5 ], "texture": "#texture" },
				"north": { "uv": [ 8, 1, 8.5, 1.5 ], "texture": "#texture" },
				"south": { "uv": [ 8, 1, 8.5, 1.5 ], "texture": "#texture" },
				"west": { "uv": [ 8, 1, 8.5, 1.5 ], "texture": "#texture" },
				"east": { "uv": [ 8, 1, 8.5, 1.5 ], "texture": "#texture" }
			}
		}
	],
	"display": {
		"thirdperson_righthand": {
			"rotation":  [ 13, 13, 0 ],
			"translation":  [ 0, 4.1739, 2.0869 ],
			"scale":  [ 0.7, 0.7, 0.7 ]
		},
		"thirdperson_lefthand": {
			"rotation":  [ 13, 13, 0 ],
			"translation":  [ 0, 4.1739, 2.0869 ],
			"scale":  [ 0.7, 0.7, 0.7 ]
		},
		"firstperson_righthand": {
			"rotation":  [ -36, 19, 0 ],
			"translation":  [ 20.173, -9.041, -19.47 ]
		},
		"firstperson_lefthand": {
			"rotation":  [ -36, 19, 0 ],
			"translation":  [ 20.173, -9.041, -19.47 ]
		},
		"gui": {
			"rotation":  [ 31, -6, 43 ],
			"translation":  [ 0, 0.6963, 8.3478 ],
			"scale":  [ 0.5, 0.5, 0.5 ]
		},
		"ground": {
			"rotation":  [ -79, -23, 0 ],
			"scale":  [ 0.5, 0.5, 0.5 ]
		}
	}
}